site_name,date,indicator,conc,river_name,year,date_no_year
Hunt Club 3,2013-05-22T00:00:00Z,e.coli,0,Sasco Brook,2013,05-22
Indian 3,2006-08-10T00:00:00Z,e.coli,1,Indian River,2006,08-10
Hunt Club 5,2011-08-19T00:00:00Z,e.coli,0,Sasco Brook,2011,08-19
Hunt Club 5,2011-08-17T00:00:00Z,e.coli,0,Sasco Brook,2011,08-17
New 0.5,2013-09-26T00:00:00Z,e.coli,0,Greens Farms Brook,2013,09-26
Hunt Club 5,2011-08-18T00:00:00Z,e.coli,0,Sasco Brook,2011,08-18
Indian 1,2006-08-10T00:00:00Z,e.coli,1,Indian River,2006,08-10
New 1,1997-07-08T00:00:00Z,e.coli,0,Greens Farms Brook,1997,07-08
Sasco 1,2000-08-02T00:00:00Z,e.coli,0,Sasco Brook,2000,08-02
Sasco 1,2014-08-28T00:00:00Z,e.coli,0,Sasco Brook,2014,08-28
Hunt Club 2,2002-06-25T00:00:00Z,e.coli,2,Sasco Brook,2002,06-25
Deadman 9,2023-05-31T00:00:00Z,e.coli,2,Deadman Brook,2023,05-31
Indian 3.1,2022-08-15T00:00:00Z,e.coli,1553,Indian River,2022,08-15
New 1,2013-09-19T00:00:00Z,e.coli,2,Greens Farms Brook,2013,09-19
New 0.5,2023-05-04T00:00:00Z,entero,10,Greens Farms Brook,2023,05-04
Sasco 4,2022-05-09T00:00:00Z,e.coli,70,Sasco Brook,2022,05-09
Sasco 4,2022-05-09T00:00:00Z,entero,10,Sasco Brook,2022,05-09
New 1,2023-05-04T00:00:00Z,entero,10,Greens Farms Brook,2023,05-04
Sasco 1,2023-05-03T00:00:00Z,entero,10,Sasco Brook,2023,05-03
Indian 1,2005-05-05T00:00:00Z,e.coli,3,Indian River,2005,05-05
Deadman 9,2020-06-25T00:00:00Z,e.coli,3,Deadman Brook,2020,06-25
Saugatuck 0.25,2020-05-07T00:00:00Z,entero,10,Saugatuck River,2020,05-07
New 1,2006-05-25T00:00:00Z,e.coli,4,Greens Farms Brook,2006,05-25
Sasco 1,2022-05-09T00:00:00Z,entero,10,Sasco Brook,2022,05-09
Saugatuck 0.5,2020-05-07T00:00:00Z,entero,10,Saugatuck River,2020,05-07
Poplar 2,2006-08-24T00:00:00Z,e.coli,4,Saugatuck River,2006,08-24
Saugatuck 0.25,2021-05-11T00:00:00Z,entero,10,Saugatuck River,2021,05-11
SG1,2008-09-25T00:00:00Z,e.coli,4,Saugatuck River,2008,09-25
Deadman 9,2018-05-07T00:00:00Z,e.coli,4,Deadman Brook,2018,05-07
Saugatuck 0.75,2020-05-07T00:00:00Z,entero,10,Saugatuck River,2020,05-07
New 1,2013-09-26T00:00:00Z,e.coli,4,Greens Farms Brook,2013,09-26
Deadman 9,2018-07-09T00:00:00Z,e.coli,4,Deadman Brook,2018,07-09
Sasco 6,2016-08-08T00:00:00Z,e.coli,4,Sasco Brook,2016,08-08
Sasco 4,2023-05-18T00:00:00Z,e.coli,71,Sasco Brook,2023,05-18
Sasco 4,2023-05-18T00:00:00Z,entero,10,Sasco Brook,2023,05-18
Sasco 5,2016-09-12T00:00:00Z,e.coli,4,Sasco Brook,2016,09-12
Deadman 10,2013-07-29T00:00:00Z,e.coli,4,Deadman Brook,2013,07-29
Sasco 4,2016-08-29T00:00:00Z,e.coli,4,Sasco Brook,2016,08-29
Deadman 9,2023-09-05T00:00:00Z,e.coli,4,Deadman Brook,2023,09-05
Sasco 9,1995-08-31T00:00:00Z,e.coli,5,Sasco Brook,1995,08-31
Deadman 9,2018-06-18T00:00:00Z,e.coli,5,Deadman Brook,2018,06-18
Deadman 9,2020-08-24T00:00:00Z,e.coli,5,Deadman Brook,2020,08-24
Indian 3,2005-05-05T00:00:00Z,e.coli,6,Indian River,2005,05-05
Poplar 3,2009-06-02T00:00:00Z,e.coli,6,Saugatuck River,2009,06-02
New 0.5,2013-09-19T00:00:00Z,e.coli,6,Greens Farms Brook,2013,09-19
Sasco 1,2001-05-03T00:00:00Z,e.coli,6,Sasco Brook,2001,05-03
Deadman 9,2021-05-26T00:00:00Z,e.coli,6,Deadman Brook,2021,05-26
Stony 2,2023-06-08T00:00:00Z,e.coli,6,Stony Brook,2023,06-08
Deadman 9,2022-06-02T00:00:00Z,e.coli,6,Deadman Brook,2022,06-02
Deadman 9,2021-08-05T00:00:00Z,e.coli,6,Deadman Brook,2021,08-05
Deadman 9,2021-06-07T00:00:00Z,e.coli,7,Deadman Brook,2021,06-07
Deadman 9,2021-06-15T00:00:00Z,e.coli,7,Deadman Brook,2021,06-15
Saugatuck 0.75,2021-05-11T00:00:00Z,entero,10,Saugatuck River,2021,05-11
Sasco 1,2001-05-08T00:00:00Z,e.coli,8,Sasco Brook,2001,05-08
Indian 1,2007-05-10T00:00:00Z,e.coli,8,Indian River,2007,05-10
Sasco 5,2016-09-26T00:00:00Z,e.coli,8,Sasco Brook,2016,09-26
Sasco 2,2021-05-24T00:00:00Z,entero,10,Sasco Brook,2021,05-24
Stony 1,2013-09-18T00:00:00Z,e.coli,8,Stony Brook,2013,09-18
Sasco 1,2016-09-26T00:00:00Z,e.coli,8,Sasco Brook,2016,09-26
Deadman 9,2013-08-12T00:00:00Z,e.coli,8,Deadman Brook,2013,08-12
Saugatuck 0.5,2022-05-12T00:00:00Z,entero,10,Saugatuck River,2022,05-12
New 1,2012-07-31T00:00:00Z,e.coli,8,Greens Farms Brook,2012,07-31
SG1,2007-08-16T00:00:00Z,e.coli,8,Saugatuck River,2007,08-16
New 1,2013-09-12T00:00:00Z,e.coli,8,Greens Farms Brook,2013,09-12
SG1,2011-08-24T00:00:00Z,e.coli,9,Saugatuck River,2011,08-24
Poplar 1,2017-06-29T00:00:00Z,e.coli,9,Saugatuck River,2017,06-29
Poplar 1,2017-07-26T00:00:00Z,e.coli,10,Saugatuck River,2017,07-26
Saugatuck 2,2007-05-10T00:00:00Z,e.coli,10,Saugatuck River,2007,05-10
Sasco 6,2001-09-06T00:00:00Z,e.coli,10,Sasco Brook,2001,09-06
Sasco 8,2015-08-10T00:00:00Z,e.coli,10,Sasco Brook,2015,08-10
New 1,2006-08-23T00:00:00Z,e.coli,10,Greens Farms Brook,2006,08-23
Saugatuck 0.75,2022-05-12T00:00:00Z,entero,10,Saugatuck River,2022,05-12
Sasco 1,2019-06-04T00:00:00Z,entero,10,Sasco Brook,2019,06-04
Deadman 9,2020-06-02T00:00:00Z,e.coli,11,Deadman Brook,2020,06-02
Deadman 9,2022-07-05T00:00:00Z,e.coli,11,Deadman Brook,2022,07-05
Saugatuck 1,2005-05-05T00:00:00Z,e.coli,12,Saugatuck River,2005,05-05
Sasco 1,2016-05-19T00:00:00Z,e.coli,12,Sasco Brook,2016,05-19
Saugatuck 0.75,2021-05-19T00:00:00Z,entero,10,Saugatuck River,2021,05-19
Saugatuck 2,2011-09-13T00:00:00Z,e.coli,12,Saugatuck River,2011,09-13
Deadman 10,2013-08-12T00:00:00Z,e.coli,12,Deadman Brook,2013,08-12
Deadman 9,2013-07-29T00:00:00Z,e.coli,12,Deadman Brook,2013,07-29
Sasco 4,2023-05-31T00:00:00Z,e.coli,66,Sasco Brook,2023,05-31
Sasco 4,2023-05-31T00:00:00Z,entero,10,Sasco Brook,2023,05-31
Indian 3,1995-05-04T00:00:00Z,e.coli,12,Indian River,1995,05-04
New 0.5,2023-05-30T00:00:00Z,entero,10,Greens Farms Brook,2023,05-30
Stony 2,2022-05-12T00:00:00Z,e.coli,12,Stony Brook,2022,05-12
Deadman 9,2022-08-10T00:00:00Z,e.coli,14,Deadman Brook,2022,08-10
Indian 1,1995-05-04T00:00:00Z,e.coli,14,Indian River,1995,05-04
Deadman 9,2021-07-26T00:00:00Z,e.coli,14,Deadman Brook,2021,07-26
Deadman 4,2022-08-30T00:00:00Z,e.coli,14,Deadman Brook,2022,08-30
Deadman 4,2022-08-24T00:00:00Z,e.coli,15,Deadman Brook,2022,08-24
Sasco 1,2022-06-23T00:00:00Z,entero,10,Sasco Brook,2022,06-23
West Saug 1,2016-09-26T00:00:00Z,e.coli,16,Saugatuck River,2016,09-26
Deadman 4,2020-09-24T00:00:00Z,e.coli,16,Deadman Brook,2020,09-24
Poplar 4,2009-06-02T00:00:00Z,e.coli,16,Saugatuck River,2009,06-02
Sasco 1,2016-06-14T00:00:00Z,e.coli,16,Sasco Brook,2016,06-14
Saugatuck 0.25,2021-06-07T00:00:00Z,entero,10,Saugatuck River,2021,06-07
Sasco 3,2019-09-09T00:00:00Z,entero,10,Sasco Brook,2019,09-09
Saugatuck 0.75,2021-09-21T00:00:00Z,entero,10,Saugatuck River,2021,09-21
Saugatuck 0.25,2021-06-16T00:00:00Z,entero,10,Saugatuck River,2021,06-16
SG1,2008-08-14T00:00:00Z,e.coli,16,Saugatuck River,2008,08-14
Sasco 1,2016-09-12T00:00:00Z,e.coli,16,Sasco Brook,2016,09-12
Sasco 2,2023-05-31T00:00:00Z,entero,10,Sasco Brook,2023,05-31
New 0.5,2012-07-31T00:00:00Z,e.coli,16,Greens Farms Brook,2012,07-31
Sasco 1,2016-07-18T00:00:00Z,e.coli,16,Sasco Brook,2016,07-18
Sasco 1,2016-08-29T00:00:00Z,e.coli,16,Sasco Brook,2016,08-29
Deadman 9,2020-09-24T00:00:00Z,e.coli,16,Deadman Brook,2020,09-24
Deadman 4,2021-08-05T00:00:00Z,e.coli,17,Deadman Brook,2021,08-05
West Saug 1,2005-05-05T00:00:00Z,e.coli,17,Saugatuck River,2005,05-05
Saugatuck 0.25,2020-09-15T00:00:00Z,entero,10,Saugatuck River,2020,09-15
Deadman 8,2018-05-30T00:00:00Z,e.coli,17,Deadman Brook,2018,05-30
Deadman 9,2021-08-31T00:00:00Z,e.coli,17,Deadman Brook,2021,08-31
Saugatuck 2,2005-05-05T00:00:00Z,e.coli,18,Saugatuck River,2005,05-05
Sasco 1,2018-09-05T00:00:00Z,e.coli,18,Sasco Brook,2018,09-05
Saugatuck 1,2020-05-07T00:00:00Z,e.coli,19,Saugatuck River,2020,05-07
Sasco 6,2005-05-11T00:00:00Z,e.coli,19,Sasco Brook,2005,05-11
Deadman 9,2018-08-07T00:00:00Z,e.coli,19,Deadman Brook,2018,08-07
Indian 1,2006-05-04T00:00:00Z,e.coli,20,Indian River,2006,05-04
Sasco 1,2022-09-08T00:00:00Z,entero,10,Sasco Brook,2022,09-08
Saugatuck 0.25,2019-08-27T00:00:00Z,entero,10,Saugatuck River,2019,08-27
Saugatuck 2,2006-09-07T00:00:00Z,e.coli,20,Saugatuck River,2006,09-07
Saugatuck 0.25,2019-09-23T00:00:00Z,entero,10,Saugatuck River,2019,09-23
Saugatuck 0.75,2019-08-27T00:00:00Z,entero,10,Saugatuck River,2019,08-27
Sasco 6,2018-08-27T00:00:00Z,e.coli,20,Sasco Brook,2018,08-27
Hunt Club 1,2015-08-10T00:00:00Z,e.coli,20,Sasco Brook,2015,08-10
Deadman 9,2013-07-01T00:00:00Z,e.coli,20,Deadman Brook,2013,07-01
SG1,2007-07-24T00:00:00Z,e.coli,20,Saugatuck River,2007,07-24
Stony 1.5,2020-09-22T00:00:00Z,e.coli,615,Stony Brook,2020,09-22
Saugatuck 0.25,2019-09-12T00:00:00Z,entero,10,Saugatuck River,2019,09-12
Saugatuck 0.25,2019-08-15T00:00:00Z,entero,10,Saugatuck River,2019,08-15
Sasco 1,1999-07-22T00:00:00Z,e.coli,20,Sasco Brook,1999,07-22
Deadman 8,2021-05-26T00:00:00Z,e.coli,21,Deadman Brook,2021,05-26
Sasco 1,2019-08-14T00:00:00Z,entero,10,Sasco Brook,2019,08-14
Muddy 5,2017-05-04T00:00:00Z,e.coli,21,Muddy Brook,2017,05-04
Sasco 9,1997-05-08T00:00:00Z,e.coli,21,Sasco Brook,1997,05-08
Poplar 1,2017-06-06T00:00:00Z,e.coli,22,Saugatuck River,2017,06-06
Muddy 5,2018-05-07T00:00:00Z,e.coli,22,Muddy Brook,2018,05-07
New 0.5,2023-06-26T00:00:00Z,entero,10,Greens Farms Brook,2023,06-26
Poplar 1,2017-08-03T00:00:00Z,e.coli,22,Saugatuck River,2017,08-03
Poplar 1,2017-09-21T00:00:00Z,e.coli,22,Saugatuck River,2017,09-21
SG1,2007-05-10T00:00:00Z,e.coli,22,Saugatuck River,2007,05-10
SG1,2007-05-31T00:00:00Z,e.coli,22,Saugatuck River,2007,05-31
Sasco 1,2002-09-24T00:00:00Z,e.coli,22,Sasco Brook,2002,09-24
Deadman 9,2022-05-17T00:00:00Z,e.coli,22,Deadman Brook,2022,05-17
Saugatuck 2,2020-05-07T00:00:00Z,e.coli,23,Saugatuck River,2020,05-07
Sasco 1,2019-07-31T00:00:00Z,entero,10,Sasco Brook,2019,07-31
Deadman 9,2020-07-23T00:00:00Z,e.coli,23,Deadman Brook,2020,07-23
Poplar 1,2016-05-18T00:00:00Z,e.coli,24,Saugatuck River,2016,05-18
Sasco 6,2001-05-01T00:00:00Z,e.coli,24,Sasco Brook,2001,05-01
Indian 3,2007-05-31T00:00:00Z,e.coli,24,Indian River,2007,05-31
Saugatuck 0.25,2022-07-25T00:00:00Z,entero,10,Saugatuck River,2022,07-25
Poplar 4,2009-09-23T00:00:00Z,e.coli,24,Saugatuck River,2009,09-23
Poplar 2,2007-07-26T00:00:00Z,e.coli,24,Saugatuck River,2007,07-26
Deadman 9,2018-05-30T00:00:00Z,e.coli,24,Deadman Brook,2018,05-30
SG1,2008-08-28T00:00:00Z,e.coli,24,Saugatuck River,2008,08-28
Sasco 6,2016-08-29T00:00:00Z,e.coli,24,Sasco Brook,2016,08-29
Sasco 9,1999-08-02T00:00:00Z,e.coli,24,Sasco Brook,1999,08-02
SG1,2009-07-28T00:00:00Z,e.coli,24,Saugatuck River,2009,07-28
Sasco 5,2016-08-08T00:00:00Z,e.coli,24,Sasco Brook,2016,08-08
SG1,2008-07-10T00:00:00Z,e.coli,24,Saugatuck River,2008,07-10
Saugatuck 0.25,2020-07-20T00:00:00Z,entero,10,Saugatuck River,2020,07-20
Saugatuck 0.25,2020-08-13T00:00:00Z,entero,10,Saugatuck River,2020,08-13
West Saug 1,2020-09-15T00:00:00Z,e.coli,25,Saugatuck River,2020,09-15
Muddy 6,2022-05-03T00:00:00Z,e.coli,25,Muddy Brook,2022,05-03
Sasco 1,1999-07-26T00:00:00Z,e.coli,25,Sasco Brook,1999,07-26
Saugatuck 2,2021-08-03T00:00:00Z,e.coli,26,Saugatuck River,2021,08-03
Poplar 2,2009-06-02T00:00:00Z,e.coli,26,Saugatuck River,2009,06-02
Stony 2,2019-05-23T00:00:00Z,e.coli,26,Stony Brook,2019,05-23
Deadman 9,2020-08-12T00:00:00Z,e.coli,27,Deadman Brook,2020,08-12
Stony 2,2020-05-13T00:00:00Z,e.coli,27,Stony Brook,2020,05-13
Deadman 9,2022-05-11T00:00:00Z,e.coli,28,Deadman Brook,2022,05-11
Saugatuck 2,2020-05-20T00:00:00Z,e.coli,28,Saugatuck River,2020,05-20
Stony 5,2013-09-18T00:00:00Z,e.coli,28,Stony Brook,2013,09-18
Indian 2,2016-05-19T00:00:00Z,e.coli,28,Indian River,2016,05-19
SG1,2008-05-08T00:00:00Z,e.coli,28,Saugatuck River,2008,05-08
Poplar 1,2017-06-15T00:00:00Z,e.coli,28,Saugatuck River,2017,06-15
Saugatuck 1,2008-08-28T00:00:00Z,e.coli,28,Saugatuck River,2008,08-28
Sasco 1,2004-07-01T00:00:00Z,e.coli,28,Sasco Brook,2004,07-01
Sasco 6,2013-08-21T00:00:00Z,e.coli,28,Sasco Brook,2013,08-21
Poplar 3,2016-09-12T00:00:00Z,e.coli,28,Saugatuck River,2016,09-12
West Saug 1,2018-08-21T00:00:00Z,e.coli,28,Saugatuck River,2018,08-21
SG1,2007-09-13T00:00:00Z,e.coli,28,Saugatuck River,2007,09-13
SG1,2006-08-24T00:00:00Z,e.coli,28,Saugatuck River,2006,08-24
Deadman 9,2018-08-30T00:00:00Z,e.coli,28,Deadman Brook,2018,08-30
Sasco 1,1999-06-28T00:00:00Z,e.coli,28,Sasco Brook,1999,06-28
Sasco 5,2016-07-18T00:00:00Z,e.coli,28,Sasco Brook,2016,07-18
Saugatuck 0.75,2018-05-09T00:00:00Z,e.coli,29,Saugatuck River,2018,05-09
Deadman 8,2022-05-11T00:00:00Z,e.coli,29,Deadman Brook,2022,05-11
SG1,2008-05-22T00:00:00Z,e.coli,30,Saugatuck River,2008,05-22
Muddy 5,2018-09-24T00:00:00Z,e.coli,30,Muddy Brook,2018,09-24
Deadman 8,2018-05-07T00:00:00Z,e.coli,30,Deadman Brook,2018,05-07
West Saug 1,2018-05-09T00:00:00Z,e.coli,30,Saugatuck River,2018,05-09
Sasco 1,2001-09-19T00:00:00Z,e.coli,30,Sasco Brook,2001,09-19
Sasco 6,2000-08-08T00:00:00Z,e.coli,30,Sasco Brook,2000,08-08
Saugatuck 1,2018-05-09T00:00:00Z,e.coli,31,Saugatuck River,2018,05-09
Deadman 9,2022-08-24T00:00:00Z,e.coli,31,Deadman Brook,2022,08-24
Saugatuck 2,2021-08-17T00:00:00Z,e.coli,32,Saugatuck River,2021,08-17
Stony 5,2013-09-25T00:00:00Z,e.coli,32,Stony Brook,2013,09-25
Saugatuck 2,2018-05-09T00:00:00Z,e.coli,32,Saugatuck River,2018,05-09
Indian 3,2007-05-10T00:00:00Z,e.coli,32,Indian River,2007,05-10
West Saug 1,2007-05-10T00:00:00Z,e.coli,32,Saugatuck River,2007,05-10
Saugatuck 2,2011-08-24T00:00:00Z,e.coli,32,Saugatuck River,2011,08-24
SG1,2007-08-23T00:00:00Z,e.coli,32,Saugatuck River,2007,08-23
Saugatuck 1,2006-08-24T00:00:00Z,e.coli,32,Saugatuck River,2006,08-24
Hunt Club 1,2010-06-22T00:00:00Z,e.coli,32,Sasco Brook,2010,06-22
Poplar 2,2005-07-07T00:00:00Z,e.coli,32,Saugatuck River,2005,07-07
Poplar 4,2009-07-28T00:00:00Z,e.coli,32,Saugatuck River,2009,07-28
New 0.5,2012-08-14T00:00:00Z,e.coli,32,Greens Farms Brook,2012,08-14
Sasco 1,2001-08-01T00:00:00Z,e.coli,32,Sasco Brook,2001,08-01
Sasco 4,2016-08-08T00:00:00Z,e.coli,32,Sasco Brook,2016,08-08
Sasco 1,2002-07-22T00:00:00Z,e.coli,32,Sasco Brook,2002,07-22
Sasco 1,2002-08-20T00:00:00Z,e.coli,32,Sasco Brook,2002,08-20
Hunt Club 3,2012-07-02T00:00:00Z,e.coli,32,Sasco Brook,2012,07-02
Poplar 2,2005-05-05T00:00:00Z,e.coli,34,Saugatuck River,2005,05-05
Saugatuck 2,2005-08-04T00:00:00Z,e.coli,34,Saugatuck River,2005,08-04
Sasco 9,2022-05-09T00:00:00Z,e.coli,34,Sasco Brook,2022,05-09
Deadman 8,2022-08-24T00:00:00Z,e.coli,34,Deadman Brook,2022,08-24
Stony 2,2022-08-01T00:00:00Z,e.coli,34,Stony Brook,2022,08-01
Stony 4,2023-06-08T00:00:00Z,e.coli,35,Stony Brook,2023,06-08
Poplar 2,2005-05-19T00:00:00Z,e.coli,35,Saugatuck River,2005,05-19
Sasco 9,1995-09-07T00:00:00Z,e.coli,35,Sasco Brook,1995,09-07
Sasco 1,2018-05-14T00:00:00Z,e.coli,36,Sasco Brook,2018,05-14
Poplar 2,2006-09-21T00:00:00Z,e.coli,36,Saugatuck River,2006,09-21
Poplar 4,2010-06-09T00:00:00Z,e.coli,36,Saugatuck River,2010,06-09
New 1,2016-05-24T00:00:00Z,e.coli,36,Greens Farms Brook,2016,05-24
Saugatuck 1,2007-05-10T00:00:00Z,e.coli,36,Saugatuck River,2007,05-10
Deadman 9,2013-05-20T00:00:00Z,e.coli,36,Deadman Brook,2013,05-20
Deadman 3.5,2018-06-14T00:00:00Z,e.coli,36,Deadman Brook,2018,06-14
Poplar 2,2006-08-10T00:00:00Z,e.coli,36,Saugatuck River,2006,08-10
West Saug 1,2016-09-13T00:00:00Z,e.coli,36,Saugatuck River,2016,09-13
Saugatuck 2,2018-08-21T00:00:00Z,e.coli,36,Saugatuck River,2018,08-21
Indian 1,2005-06-02T00:00:00Z,e.coli,36,Indian River,2005,06-02
Sasco 7,2018-08-27T00:00:00Z,e.coli,36,Sasco Brook,2018,08-27
Sasco 8,2018-08-27T00:00:00Z,e.coli,36,Sasco Brook,2018,08-27
SG1,2011-09-13T00:00:00Z,e.coli,36,Saugatuck River,2011,09-13
Saugatuck 1,2018-08-21T00:00:00Z,e.coli,36,Saugatuck River,2018,08-21
Sasco 8,2015-08-20T00:00:00Z,e.coli,36,Sasco Brook,2015,08-20
Sasco 7,2015-08-20T00:00:00Z,e.coli,36,Sasco Brook,2015,08-20
Poplar 2,2010-09-18T00:00:00Z,e.coli,36,Saugatuck River,2010,09-18
Deadman 5,2022-08-24T00:00:00Z,e.coli,36,Deadman Brook,2022,08-24
Saugatuck 1,2021-05-11T00:00:00Z,e.coli,37,Saugatuck River,2021,05-11
SG1,2005-05-05T00:00:00Z,e.coli,37,Saugatuck River,2005,05-05
West Saug 1,2019-06-05T00:00:00Z,e.coli,37,Saugatuck River,2019,06-05
Deadman 8,2020-08-12T00:00:00Z,e.coli,37,Deadman Brook,2020,08-12
Sasco 6,2022-05-09T00:00:00Z,e.coli,38,Sasco Brook,2022,05-09
Saugatuck 2,2007-05-31T00:00:00Z,e.coli,38,Saugatuck River,2007,05-31
Deadman 3,2022-05-11T00:00:00Z,e.coli,39,Deadman Brook,2022,05-11
New 3,2023-05-15T00:00:00Z,e.coli,39,Greens Farms Brook,2023,05-15
Stony 5,2023-08-02T00:00:00Z,e.coli,39,Stony Brook,2023,08-02
Sasco 9,2001-05-01T00:00:00Z,e.coli,39,Sasco Brook,2001,05-01
Saugatuck 2,2011-09-21T00:00:00Z,e.coli,39,Saugatuck River,2011,09-21
Stony 2,2020-07-13T00:00:00Z,e.coli,40,Stony Brook,2020,07-13
Hunt Club 2,2005-05-11T00:00:00Z,e.coli,40,Sasco Brook,2005,05-11
Saugatuck 2,2016-09-26T00:00:00Z,e.coli,40,Saugatuck River,2016,09-26
Indian 3,2005-06-02T00:00:00Z,e.coli,40,Indian River,2005,06-02
Indian 2,2017-05-18T00:00:00Z,e.coli,40,Indian River,2017,05-18
Sasco 6,2000-07-18T00:00:00Z,e.coli,40,Sasco Brook,2000,07-18
SG1,2008-07-18T00:00:00Z,e.coli,40,Saugatuck River,2008,07-18
SG1,2008-07-18T00:00:00Z,e.coli,40,Saugatuck River,2008,07-18
Poplar 2,2017-06-15T00:00:00Z,e.coli,40,Saugatuck River,2017,06-15
Sasco 8,1996-08-08T00:00:00Z,e.coli,40,Sasco Brook,1996,08-08
Saugatuck 1,2011-09-13T00:00:00Z,e.coli,40,Saugatuck River,2011,09-13
SG1,2007-09-27T00:00:00Z,e.coli,40,Saugatuck River,2007,09-27
Poplar 3,2016-08-29T00:00:00Z,e.coli,40,Saugatuck River,2016,08-29
Sasco 1,2000-07-12T00:00:00Z,e.coli,40,Sasco Brook,2000,07-12
Saugatuck 0.5,2019-08-27T00:00:00Z,entero,20,Saugatuck River,2019,08-27
Sasco 9,2013-06-26T00:00:00Z,e.coli,40,Sasco Brook,2013,06-26
Deadman 10,2013-07-01T00:00:00Z,e.coli,40,Deadman Brook,2013,07-01
Sasco 5,2013-08-21T00:00:00Z,e.coli,40,Sasco Brook,2013,08-21
Deadman 8,2018-08-30T00:00:00Z,e.coli,40,Deadman Brook,2018,08-30
Sasco 1,2014-08-18T00:00:00Z,e.coli,40,Sasco Brook,2014,08-18
Sasco 9,2001-08-09T00:00:00Z,e.coli,40,Sasco Brook,2001,08-09
Saugatuck 0.75,2019-08-15T00:00:00Z,entero,20,Saugatuck River,2019,08-15
New 0.5,2013-09-12T00:00:00Z,e.coli,40,Greens Farms Brook,2013,09-12
Saugatuck 0.5,2021-05-19T00:00:00Z,entero,20,Saugatuck River,2021,05-19
Sasco 2,2018-08-27T00:00:00Z,e.coli,40,Sasco Brook,2018,08-27
Deadman 9,2013-07-16T00:00:00Z,e.coli,40,Deadman Brook,2013,07-16
Sasco 1,2001-07-31T00:00:00Z,e.coli,40,Sasco Brook,2001,07-31
Sasco 6,2010-08-18T00:00:00Z,e.coli,40,Sasco Brook,2010,08-18
Poplar 4 Side,2011-06-23T00:00:00Z,e.coli,40,Saugatuck River,2011,06-23
Deadman 9,2023-09-27T00:00:00Z,e.coli,40,Deadman Brook,2023,09-27
Deadman 8,2020-05-21T00:00:00Z,e.coli,40,Deadman Brook,2020,05-21
Saugatuck 2,2020-09-15T00:00:00Z,e.coli,41,Saugatuck River,2020,09-15
Saugatuck 2,2019-06-05T00:00:00Z,e.coli,41,Saugatuck River,2019,06-05
Saugatuck 2,2006-05-04T00:00:00Z,e.coli,42,Saugatuck River,2006,05-04
Saugatuck 1,2007-05-31T00:00:00Z,e.coli,42,Saugatuck River,2007,05-31
Poplar 4,2010-05-25T00:00:00Z,e.coli,42,Saugatuck River,2010,05-25
Stony 2,2022-06-08T00:00:00Z,e.coli,42,Stony Brook,2022,06-08
Stony 5,2020-07-13T00:00:00Z,e.coli,42,Stony Brook,2020,07-13
Saugatuck 0.5,2021-05-11T00:00:00Z,entero,20,Saugatuck River,2021,05-11
Deadman 3.5,2023-05-31T00:00:00Z,e.coli,43,Deadman Brook,2023,05-31
Stony 2,2023-08-17T00:00:00Z,e.coli,43,Stony Brook,2023,08-17
Stony 5,2020-08-12T00:00:00Z,e.coli,43,Stony Brook,2020,08-12
Deadman 8,2021-08-31T00:00:00Z,e.coli,43,Deadman Brook,2021,08-31
West Saug 1.5,2021-05-19T00:00:00Z,e.coli,44,Saugatuck River,2021,05-19
Saugatuck 1,2022-05-12T00:00:00Z,e.coli,44,Saugatuck River,2022,05-12
Sasco 6,1997-09-25T00:00:00Z,e.coli,44,Sasco Brook,1997,09-25
Sasco 9,2001-05-17T00:00:00Z,e.coli,44,Sasco Brook,2001,05-17
Poplar 1,2017-05-15T00:00:00Z,e.coli,44,Saugatuck River,2017,05-15
Indian 3,2006-05-18T00:00:00Z,e.coli,44,Indian River,2006,05-18
Saugatuck 2,2008-09-25T00:00:00Z,e.coli,44,Saugatuck River,2008,09-25
Sasco 7,2016-05-19T00:00:00Z,e.coli,44,Sasco Brook,2016,05-19
Sasco 2,2023-05-18T00:00:00Z,entero,20,Sasco Brook,2023,05-18
Poplar 2,2006-09-07T00:00:00Z,e.coli,44,Saugatuck River,2006,09-07
Saugatuck 0.25,2022-05-12T00:00:00Z,entero,20,Saugatuck River,2022,05-12
Indian 3,2017-05-18T00:00:00Z,e.coli,44,Indian River,2017,05-18
Pussy Willow 3,2012-05-29T00:00:00Z,e.coli,44,Pussy Willow Brook,2012,05-29
Deadman 9,2018-06-14T00:00:00Z,e.coli,44,Deadman Brook,2018,06-14
New 0.5,2023-05-15T00:00:00Z,entero,20,Greens Farms Brook,2023,05-15
Poplar 2,2005-08-18T00:00:00Z,e.coli,44,Saugatuck River,2005,08-18
Sasco 8,2014-08-12T00:00:00Z,e.coli,44,Sasco Brook,2014,08-12
Sasco 7,2014-08-12T00:00:00Z,e.coli,44,Sasco Brook,2014,08-12
SG1,2009-07-23T00:00:00Z,e.coli,44,Saugatuck River,2009,07-23
Saugatuck 0.75,2018-08-21T00:00:00Z,e.coli,44,Saugatuck River,2018,08-21
Sasco 1,2014-08-25T00:00:00Z,e.coli,44,Sasco Brook,2014,08-25
SG1,2006-08-10T00:00:00Z,e.coli,44,Saugatuck River,2006,08-10
Sasco 9,1997-05-29T00:00:00Z,e.coli,44,Sasco Brook,1997,05-29
Muddy 5,2022-05-03T00:00:00Z,e.coli,44,Muddy Brook,2022,05-03
West Saug 1,2017-05-04T00:00:00Z,e.coli,45,Saugatuck River,2017,05-04
Sasco 9,2005-05-11T00:00:00Z,e.coli,45,Sasco Brook,2005,05-11
Stony 2,2023-08-02T00:00:00Z,e.coli,45,Stony Brook,2023,08-02
West Saug 1,1995-05-13T00:00:00Z,e.coli,45,Saugatuck River,1995,05-13
Sasco 9,1997-05-15T00:00:00Z,e.coli,45,Sasco Brook,1997,05-15
New 1,1998-08-06T00:00:00Z,e.coli,45,Greens Farms Brook,1998,08-06
Saugatuck 2,2020-08-13T00:00:00Z,e.coli,46,Saugatuck River,2020,08-13
Saugatuck 2,2008-05-08T00:00:00Z,e.coli,46,Saugatuck River,2008,05-08
Muddy 6,2018-05-07T00:00:00Z,e.coli,46,Muddy Brook,2018,05-07
Saugatuck 0.25,2022-06-14T00:00:00Z,entero,20,Saugatuck River,2022,06-14
Saugatuck 2,2019-08-15T00:00:00Z,e.coli,46,Saugatuck River,2019,08-15
Deadman 3,2020-05-06T00:00:00Z,e.coli,46,Deadman Brook,2020,05-06
Sasco 7,2022-05-09T00:00:00Z,e.coli,46,Sasco Brook,2022,05-09
Muddy 4,2017-05-16T00:00:00Z,e.coli,47,Muddy Brook,2017,05-16
Stony 2,2019-06-11T00:00:00Z,e.coli,47,Stony Brook,2019,06-11
Muddy 2,2022-08-29T00:00:00Z,e.coli,47,Muddy Brook,2022,08-29
Poplar 2,2016-05-18T00:00:00Z,e.coli,48,Saugatuck River,2016,05-18
Sasco 5,2016-05-19T00:00:00Z,e.coli,48,Sasco Brook,2016,05-19
Saugatuck 1,2008-09-25T00:00:00Z,e.coli,48,Saugatuck River,2008,09-25
Indian 3,2006-09-21T00:00:00Z,e.coli,48,Indian River,2006,09-21
Sasco 9,2016-05-19T00:00:00Z,e.coli,48,Sasco Brook,2016,05-19
Sasco 1,2010-06-08T00:00:00Z,e.coli,48,Sasco Brook,2010,06-08
SG1,2008-09-11T00:00:00Z,e.coli,48,Saugatuck River,2008,09-11
Poplar 2,2009-09-23T00:00:00Z,e.coli,48,Saugatuck River,2009,09-23
Saugatuck 0.5,2018-05-31T00:00:00Z,e.coli,48,Saugatuck River,2018,05-31
Saugatuck 0.5,2020-09-15T00:00:00Z,entero,20,Saugatuck River,2020,09-15
SG1,2008-06-26T00:00:00Z,e.coli,48,Saugatuck River,2008,06-26
Sasco 2,2016-08-29T00:00:00Z,e.coli,48,Sasco Brook,2016,08-29
Poplar 3,2009-07-28T00:00:00Z,e.coli,48,Saugatuck River,2009,07-28
Hunt Club 1,2023-05-03T00:00:00Z,e.coli,49,Sasco Brook,2023,05-03
Deadman 5,2020-08-12T00:00:00Z,e.coli,49,Deadman Brook,2020,08-12
Saugatuck 0.25,2018-05-09T00:00:00Z,e.coli,49,Saugatuck River,2018,05-09
Deadman 7,2020-09-24T00:00:00Z,e.coli,49,Deadman Brook,2020,09-24
Deadman 3.5,2020-05-21T00:00:00Z,e.coli,50,Deadman Brook,2020,05-21
Saugatuck 2,2020-08-27T00:00:00Z,e.coli,50,Saugatuck River,2020,08-27
Saugatuck 2,2017-05-04T00:00:00Z,e.coli,50,Saugatuck River,2017,05-04
Sasco 6,1995-08-31T00:00:00Z,e.coli,50,Sasco Brook,1995,08-31
Poplar 4,2017-07-26T00:00:00Z,e.coli,50,Saugatuck River,2017,07-26
Saugatuck 2,2017-06-29T00:00:00Z,e.coli,50,Saugatuck River,2017,06-29
Pussy Willow 3,2013-06-17T00:00:00Z,e.coli,50,Pussy Willow Brook,2013,06-17
Poplar 4,2009-06-22T00:00:00Z,e.coli,50,Saugatuck River,2009,06-22
Hunt Club 3,2015-08-13T00:00:00Z,e.coli,50,Sasco Brook,2015,08-13
Sasco 1,2022-09-21T00:00:00Z,entero,20,Sasco Brook,2022,09-21
SG1,2009-06-22T00:00:00Z,e.coli,50,Saugatuck River,2009,06-22
Sasco 8,2014-06-17T00:00:00Z,e.coli,50,Sasco Brook,2014,06-17
Sasco 6,2011-08-18T00:00:00Z,e.coli,50,Sasco Brook,2011,08-18
Saugatuck 2,2005-07-07T00:00:00Z,e.coli,50,Saugatuck River,2005,07-07
Poplar 2,2016-08-29T00:00:00Z,e.coli,50,Saugatuck River,2016,08-29
Poplar 4,2016-08-29T00:00:00Z,e.coli,50,Saugatuck River,2016,08-29
SG1,2007-07-18T00:00:00Z,e.coli,50,Saugatuck River,2007,07-18
New 1,2023-07-31T00:00:00Z,entero,20,Greens Farms Brook,2023,07-31
Sasco 1,2001-09-12T00:00:00Z,e.coli,50,Sasco Brook,2001,09-12
Sasco 1,2014-08-04T00:00:00Z,e.coli,50,Sasco Brook,2014,08-04
Sasco 8,2011-08-18T00:00:00Z,e.coli,50,Sasco Brook,2011,08-18
Sasco 8,2011-08-19T00:00:00Z,e.coli,50,Sasco Brook,2011,08-19
Stony 2,2023-07-18T00:00:00Z,e.coli,50,Stony Brook,2023,07-18
Saugatuck 0.5,2021-08-03T00:00:00Z,entero,20,Saugatuck River,2021,08-03
Deadman 4,2020-05-21T00:00:00Z,e.coli,50,Deadman Brook,2020,05-21
Deadman 4,2020-06-02T00:00:00Z,e.coli,50,Deadman Brook,2020,06-02
Saugatuck 1,2005-05-19T00:00:00Z,e.coli,51,Saugatuck River,2005,05-19
Pussy Willow 3,2019-05-08T00:00:00Z,e.coli,51,Pussy Willow Brook,2019,05-08
Saugatuck 1,2021-05-19T00:00:00Z,e.coli,51,Saugatuck River,2021,05-19
West Saug 1.5,2021-08-03T00:00:00Z,e.coli,51,Saugatuck River,2021,08-03
Sasco 6,1997-05-08T00:00:00Z,e.coli,52,Sasco Brook,1997,05-08
Sasco 6,1997-05-15T00:00:00Z,e.coli,52,Sasco Brook,1997,05-15
Sasco 6,1997-09-18T00:00:00Z,e.coli,52,Sasco Brook,1997,09-18
Sasco 6,1997-09-21T00:00:00Z,e.coli,52,Sasco Brook,1997,09-21
Deadman 3.5,2020-05-06T00:00:00Z,e.coli,52,Deadman Brook,2020,05-06
Muddy 5,2017-05-16T00:00:00Z,e.coli,52,Muddy Brook,2017,05-16
Saugatuck 1,2008-05-22T00:00:00Z,e.coli,52,Saugatuck River,2008,05-22
Deadman 2,2012-09-25T00:00:00Z,e.coli,52,Deadman Brook,2012,09-25
Poplar 1,2016-06-13T00:00:00Z,e.coli,52,Saugatuck River,2016,06-13
Deadman 7,2018-05-07T00:00:00Z,e.coli,52,Deadman Brook,2018,05-07
Saugatuck 2,2006-09-21T00:00:00Z,e.coli,52,Saugatuck River,2006,09-21
Poplar 2,2007-05-10T00:00:00Z,e.coli,52,Saugatuck River,2007,05-10
Saugatuck 2,2011-06-03T00:00:00Z,e.coli,52,Saugatuck River,2011,06-03
Poplar 4,2016-06-13T00:00:00Z,e.coli,52,Saugatuck River,2016,06-13
Deadman 9,2018-09-24T00:00:00Z,e.coli,52,Deadman Brook,2018,09-24
Indian 3,2006-09-07T00:00:00Z,e.coli,52,Indian River,2006,09-07
Poplar 2,2007-08-16T00:00:00Z,e.coli,52,Saugatuck River,2007,08-16
West Saug 1,2007-09-27T00:00:00Z,e.coli,52,Saugatuck River,2007,09-27
Saugatuck 2,2008-06-26T00:00:00Z,e.coli,52,Saugatuck River,2008,06-26
Poplar 2,2009-07-08T00:00:00Z,e.coli,52,Saugatuck River,2009,07-08
Sasco 6,2013-08-07T00:00:00Z,e.coli,52,Sasco Brook,2013,08-07
Saugatuck 2,2006-08-24T00:00:00Z,e.coli,52,Saugatuck River,2006,08-24
Saugatuck 2,2006-08-10T00:00:00Z,e.coli,52,Saugatuck River,2006,08-10
Saugatuck 2,2008-08-14T00:00:00Z,e.coli,52,Saugatuck River,2008,08-14
Sasco 8,2016-08-08T00:00:00Z,e.coli,52,Sasco Brook,2016,08-08
Saugatuck 2,2007-07-26T00:00:00Z,e.coli,52,Saugatuck River,2007,07-26
Poplar 4,2011-07-07T00:00:00Z,e.coli,52,Saugatuck River,2011,07-07
Saugatuck 1,2008-07-10T00:00:00Z,e.coli,52,Saugatuck River,2008,07-10
Deadman 9,2018-07-25T00:00:00Z,e.coli,52,Deadman Brook,2018,07-25
Muddy 4,2022-05-03T00:00:00Z,e.coli,52,Muddy Brook,2022,05-03
Stony 2,2022-07-07T00:00:00Z,e.coli,52,Stony Brook,2022,07-07
Hunt Club 1,2023-05-31T00:00:00Z,e.coli,53,Sasco Brook,2023,05-31
Muddy 4,2019-05-21T00:00:00Z,e.coli,53,Muddy Brook,2019,05-21
Sasco 1,2001-08-08T00:00:00Z,e.coli,53,Sasco Brook,2001,08-08
Indian 1,2022-08-15T00:00:00Z,e.coli,54,Indian River,2022,08-15
New 0.5,2023-08-29T00:00:00Z,entero,20,Greens Farms Brook,2023,08-29
Saugatuck 1,2006-05-04T00:00:00Z,e.coli,54,Saugatuck River,2006,05-04
Saugatuck 1,2008-05-08T00:00:00Z,e.coli,54,Saugatuck River,2008,05-08
West Saug 1,2006-05-04T00:00:00Z,e.coli,54,Saugatuck River,2006,05-04
Deadman 8,2018-06-18T00:00:00Z,e.coli,54,Deadman Brook,2018,06-18
Sasco 6,2018-09-05T00:00:00Z,e.coli,54,Sasco Brook,2018,09-05
Saugatuck 2,2005-07-21T00:00:00Z,e.coli,54,Saugatuck River,2005,07-21
Saugatuck 2,2021-05-11T00:00:00Z,e.coli,55,Saugatuck River,2021,05-11
Sasco 9,1998-05-16T00:00:00Z,e.coli,55,Sasco Brook,1998,05-16
Sasco 1,2023-09-12T00:00:00Z,entero,20,Sasco Brook,2023,09-12
Stony 4,2020-09-22T00:00:00Z,e.coli,56,Stony Brook,2020,09-22
Poplar 1,2017-05-10T00:00:00Z,e.coli,56,Saugatuck River,2017,05-10
Sasco 9,2018-05-14T00:00:00Z,e.coli,56,Sasco Brook,2018,05-14
New 2,2006-05-25T00:00:00Z,e.coli,56,Greens Farms Brook,2006,05-25
Indian 3,2005-05-19T00:00:00Z,e.coli,56,Indian River,2005,05-19
Sasco 1,2003-05-29T00:00:00Z,e.coli,56,Sasco Brook,2003,05-29
Hunt Club 4,2010-06-09T00:00:00Z,e.coli,56,Sasco Brook,2010,06-09
Sasco 4,2016-05-19T00:00:00Z,e.coli,56,Sasco Brook,2016,05-19
Saugatuck 1,2017-09-11T00:00:00Z,e.coli,56,Saugatuck River,2017,09-11
Poplar 1.5,2010-06-09T00:00:00Z,e.coli,56,Saugatuck River,2010,06-09
Sasco 2,2016-05-19T00:00:00Z,e.coli,56,Sasco Brook,2016,05-19
SG1,2006-09-21T00:00:00Z,e.coli,56,Saugatuck River,2006,09-21
SG1,2011-09-21T00:00:00Z,e.coli,56,Saugatuck River,2011,09-21
Poplar 4,2017-06-15T00:00:00Z,e.coli,56,Saugatuck River,2017,06-15
Sasco 1,2022-08-22T00:00:00Z,entero,20,Sasco Brook,2022,08-22
Saugatuck 1,2008-07-18T00:00:00Z,e.coli,56,Saugatuck River,2008,07-18
Indian 1,2006-09-07T00:00:00Z,e.coli,56,Indian River,2006,09-07
New 0.5,2012-07-17T00:00:00Z,e.coli,56,Greens Farms Brook,2012,07-17
Sasco 2,2014-08-25T00:00:00Z,e.coli,56,Sasco Brook,2014,08-25
SG1,2008-08-15T00:00:00Z,e.coli,56,Saugatuck River,2008,08-15
Poplar 4,2017-06-29T00:00:00Z,e.coli,56,Saugatuck River,2017,06-29
Muddy 6,2017-05-04T00:00:00Z,e.coli,57,Muddy Brook,2017,05-04
Poplar 2,2008-05-10T00:00:00Z,e.coli,57,Saugatuck River,2008,05-10
Saugatuck 1,2017-05-04T00:00:00Z,e.coli,58,Saugatuck River,2017,05-04
Sasco 6,1995-09-28T00:00:00Z,e.coli,58,Sasco Brook,1995,09-28
Sasco 3,1995-06-01T00:00:00Z,e.coli,58,Sasco Brook,1995,06-01
Sasco 9,1995-08-25T00:00:00Z,e.coli,58,Sasco Brook,1995,08-25
Sasco 9,1996-07-30T00:00:00Z,e.coli,58,Sasco Brook,1996,07-30
Sasco 9,1995-08-03T00:00:00Z,e.coli,58,Sasco Brook,1995,08-03
Indian 2,1995-05-04T00:00:00Z,e.coli,58,Indian River,1995,05-04
New 1,1997-07-31T00:00:00Z,e.coli,58,Greens Farms Brook,1997,07-31
Sasco 9,2000-08-08T00:00:00Z,e.coli,58,Sasco Brook,2000,08-08
Saugatuck 1,2021-08-03T00:00:00Z,e.coli,58,Saugatuck River,2021,08-03
Saugatuck 2,2021-07-29T00:00:00Z,e.coli,58,Saugatuck River,2021,07-29
Muddy 5,2022-08-29T00:00:00Z,e.coli,59,Muddy Brook,2022,08-29
Deadman 3.5,2021-05-26T00:00:00Z,e.coli,59,Deadman Brook,2021,05-26
Sasco 9,1997-06-05T00:00:00Z,e.coli,60,Sasco Brook,1997,06-05
Pussy Willow 2,2006-05-25T00:00:00Z,e.coli,60,Pussy Willow Brook,2006,05-25
Sasco 7,2016-09-26T00:00:00Z,e.coli,60,Sasco Brook,2016,09-26
West Saug 1,2017-09-11T00:00:00Z,e.coli,60,Saugatuck River,2017,09-11
SG1,2005-05-19T00:00:00Z,e.coli,60,Saugatuck River,2005,05-19
New 2,2006-09-13T00:00:00Z,e.coli,60,Greens Farms Brook,2006,09-13
Saugatuck 2,2017-05-22T00:00:00Z,e.coli,60,Saugatuck River,2017,05-22
Poplar 4,2010-05-22T00:00:00Z,e.coli,60,Saugatuck River,2010,05-22
Saugatuck 1,2006-09-21T00:00:00Z,e.coli,60,Saugatuck River,2006,09-21
West Saug 1,2018-06-06T00:00:00Z,e.coli,60,Saugatuck River,2018,06-06
Poplar 2,2011-06-15T00:00:00Z,e.coli,60,Saugatuck River,2011,06-15
Poplar 1,2016-08-29T00:00:00Z,e.coli,60,Saugatuck River,2016,08-29
Saugatuck 1,2019-08-27T00:00:00Z,e.coli,60,Saugatuck River,2019,08-27
Sasco 9,2011-05-27T00:00:00Z,e.coli,60,Sasco Brook,2011,05-27
Sasco 8,2014-06-23T00:00:00Z,e.coli,60,Sasco Brook,2014,06-23
Saugatuck 0.75,2018-09-25T00:00:00Z,e.coli,60,Saugatuck River,2018,09-25
Sasco 1,2014-06-11T00:00:00Z,e.coli,60,Sasco Brook,2014,06-11
Sasco 1,2001-06-04T00:00:00Z,e.coli,60,Sasco Brook,2001,06-04
Poplar 4,2009-06-29T00:00:00Z,e.coli,60,Saugatuck River,2009,06-29
SG1,2009-07-08T00:00:00Z,e.coli,60,Saugatuck River,2009,07-08
Saugatuck 1,2007-08-15T00:00:00Z,e.coli,60,Saugatuck River,2007,08-15
Poplar 3,2016-07-13T00:00:00Z,e.coli,60,Saugatuck River,2016,07-13
Sasco 7,2015-08-14T00:00:00Z,e.coli,60,Sasco Brook,2015,08-14
Sasco 8,2015-08-14T00:00:00Z,e.coli,60,Sasco Brook,2015,08-14
Sasco 7,2010-06-25T00:00:00Z,e.coli,60,Sasco Brook,2010,06-25
Sasco 8,2014-07-23T00:00:00Z,e.coli,60,Sasco Brook,2014,07-23
Sasco 7,2014-07-23T00:00:00Z,e.coli,60,Sasco Brook,2014,07-23
Sasco 8,2018-07-16T00:00:00Z,e.coli,60,Sasco Brook,2018,07-16
Saugatuck 2,2018-08-08T00:00:00Z,e.coli,60,Saugatuck River,2018,08-08
Sasco 1,2016-06-29T00:00:00Z,e.coli,60,Sasco Brook,2016,06-29
Sasco 9,2016-08-29T00:00:00Z,e.coli,60,Sasco Brook,2016,08-29
Indian 1,2007-07-12T00:00:00Z,e.coli,60,Indian River,2007,07-12
Sasco 1,2023-06-13T00:00:00Z,entero,22,Sasco Brook,2023,06-13
Saugatuck 1,2022-07-07T00:00:00Z,e.coli,60,Saugatuck River,2022,07-07
Sasco 6,2022-09-21T00:00:00Z,e.coli,61,Sasco Brook,2022,09-21
West Saug 1,2019-08-27T00:00:00Z,e.coli,61,Saugatuck River,2019,08-27
Stony 3,2022-08-15T00:00:00Z,e.coli,61,Stony Brook,2022,08-15
Stony 2,2022-06-14T00:00:00Z,e.coli,61,Stony Brook,2022,06-14
Poplar 2,2017-05-10T00:00:00Z,e.coli,62,Saugatuck River,2017,05-10
Sasco 8,2018-05-14T00:00:00Z,e.coli,62,Sasco Brook,2018,05-14
Deadman 9,2022-06-13T00:00:00Z,e.coli,62,Deadman Brook,2022,06-13
West Saug 1.5,2021-07-29T00:00:00Z,e.coli,62,Saugatuck River,2021,07-29
Deadman 9,2020-07-09T00:00:00Z,e.coli,62,Deadman Brook,2020,07-09
Sasco 6,2023-05-18T00:00:00Z,e.coli,62,Sasco Brook,2023,05-18
Muddy 3,2022-05-03T00:00:00Z,e.coli,62,Muddy Brook,2022,05-03
Deadman 4,2020-06-25T00:00:00Z,e.coli,63,Deadman Brook,2020,06-25
Sasco 6,2001-05-17T00:00:00Z,e.coli,63,Sasco Brook,2001,05-17
Stony 2,2022-05-23T00:00:00Z,e.coli,63,Stony Brook,2022,05-23
Deadman 4,2022-08-10T00:00:00Z,e.coli,63,Deadman Brook,2022,08-10
Stony 2,2023-06-26T00:00:00Z,e.coli,63,Stony Brook,2023,06-26
Stony 3,2022-05-12T00:00:00Z,e.coli,64,Stony Brook,2022,05-12
Muddy 6,2017-05-16T00:00:00Z,e.coli,64,Muddy Brook,2017,05-16
Hunt Club 1,2010-05-18T00:00:00Z,e.coli,64,Sasco Brook,2010,05-18
Sasco 7,2018-05-14T00:00:00Z,e.coli,64,Sasco Brook,2018,05-14
Muddy 2,2017-05-16T00:00:00Z,e.coli,64,Muddy Brook,2017,05-16
Sasco 6,2016-09-26T00:00:00Z,e.coli,64,Sasco Brook,2016,09-26
Hunt Club 4,2013-05-22T00:00:00Z,e.coli,64,Sasco Brook,2013,05-22
Saugatuck 2,2006-05-18T00:00:00Z,e.coli,64,Saugatuck River,2006,05-18
Saugatuck 1,2011-05-23T00:00:00Z,e.coli,64,Saugatuck River,2011,05-23
Sasco 6,2016-05-19T00:00:00Z,e.coli,64,Sasco Brook,2016,05-19
Sasco 6,2019-06-04T00:00:00Z,e.coli,64,Sasco Brook,2019,06-04
Poplar 3,2016-05-18T00:00:00Z,e.coli,64,Saugatuck River,2016,05-18
Poplar 4,2011-06-15T00:00:00Z,e.coli,64,Saugatuck River,2011,06-15
Saugatuck 2,2017-06-05T00:00:00Z,e.coli,64,Saugatuck River,2017,06-05
Stony 3,2013-09-25T00:00:00Z,e.coli,64,Stony Brook,2013,09-25
West Saug 1,2008-09-11T00:00:00Z,e.coli,64,Saugatuck River,2008,09-11
Poplar 1.5,2011-06-15T00:00:00Z,e.coli,64,Saugatuck River,2011,06-15
Saugatuck 2,2008-09-11T00:00:00Z,e.coli,64,Saugatuck River,2008,09-11
Stony 1,2022-05-12T00:00:00Z,e.coli,48,Stony Brook,2022,05-12
Stony 1,2022-05-12T00:00:00Z,entero,30,Stony Brook,2022,05-12
Saugatuck 2,2007-08-23T00:00:00Z,e.coli,64,Saugatuck River,2007,08-23
Stony 3,2013-09-18T00:00:00Z,e.coli,64,Stony Brook,2013,09-18
Poplar 2,2017-09-05T00:00:00Z,e.coli,64,Saugatuck River,2017,09-05
Poplar 2,2005-08-04T00:00:00Z,e.coli,64,Saugatuck River,2005,08-04
West Saug 1,2007-05-31T00:00:00Z,e.coli,64,Saugatuck River,2007,05-31
Saugatuck 2,2008-08-28T00:00:00Z,e.coli,64,Saugatuck River,2008,08-28
Saugatuck 1,2011-08-24T00:00:00Z,e.coli,64,Saugatuck River,2011,08-24
Deadman 4,2013-08-12T00:00:00Z,e.coli,64,Deadman Brook,2013,08-12
Sasco 7,2016-08-08T00:00:00Z,e.coli,64,Sasco Brook,2016,08-08
Saugatuck 1,2008-08-14T00:00:00Z,e.coli,64,Saugatuck River,2008,08-14
Sasco 6,2003-08-23T00:00:00Z,e.coli,64,Sasco Brook,2003,08-23
Poplar 2,2011-07-07T00:00:00Z,e.coli,64,Saugatuck River,2011,07-07
West Saug 1,2016-06-02T00:00:00Z,e.coli,64,Saugatuck River,2016,06-02
Saugatuck 0.75,2022-08-15T00:00:00Z,entero,30,Saugatuck River,2022,08-15
Sasco 1,2018-08-27T00:00:00Z,e.coli,64,Sasco Brook,2018,08-27
Sasco 6,2023-05-31T00:00:00Z,e.coli,65,Sasco Brook,2023,05-31
Muddy 1,2022-08-15T00:00:00Z,e.coli,66,Muddy Brook,2022,08-15
Sasco 6,2022-08-22T00:00:00Z,e.coli,66,Sasco Brook,2022,08-22
New 1,2023-08-29T00:00:00Z,entero,30,Greens Farms Brook,2023,08-29
Sasco 1,2021-06-29T00:00:00Z,entero,30,Sasco Brook,2021,06-29
Sasco 6,1995-05-06T00:00:00Z,e.coli,66,Sasco Brook,1995,05-06
Sasco 6,1997-09-11T00:00:00Z,e.coli,66,Sasco Brook,1997,09-11
Sasco 6,1995-09-07T00:00:00Z,e.coli,66,Sasco Brook,1995,09-07
Sasco 5,1999-07-13T00:00:00Z,e.coli,66,Sasco Brook,1999,07-13
West Saug 1,2008-05-22T00:00:00Z,e.coli,66,Saugatuck River,2008,05-22
Pussy Willow 2.5,2019-05-08T00:00:00Z,e.coli,66,Pussy Willow Brook,2019,05-08
Muddy 5,2019-05-21T00:00:00Z,e.coli,66,Muddy Brook,2019,05-21
Sasco 9,2019-09-16T00:00:00Z,e.coli,66,Sasco Brook,2019,09-16
Sasco 6,2018-07-30T00:00:00Z,e.coli,66,Sasco Brook,2018,07-30
Sasco 4,2016-06-29T00:00:00Z,e.coli,66,Sasco Brook,2016,06-29
Stony 5,2023-06-08T00:00:00Z,e.coli,66,Stony Brook,2023,06-08
Deadman 9,2020-05-21T00:00:00Z,e.coli,66,Deadman Brook,2020,05-21
Stony 5,2022-07-25T00:00:00Z,e.coli,66,Stony Brook,2022,07-25
Muddy 6,2022-05-17T00:00:00Z,e.coli,67,Muddy Brook,2022,05-17
Deadman 3.5,2022-05-11T00:00:00Z,e.coli,67,Deadman Brook,2022,05-11
Deadman 9,2020-05-06T00:00:00Z,e.coli,67,Deadman Brook,2020,05-06
Deadman 9,2023-08-09T00:00:00Z,e.coli,67,Deadman Brook,2023,08-09
New 0.5,2023-07-27T00:00:00Z,entero,30,Greens Farms Brook,2023,07-27
Deadman 5,2020-05-06T00:00:00Z,e.coli,68,Deadman Brook,2020,05-06
Muddy 3,2017-05-16T00:00:00Z,e.coli,68,Muddy Brook,2017,05-16
Sasco 6,2005-05-24T00:00:00Z,e.coli,68,Sasco Brook,2005,05-24
Deadman 8,2018-09-24T00:00:00Z,e.coli,68,Deadman Brook,2018,09-24
Poplar 1,2017-09-05T00:00:00Z,e.coli,68,Saugatuck River,2017,09-05
Poplar 2,2016-06-13T00:00:00Z,e.coli,68,Saugatuck River,2016,06-13
Saugatuck 1,2011-09-21T00:00:00Z,e.coli,68,Saugatuck River,2011,09-21
Saugatuck 1,2008-09-11T00:00:00Z,e.coli,68,Saugatuck River,2008,09-11
Deadman 3,2012-09-18T00:00:00Z,e.coli,68,Deadman Brook,2012,09-18
Saugatuck 2,2016-08-09T00:00:00Z,e.coli,68,Saugatuck River,2016,08-09
Saugatuck 2,2018-08-01T00:00:00Z,e.coli,68,Saugatuck River,2018,08-01
Sasco 7,2010-06-22T00:00:00Z,e.coli,68,Sasco Brook,2010,06-22
Sasco 3,2022-05-09T00:00:00Z,e.coli,46,Sasco Brook,2022,05-09
Sasco 3,2022-05-09T00:00:00Z,entero,31,Sasco Brook,2022,05-09
Saugatuck 2,2011-07-13T00:00:00Z,e.coli,68,Saugatuck River,2011,07-13
Poplar 2,2009-07-23T00:00:00Z,e.coli,68,Saugatuck River,2009,07-23
Sasco 7,2014-07-09T00:00:00Z,e.coli,68,Sasco Brook,2014,07-09
Sasco 8,2014-07-09T00:00:00Z,e.coli,68,Sasco Brook,2014,07-09
West Saug 1,2016-07-19T00:00:00Z,e.coli,68,Saugatuck River,2016,07-19
Sasco 2,2014-08-18T00:00:00Z,e.coli,68,Sasco Brook,2014,08-18
Sasco 1,2014-06-23T00:00:00Z,e.coli,68,Sasco Brook,2014,06-23
Saugatuck 0.75,2020-05-20T00:00:00Z,entero,31,Saugatuck River,2020,05-20
Indian 1,2005-08-04T00:00:00Z,e.coli,68,Indian River,2005,08-04
Deadman 7,2020-07-23T00:00:00Z,e.coli,68,Deadman Brook,2020,07-23
Hunt Club 2,2023-05-31T00:00:00Z,e.coli,68,Sasco Brook,2023,05-31
West Saug 1.5,2021-08-17T00:00:00Z,e.coli,68,Saugatuck River,2021,08-17
Saugatuck 1,2021-08-17T00:00:00Z,e.coli,70,Saugatuck River,2021,08-17
Sasco 9,1996-08-05T00:00:00Z,e.coli,70,Sasco Brook,1996,08-05
Poplar 1,2017-08-14T00:00:00Z,e.coli,70,Saugatuck River,2017,08-14
Hunt Club 3,2014-06-17T00:00:00Z,e.coli,70,Sasco Brook,2014,06-17
Sasco 6,2012-06-20T00:00:00Z,e.coli,70,Sasco Brook,2012,06-20
Sasco 7,2015-08-10T00:00:00Z,e.coli,70,Sasco Brook,2015,08-10
Indian 1,2006-08-24T00:00:00Z,e.coli,70,Indian River,2006,08-24
Saugatuck 1,2018-08-01T00:00:00Z,e.coli,70,Saugatuck River,2018,08-01
Sasco 1,2001-08-16T00:00:00Z,e.coli,70,Sasco Brook,2001,08-16
Muddy 6,2008-07-22T00:00:00Z,e.coli,70,Muddy Brook,2008,07-22
Saugatuck 2,2011-07-28T00:00:00Z,e.coli,70,Saugatuck River,2011,07-28
Sasco 6,1998-08-04T00:00:00Z,e.coli,71,Sasco Brook,1998,08-04
Stony 5,2023-08-17T00:00:00Z,e.coli,71,Stony Brook,2023,08-17
Stony 2,2020-05-28T00:00:00Z,e.coli,71,Stony Brook,2020,05-28
Deadman 8,2021-09-14T00:00:00Z,e.coli,71,Deadman Brook,2021,09-14
West Saug 1,2020-05-07T00:00:00Z,e.coli,71,Saugatuck River,2020,05-07
Saugatuck 0.25,2020-06-03T00:00:00Z,entero,31,Saugatuck River,2020,06-03
Stony 5,2022-07-07T00:00:00Z,e.coli,71,Stony Brook,2022,07-07
Saugatuck 1,2022-06-14T00:00:00Z,e.coli,72,Saugatuck River,2022,06-14
Deadman 8,2020-06-25T00:00:00Z,e.coli,72,Deadman Brook,2020,06-25
Stony 3,2023-06-08T00:00:00Z,e.coli,72,Stony Brook,2023,06-08
Muddy 5,2018-09-24T00:00:00Z,e.coli,72,Muddy Brook,2018,09-24
Sasco 1,2022-05-24T00:00:00Z,entero,31,Sasco Brook,2022,05-24
SG1,2006-09-07T00:00:00Z,e.coli,72,Saugatuck River,2006,09-07
Sasco 2,2016-09-26T00:00:00Z,e.coli,72,Sasco Brook,2016,09-26
SG1,2009-06-29T00:00:00Z,e.coli,72,Saugatuck River,2009,06-29
Poplar 3,2009-07-08T00:00:00Z,e.coli,72,Saugatuck River,2009,07-08
Sasco 6,2002-07-16T00:00:00Z,e.coli,72,Sasco Brook,2002,07-16
Sasco 1,2014-06-01T00:00:00Z,e.coli,72,Sasco Brook,2014,06-01
Sasco 9,2002-06-11T00:00:00Z,e.coli,72,Sasco Brook,2002,06-11
Saugatuck 0.5,2022-05-23T00:00:00Z,entero,31,Saugatuck River,2022,05-23
West Saug 1,2018-08-08T00:00:00Z,e.coli,72,Saugatuck River,2018,08-08
Sasco 1,2002-08-06T00:00:00Z,e.coli,72,Sasco Brook,2002,08-06
Sasco 6,1997-05-29T00:00:00Z,e.coli,72,Sasco Brook,1997,05-29
Sasco 9,2000-06-20T00:00:00Z,e.coli,72,Sasco Brook,2000,06-20
Sasco 9,1999-05-06T00:00:00Z,e.coli,72,Sasco Brook,1999,05-06
Saugatuck 1,2020-05-20T00:00:00Z,e.coli,72,Saugatuck River,2020,05-20
Saugatuck 1,2021-09-21T00:00:00Z,e.coli,73,Saugatuck River,2021,09-21
Sasco 6,1995-08-02T00:00:00Z,e.coli,74,Sasco Brook,1995,08-02
Sasco 6,2021-09-14T00:00:00Z,e.coli,74,Sasco Brook,2021,09-14
Sasco 6,2023-05-03T00:00:00Z,e.coli,74,Sasco Brook,2023,05-03
Poplar 1.5,2009-06-02T00:00:00Z,e.coli,74,Saugatuck River,2009,06-02
Sasco 9,2018-05-30T00:00:00Z,e.coli,74,Sasco Brook,2018,05-30
Saugatuck 0.75,2018-05-31T00:00:00Z,e.coli,74,Saugatuck River,2018,05-31
Sasco 7,2018-09-05T00:00:00Z,e.coli,74,Sasco Brook,2018,09-05
Stony 2,2019-06-04T00:00:00Z,e.coli,74,Stony Brook,2019,06-04
Saugatuck 2,2020-06-03T00:00:00Z,e.coli,74,Saugatuck River,2020,06-03
Sasco 6,1997-06-12T00:00:00Z,e.coli,75,Sasco Brook,1997,06-12
New 3,2023-05-04T00:00:00Z,e.coli,76,Greens Farms Brook,2023,05-04
Poplar 3,2009-05-19T00:00:00Z,e.coli,76,Saugatuck River,2009,05-19
Sasco 8,2016-09-26T00:00:00Z,e.coli,76,Sasco Brook,2016,09-26
Sasco 6,2011-05-23T00:00:00Z,e.coli,76,Sasco Brook,2011,05-23
Pussy Willow 3,2012-05-21T00:00:00Z,e.coli,76,Pussy Willow Brook,2012,05-21
Saugatuck 0.5,2021-06-07T00:00:00Z,entero,31,Saugatuck River,2021,06-07
Indian 3,2017-06-08T00:00:00Z,e.coli,76,Indian River,2017,06-08
Poplar 2,2010-06-09T00:00:00Z,e.coli,76,Saugatuck River,2010,06-09
Deadman 3.5,2018-05-30T00:00:00Z,e.coli,76,Deadman Brook,2018,05-30
West Saug 1,2006-09-21T00:00:00Z,e.coli,76,Saugatuck River,2006,09-21
Sasco 8,2016-06-23T00:00:00Z,e.coli,76,Sasco Brook,2016,06-23
Sasco 1,2016-06-01T00:00:00Z,e.coli,76,Sasco Brook,2016,06-01
Sasco 9,2001-06-14T00:00:00Z,e.coli,76,Sasco Brook,2001,06-14
Saugatuck 2,2011-06-30T00:00:00Z,e.coli,76,Saugatuck River,2011,06-30
Saugatuck 2,2018-06-20T00:00:00Z,e.coli,76,Saugatuck River,2018,06-20
Sasco 8,2010-06-22T00:00:00Z,e.coli,76,Sasco Brook,2010,06-22
Poplar 2,2009-06-29T00:00:00Z,e.coli,76,Saugatuck River,2009,06-29
Saugatuck 0.25,2022-07-07T00:00:00Z,entero,31,Saugatuck River,2022,07-07
Sasco 1,2014-07-07T00:00:00Z,e.coli,76,Sasco Brook,2014,07-07
Stony 2,2020-09-22T00:00:00Z,e.coli,77,Stony Brook,2020,09-22
Stony 2,2020-08-19T00:00:00Z,e.coli,77,Stony Brook,2020,08-19
Saugatuck 0.75,2021-08-17T00:00:00Z,entero,31,Saugatuck River,2021,08-17
Muddy 2,2022-08-15T00:00:00Z,e.coli,78,Muddy Brook,2022,08-15
Deadman 3.5,2022-05-17T00:00:00Z,e.coli,78,Deadman Brook,2022,05-17
Saugatuck 1,2021-06-07T00:00:00Z,e.coli,78,Saugatuck River,2021,06-07
Deadman 5,2020-08-24T00:00:00Z,e.coli,78,Deadman Brook,2020,08-24
Stony 2,2020-06-11T00:00:00Z,e.coli,78,Stony Brook,2020,06-11
Sasco 6,2018-05-14T00:00:00Z,e.coli,78,Sasco Brook,2018,05-14
Sasco 6,2002-06-11T00:00:00Z,e.coli,78,Sasco Brook,2002,06-11
Sasco 6,2002-06-25T00:00:00Z,e.coli,78,Sasco Brook,2002,06-25
Sasco 6,2001-06-28T00:00:00Z,e.coli,78,Sasco Brook,2001,06-28
New 0.5,2023-07-31T00:00:00Z,entero,31,Greens Farms Brook,2023,07-31
Sasco 6,1997-06-18T00:00:00Z,e.coli,78,Sasco Brook,1997,06-18
West Saug 1.5,2021-09-21T00:00:00Z,e.coli,79,Saugatuck River,2021,09-21
Saugatuck 2,2019-09-12T00:00:00Z,e.coli,79,Saugatuck River,2019,09-12
Saugatuck 2,2021-09-21T00:00:00Z,e.coli,79,Saugatuck River,2021,09-21
Deadman 7,2022-08-24T00:00:00Z,e.coli,79,Deadman Brook,2022,08-24
Stony 3,2022-06-14T00:00:00Z,e.coli,80,Stony Brook,2022,06-14
Indian 3,2008-05-22T00:00:00Z,e.coli,80,Indian River,2008,05-22
Hunt Club 3,2010-05-18T00:00:00Z,e.coli,80,Sasco Brook,2010,05-18
Sasco 7,2010-05-18T00:00:00Z,e.coli,80,Sasco Brook,2010,05-18
Stony 4,2013-09-18T00:00:00Z,e.coli,80,Stony Brook,2013,09-18
Pussy Willow 2,2006-09-13T00:00:00Z,e.coli,80,Pussy Willow Brook,2006,09-13
New 4,2006-05-25T00:00:00Z,e.coli,80,Greens Farms Brook,2006,05-25
Poplar 4,2016-05-18T00:00:00Z,e.coli,80,Saugatuck River,2016,05-18
SG1,2011-05-23T00:00:00Z,e.coli,80,Saugatuck River,2011,05-23
Deadman 10,2013-05-20T00:00:00Z,e.coli,80,Deadman Brook,2013,05-20
Lamplight 1,2006-09-27T00:00:00Z,e.coli,80,Pussy Willow Brook,2006,09-27
Deadman 8,2018-06-14T00:00:00Z,e.coli,80,Deadman Brook,2018,06-14
SG1,2011-05-25T00:00:00Z,e.coli,80,Saugatuck River,2011,05-25
Deadman 9,2018-09-10T00:00:00Z,e.coli,80,Deadman Brook,2018,09-10
Sasco 4,2016-06-14T00:00:00Z,e.coli,80,Sasco Brook,2016,06-14
Hunt Club 3,2012-08-21T00:00:00Z,e.coli,80,Sasco Brook,2012,08-21
Hunt Club 3,2012-06-20T00:00:00Z,e.coli,80,Sasco Brook,2012,06-20
Saugatuck 2,2018-05-31T00:00:00Z,e.coli,80,Saugatuck River,2018,05-31
West Saug 1,2018-05-31T00:00:00Z,e.coli,80,Saugatuck River,2018,05-31
Poplar 2,2009-06-22T00:00:00Z,e.coli,80,Saugatuck River,2009,06-22
Sasco 8,2015-06-18T00:00:00Z,e.coli,80,Sasco Brook,2015,06-18
Saugatuck 1,2008-07-18T00:00:00Z,e.coli,80,Saugatuck River,2008,07-18
West Saug 1,2017-08-21T00:00:00Z,e.coli,80,Saugatuck River,2017,08-21
Sasco 5,2013-08-07T00:00:00Z,e.coli,80,Sasco Brook,2013,08-07
Poplar 2,2005-07-21T00:00:00Z,e.coli,80,Saugatuck River,2005,07-21
Saugatuck 2,2017-07-19T00:00:00Z,e.coli,80,Saugatuck River,2017,07-19
Poplar 4,2016-07-13T00:00:00Z,e.coli,80,Saugatuck River,2016,07-13
Poplar 1.5,2011-07-07T00:00:00Z,e.coli,80,Saugatuck River,2011,07-07
Deadman 8,2018-08-07T00:00:00Z,e.coli,80,Deadman Brook,2018,08-07
Saugatuck 2,2005-09-01T00:00:00Z,e.coli,80,Saugatuck River,2005,09-01
SG1,2008-05-27T00:00:00Z,e.coli,80,Saugatuck River,2008,05-27
Sasco 7,2023-05-03T00:00:00Z,e.coli,81,Sasco Brook,2023,05-03
Sasco 1,2001-08-06T00:00:00Z,e.coli,81,Sasco Brook,2001,08-06
Stony 5,2020-07-21T00:00:00Z,e.coli,82,Stony Brook,2020,07-21
Sasco 6,1995-09-21T00:00:00Z,e.coli,82,Sasco Brook,1995,09-21
Saugatuck 0.5,2019-05-06T00:00:00Z,entero,31,Saugatuck River,2019,05-06
Sasco 7,2000-06-29T00:00:00Z,e.coli,82,Sasco Brook,2000,06-29
Sasco 6,2000-06-29T00:00:00Z,e.coli,82,Sasco Brook,2000,06-29
Sasco 1,1999-07-12T00:00:00Z,e.coli,82,Sasco Brook,1999,07-12
Sasco 6,1995-08-03T00:00:00Z,e.coli,82,Sasco Brook,1995,08-03
Sasco 9,1997-09-25T00:00:00Z,e.coli,82,Sasco Brook,1997,09-25
Sasco 7,2022-08-22T00:00:00Z,e.coli,82,Sasco Brook,2022,08-22
Saugatuck 0.75,2019-09-23T00:00:00Z,entero,31,Saugatuck River,2019,09-23
Muddy 1,2022-08-10T00:00:00Z,e.coli,82,Muddy Brook,2022,08-10
Muddy 6,2019-06-04T00:00:00Z,e.coli,82,Muddy Brook,2019,06-04
Deadman 4,2021-05-26T00:00:00Z,e.coli,82,Deadman Brook,2021,05-26
Deadman 8,2018-07-09T00:00:00Z,e.coli,82,Deadman Brook,2018,07-09
Saugatuck 0.75,2018-08-08T00:00:00Z,e.coli,82,Saugatuck River,2018,08-08
Sasco 9,2023-05-03T00:00:00Z,e.coli,83,Sasco Brook,2023,05-03
Sasco 2,2022-09-21T00:00:00Z,entero,41,Sasco Brook,2022,09-21
Indian 3,2008-09-25T00:00:00Z,e.coli,84,Indian River,2008,09-25
Sasco 8,2016-05-19T00:00:00Z,e.coli,84,Sasco Brook,2016,05-19
Poplar 2,2005-06-16T00:00:00Z,e.coli,84,Saugatuck River,2005,06-16
Poplar 2,2017-06-06T00:00:00Z,e.coli,84,Saugatuck River,2017,06-06
Saugatuck 2,2011-05-23T00:00:00Z,e.coli,84,Saugatuck River,2011,05-23
Muddy 5,2017-09-05T00:00:00Z,e.coli,84,Muddy Brook,2017,09-05
Sasco 6,2018-06-20T00:00:00Z,e.coli,84,Sasco Brook,2018,06-20
Saugatuck 1,2008-06-26T00:00:00Z,e.coli,84,Saugatuck River,2008,06-26
Saugatuck 0.5,2020-08-27T00:00:00Z,entero,41,Saugatuck River,2020,08-27
Saugatuck 0.5,2021-08-17T00:00:00Z,entero,41,Saugatuck River,2021,08-17
Sasco 9,2011-08-17T00:00:00Z,e.coli,84,Sasco Brook,2011,08-17
Sasco 5,2016-06-29T00:00:00Z,e.coli,84,Sasco Brook,2016,06-29
Sasco 6,2016-07-28T00:00:00Z,e.coli,84,Sasco Brook,2016,07-28
Saugatuck 1,2008-07-31T00:00:00Z,e.coli,84,Saugatuck River,2008,07-31
Deadman 10,2013-07-16T00:00:00Z,e.coli,84,Deadman Brook,2013,07-16
SG1,2005-08-04T00:00:00Z,e.coli,84,Saugatuck River,2005,08-04
SG1,2010-05-25T00:00:00Z,e.coli,84,Saugatuck River,2010,05-25
Poplar 4 Side,2011-06-15T00:00:00Z,e.coli,84,Saugatuck River,2011,06-15
Hunt Club 2,2023-05-03T00:00:00Z,e.coli,84,Sasco Brook,2023,05-03
Saugatuck 1,2020-09-15T00:00:00Z,e.coli,86,Saugatuck River,2020,09-15
Deadman 4,2022-07-05T00:00:00Z,e.coli,86,Deadman Brook,2022,07-05
West Saug 1,2008-05-08T00:00:00Z,e.coli,86,Saugatuck River,2008,05-08
Saugatuck 2,2005-08-18T00:00:00Z,e.coli,86,Saugatuck River,2005,08-18
Sasco 6,1997-06-17T00:00:00Z,e.coli,86,Sasco Brook,1997,06-17
Sasco 1,2022-07-28T00:00:00Z,entero,41,Sasco Brook,2022,07-28
Saugatuck 1,2008-05-19T00:00:00Z,e.coli,88,Saugatuck River,2008,05-19
Indian 3,2016-05-19T00:00:00Z,e.coli,88,Indian River,2016,05-19
Sasco 6,2003-09-10T00:00:00Z,e.coli,88,Sasco Brook,2003,09-10
Deadman 5,2018-06-14T00:00:00Z,e.coli,88,Deadman Brook,2018,06-14
Saugatuck 0.5,2018-05-09T00:00:00Z,e.coli,88,Saugatuck River,2018,05-09
Sasco 7,2016-06-14T00:00:00Z,e.coli,88,Sasco Brook,2016,06-14
Stony 4,2022-05-12T00:00:00Z,e.coli,88,Stony Brook,2022,05-12
West Saug 1,2008-08-28T00:00:00Z,e.coli,88,Saugatuck River,2008,08-28
West Saug 1,2017-08-30T00:00:00Z,e.coli,88,Saugatuck River,2017,08-30
Sasco 2,2019-05-21T00:00:00Z,entero,41,Sasco Brook,2019,05-21
Sasco 6,2013-05-22T00:00:00Z,e.coli,88,Sasco Brook,2013,05-22
Saugatuck 0.5,2019-06-05T00:00:00Z,entero,41,Saugatuck River,2019,06-05
Sasco 6,2011-05-27T00:00:00Z,e.coli,88,Sasco Brook,2011,05-27
West Saug 1,2019-09-23T00:00:00Z,e.coli,88,Saugatuck River,2019,09-23
Saugatuck 0.5,2019-09-23T00:00:00Z,entero,41,Saugatuck River,2019,09-23
Saugatuck 0.5,2019-09-12T00:00:00Z,entero,41,Saugatuck River,2019,09-12
Sasco 3,2018-08-27T00:00:00Z,e.coli,88,Sasco Brook,2018,08-27
Sasco 6,2018-08-16T00:00:00Z,e.coli,88,Sasco Brook,2018,08-16
Sasco 4,2016-07-28T00:00:00Z,e.coli,88,Sasco Brook,2016,07-28
Sasco 1,2018-07-30T00:00:00Z,e.coli,88,Sasco Brook,2018,07-30
Saugatuck 1,2010-05-18T00:00:00Z,e.coli,88,Saugatuck River,2010,05-18
Deadman 7,2022-05-11T00:00:00Z,e.coli,88,Deadman Brook,2022,05-11
Stony 5,2020-09-22T00:00:00Z,e.coli,88,Stony Brook,2020,09-22
Saugatuck 2,2021-06-16T00:00:00Z,e.coli,88,Saugatuck River,2021,06-16
Saugatuck 2,2020-09-03T00:00:00Z,e.coli,88,Saugatuck River,2020,09-03
Deadman 7,2022-08-10T00:00:00Z,e.coli,88,Deadman Brook,2022,08-10
Sasco 7,2022-07-14T00:00:00Z,e.coli,88,Sasco Brook,2022,07-14
New 2,2023-05-04T00:00:00Z,e.coli,88,Greens Farms Brook,2023,05-04
New 2,2023-05-04T00:00:00Z,entero,20,Greens Farms Brook,2023,05-04
Sasco 3,1998-05-29T00:00:00Z,e.coli,89,Sasco Brook,1998,05-29
Sasco 9,1995-09-21T00:00:00Z,e.coli,89,Sasco Brook,1995,09-21
Sasco 9,1998-06-09T00:00:00Z,e.coli,89,Sasco Brook,1998,06-09
Sasco 2,2019-07-31T00:00:00Z,entero,41,Sasco Brook,2019,07-31
Sasco 9,1996-07-23T00:00:00Z,e.coli,89,Sasco Brook,1996,07-23
Sasco 4,2023-05-03T00:00:00Z,e.coli,55,Sasco Brook,2023,05-03
Sasco 4,2023-05-03T00:00:00Z,entero,41,Sasco Brook,2023,05-03
Sasco 1,1999-07-19T00:00:00Z,e.coli,89,Sasco Brook,1999,07-19
Sasco 9,1997-09-21T00:00:00Z,e.coli,89,Sasco Brook,1997,09-21
Sasco 6,2000-08-10T00:00:00Z,e.coli,89,Sasco Brook,2000,08-10
Deadman 3,2023-05-31T00:00:00Z,e.coli,90,Deadman Brook,2023,05-31
West Saug 1,2019-05-06T00:00:00Z,e.coli,90,Saugatuck River,2019,05-06
West Saug 1,2017-06-05T00:00:00Z,e.coli,90,Saugatuck River,2017,06-05
Poplar 1,2016-07-13T00:00:00Z,e.coli,90,Saugatuck River,2016,07-13
Deadman 4,2018-05-30T00:00:00Z,e.coli,90,Deadman Brook,2018,05-30
Hunt Club 2,2001-05-01T00:00:00Z,e.coli,90,Sasco Brook,2001,05-01
Sasco 9,2012-06-20T00:00:00Z,e.coli,90,Sasco Brook,2012,06-20
Poplar 3,2009-06-22T00:00:00Z,e.coli,90,Saugatuck River,2009,06-22
Sasco 6,2001-08-30T00:00:00Z,e.coli,90,Sasco Brook,2001,08-30
Sasco 7,2015-08-13T00:00:00Z,e.coli,90,Sasco Brook,2015,08-13
West Saug 1,2018-06-20T00:00:00Z,e.coli,90,Saugatuck River,2018,06-20
Muddy 6,2018-08-07T00:00:00Z,e.coli,90,Muddy Brook,2018,08-07
Saugatuck 0.75,2020-09-15T00:00:00Z,entero,41,Saugatuck River,2020,09-15
Sasco 6,2018-07-16T00:00:00Z,e.coli,90,Sasco Brook,2018,07-16
Saugatuck 0.75,2018-08-01T00:00:00Z,e.coli,90,Saugatuck River,2018,08-01
Hunt Club 3,2010-07-01T00:00:00Z,e.coli,90,Sasco Brook,2010,07-01
Deadman 3,2020-05-21T00:00:00Z,e.coli,91,Deadman Brook,2020,05-21
Saugatuck 0.25,2021-09-21T00:00:00Z,entero,41,Saugatuck River,2021,09-21
Saugatuck 0.25,2021-08-03T00:00:00Z,entero,41,Saugatuck River,2021,08-03
West Saug 1.5,2021-06-07T00:00:00Z,e.coli,91,Saugatuck River,2021,06-07
Sasco 5,1999-07-15T00:00:00Z,e.coli,91,Sasco Brook,1999,07-15
Saugatuck 2,2019-05-06T00:00:00Z,e.coli,91,Saugatuck River,2019,05-06
Deadman 7,2020-08-24T00:00:00Z,e.coli,91,Deadman Brook,2020,08-24
Sasco 9,2010-05-18T00:00:00Z,e.coli,92,Sasco Brook,2010,05-18
West Saug 1,2017-05-22T00:00:00Z,e.coli,92,Saugatuck River,2017,05-22
Poplar 2,2009-05-26T00:00:00Z,e.coli,92,Saugatuck River,2009,05-26
Deadman 3,2018-05-30T00:00:00Z,e.coli,92,Deadman Brook,2018,05-30
Saugatuck 1,2006-09-07T00:00:00Z,e.coli,92,Saugatuck River,2006,09-07
Sasco 6,2002-09-24T00:00:00Z,e.coli,92,Sasco Brook,2002,09-24
Sasco 6,2004-09-02T00:00:00Z,e.coli,92,Sasco Brook,2004,09-02
Sasco 9,2004-09-02T00:00:00Z,e.coli,92,Sasco Brook,2004,09-02
Poplar 2,2017-09-21T00:00:00Z,e.coli,92,Saugatuck River,2017,09-21
Saugatuck 2,2006-06-22T00:00:00Z,e.coli,92,Saugatuck River,2006,06-22
Sasco 8,2018-07-30T00:00:00Z,e.coli,92,Sasco Brook,2018,07-30
Poplar 3,2009-05-26T00:00:00Z,e.coli,92,Saugatuck River,2009,05-26
Poplar 3,2009-09-23T00:00:00Z,e.coli,92,Saugatuck River,2009,09-23
Sasco 1,2021-09-01T00:00:00Z,entero,41,Sasco Brook,2021,09-01
Sasco 6,2002-08-13T00:00:00Z,e.coli,92,Sasco Brook,2002,08-13
Sasco 9,2018-08-16T00:00:00Z,e.coli,92,Sasco Brook,2018,08-16
Hunt Club 1,2015-08-20T00:00:00Z,e.coli,92,Sasco Brook,2015,08-20
Saugatuck 0.5,2021-07-29T00:00:00Z,entero,41,Saugatuck River,2021,07-29
Saugatuck 1,2018-08-08T00:00:00Z,e.coli,92,Saugatuck River,2018,08-08
SG1,2008-07-31T00:00:00Z,e.coli,92,Saugatuck River,2008,07-31
SG1,2010-05-18T00:00:00Z,e.coli,92,Saugatuck River,2010,05-18
Saugatuck 0.5,2022-07-25T00:00:00Z,entero,41,Saugatuck River,2022,07-25
Stony 3,2020-07-21T00:00:00Z,e.coli,93,Stony Brook,2020,07-21
Sasco 6,2019-05-21T00:00:00Z,e.coli,93,Sasco Brook,2019,05-21
Saugatuck 1,2019-08-15T00:00:00Z,e.coli,93,Saugatuck River,2019,08-15
Deadman 9,2021-09-14T00:00:00Z,e.coli,93,Deadman Brook,2021,09-14
Deadman 8,2020-05-06T00:00:00Z,e.coli,93,Deadman Brook,2020,05-06
Saugatuck 1,2022-05-23T00:00:00Z,e.coli,93,Saugatuck River,2022,05-23
Sasco 9,1996-08-08T00:00:00Z,e.coli,93,Sasco Brook,1996,08-08
Stony 3,2023-08-02T00:00:00Z,e.coli,93,Stony Brook,2023,08-02
Sasco 9,2002-06-25T00:00:00Z,e.coli,94,Sasco Brook,2002,06-25
Sasco 9,2018-07-30T00:00:00Z,e.coli,94,Sasco Brook,2018,07-30
SG1,2010-05-21T00:00:00Z,e.coli,94,Saugatuck River,2010,05-21
Sasco 7,2021-05-24T00:00:00Z,e.coli,96,Sasco Brook,2021,05-24
Deadman 5,2020-05-21T00:00:00Z,e.coli,96,Deadman Brook,2020,05-21
Sasco 9,2023-05-31T00:00:00Z,e.coli,96,Sasco Brook,2023,05-31
Indian 3,2017-06-06T00:00:00Z,e.coli,96,Indian River,2017,06-06
Deadman 3.5,2020-06-02T00:00:00Z,e.coli,96,Deadman Brook,2020,06-02
SG1,2008-05-19T00:00:00Z,e.coli,96,Saugatuck River,2008,05-19
Saugatuck 2,2017-09-11T00:00:00Z,e.coli,96,Saugatuck River,2017,09-11
Sasco 9,2019-05-21T00:00:00Z,e.coli,96,Sasco Brook,2019,05-21
Sasco 6,2011-06-07T00:00:00Z,e.coli,96,Sasco Brook,2011,06-07
Sasco 6,2004-08-09T00:00:00Z,e.coli,96,Sasco Brook,2004,08-09
Saugatuck 2,2011-05-27T00:00:00Z,e.coli,96,Saugatuck River,2011,05-27
Sasco 6,2001-06-14T00:00:00Z,e.coli,96,Sasco Brook,2001,06-14
Saugatuck 1,2016-08-09T00:00:00Z,e.coli,96,Saugatuck River,2016,08-09
Saugatuck 1,2007-07-26T00:00:00Z,e.coli,96,Saugatuck River,2007,07-26
Sasco 3,2023-05-18T00:00:00Z,e.coli,99,Sasco Brook,2023,05-18
Sasco 3,2023-05-18T00:00:00Z,entero,51,Sasco Brook,2023,05-18
Sasco 8,2018-08-16T00:00:00Z,e.coli,96,Sasco Brook,2018,08-16
Sasco 1,2002-09-10T00:00:00Z,e.coli,96,Sasco Brook,2002,09-10
Sasco 2,2016-09-12T00:00:00Z,e.coli,96,Sasco Brook,2016,09-12
Sasco 1,2014-06-30T00:00:00Z,e.coli,96,Sasco Brook,2014,06-30
Saugatuck 0.75,2022-05-23T00:00:00Z,entero,51,Saugatuck River,2022,05-23
Saugatuck 1,2008-05-27T00:00:00Z,e.coli,96,Saugatuck River,2008,05-27
Stony 3,2019-06-04T00:00:00Z,e.coli,96,Stony Brook,2019,06-04
Sasco 9,2000-05-16T00:00:00Z,e.coli,96,Sasco Brook,2000,05-16
Sasco 1,1999-08-04T00:00:00Z,e.coli,97,Sasco Brook,1999,08-04
Sasco 2,2022-05-09T00:00:00Z,entero,52,Sasco Brook,2022,05-09
Saugatuck 1,2018-06-06T00:00:00Z,e.coli,98,Saugatuck River,2018,06-06
Deadman 3.5,2018-06-18T00:00:00Z,e.coli,98,Deadman Brook,2018,06-18
Sasco 6,2005-06-08T00:00:00Z,e.coli,98,Sasco Brook,2005,06-08
Sasco 6,2002-07-30T00:00:00Z,e.coli,98,Sasco Brook,2002,07-30
Deadman 8,2021-06-07T00:00:00Z,e.coli,98,Deadman Brook,2021,06-07
Saugatuck 1,2021-07-29T00:00:00Z,e.coli,99,Saugatuck River,2021,07-29
Muddy 1,1997-08-04T00:00:00Z,e.coli,99,Muddy Brook,1997,08-04
Stony 4,2022-08-15T00:00:00Z,e.coli,99,Stony Brook,2022,08-15
Sasco 7,2019-05-21T00:00:00Z,e.coli,99,Sasco Brook,2019,05-21
Hunt Club 1,2021-05-24T00:00:00Z,e.coli,99,Sasco Brook,2021,05-24
Sasco 7,2022-09-21T00:00:00Z,e.coli,99,Sasco Brook,2022,09-21
Saugatuck 2,2020-06-24T00:00:00Z,e.coli,99,Saugatuck River,2020,06-24
Sasco 7,2021-09-14T00:00:00Z,e.coli,99,Sasco Brook,2021,09-14
Muddy 3,2017-05-04T00:00:00Z,e.coli,100,Muddy Brook,2017,05-04
Hunt Club 4,2010-05-18T00:00:00Z,e.coli,100,Sasco Brook,2010,05-18
West Saug 1,2008-09-25T00:00:00Z,e.coli,100,Saugatuck River,2008,09-25
Pussy Willow 1,2006-09-13T00:00:00Z,e.coli,100,Pussy Willow Brook,2006,09-13
Indian 3,2008-08-14T00:00:00Z,e.coli,100,Indian River,2008,08-14
Muddy 6,2006-09-13T00:00:00Z,e.coli,100,Muddy Brook,2006,09-13
Indian 1,2005-05-19T00:00:00Z,e.coli,100,Indian River,2005,05-19
Poplar 1,2016-09-27T00:00:00Z,e.coli,100,Saugatuck River,2016,09-27
Sasco 3,2023-05-31T00:00:00Z,e.coli,107,Sasco Brook,2023,05-31
Sasco 3,2023-05-31T00:00:00Z,entero,52,Sasco Brook,2023,05-31
Hunt Club 4,2013-06-18T00:00:00Z,e.coli,100,Sasco Brook,2013,06-18
Indian 1,2017-06-08T00:00:00Z,e.coli,100,Indian River,2017,06-08
Sasco 6,2001-09-17T00:00:00Z,e.coli,100,Sasco Brook,2001,09-17
Sasco 6,2005-09-07T00:00:00Z,e.coli,100,Sasco Brook,2005,09-07
Muddy 5,2017-06-26T00:00:00Z,e.coli,100,Muddy Brook,2017,06-26
Hunt Club 3,2014-06-23T00:00:00Z,e.coli,100,Sasco Brook,2014,06-23
West Saug 1,2017-06-29T00:00:00Z,e.coli,100,Saugatuck River,2017,06-29
Saugatuck 2,2016-09-13T00:00:00Z,e.coli,100,Saugatuck River,2016,09-13
Poplar 1.5,2009-06-22T00:00:00Z,e.coli,100,Saugatuck River,2009,06-22
Stony 1,2013-09-25T00:00:00Z,e.coli,100,Stony Brook,2013,09-25
Hunt Club 4,2012-07-20T00:00:00Z,e.coli,100,Sasco Brook,2012,07-20
Sasco 7,2015-06-18T00:00:00Z,e.coli,100,Sasco Brook,2015,06-18
Saugatuck 0.25,2021-05-19T00:00:00Z,entero,52,Saugatuck River,2021,05-19
Poplar 3,2009-07-23T00:00:00Z,e.coli,100,Saugatuck River,2009,07-23
New 1,2023-09-26T00:00:00Z,entero,52,Greens Farms Brook,2023,09-26
Poplar 4,2009-07-23T00:00:00Z,e.coli,100,Saugatuck River,2009,07-23
Poplar 3,2011-06-23T00:00:00Z,e.coli,100,Saugatuck River,2011,06-23
Sasco 4,2014-08-18T00:00:00Z,e.coli,100,Sasco Brook,2014,08-18
Poplar 2,2011-06-23T00:00:00Z,e.coli,100,Saugatuck River,2011,06-23
Poplar 3,2009-06-29T00:00:00Z,e.coli,100,Saugatuck River,2009,06-29
Sasco 9,2011-08-18T00:00:00Z,e.coli,100,Sasco Brook,2011,08-18
Poplar 3,2010-05-22T00:00:00Z,e.coli,100,Saugatuck River,2010,05-22
SG1,2007-07-12T00:00:00Z,e.coli,100,Saugatuck River,2007,07-12
Sasco 1,2014-07-14T00:00:00Z,e.coli,100,Sasco Brook,2014,07-14
Sasco 5,2016-07-28T00:00:00Z,e.coli,100,Sasco Brook,2016,07-28
Sasco 6,2001-09-18T00:00:00Z,e.coli,100,Sasco Brook,2001,09-18
SG1,2010-06-09T00:00:00Z,e.coli,100,Saugatuck River,2010,06-09
Sasco 7,2011-06-22T00:00:00Z,e.coli,100,Sasco Brook,2011,06-22
New 2,2023-07-31T00:00:00Z,e.coli,101,Greens Farms Brook,2023,07-31
New 2,2023-07-31T00:00:00Z,entero,959,Greens Farms Brook,2023,07-31
Deadman 3,2022-08-24T00:00:00Z,e.coli,101,Deadman Brook,2022,08-24
West Saug 1,2005-05-19T00:00:00Z,e.coli,101,Saugatuck River,2005,05-19
Deadman 4,2020-05-06T00:00:00Z,e.coli,101,Deadman Brook,2020,05-06
Saugatuck 2,2020-07-20T00:00:00Z,e.coli,102,Saugatuck River,2020,07-20
Sasco 6,1997-07-31T00:00:00Z,e.coli,102,Sasco Brook,1997,07-31
Sasco 1,2000-07-03T00:00:00Z,e.coli,102,Sasco Brook,2000,07-03
Muddy 4,1999-07-07T00:00:00Z,e.coli,102,Muddy Brook,1999,07-07
Muddy 6,2019-05-21T00:00:00Z,e.coli,102,Muddy Brook,2019,05-21
Stony 5,2019-07-16T00:00:00Z,e.coli,102,Stony Brook,2019,07-16
Sasco 6,2021-05-24T00:00:00Z,e.coli,102,Sasco Brook,2021,05-24
Pussy Willow 3,2006-05-25T00:00:00Z,e.coli,104,Pussy Willow Brook,2006,05-25
Poplar 2,2008-09-25T00:00:00Z,e.coli,104,Saugatuck River,2008,09-25
Sasco 4,2013-09-17T00:00:00Z,e.coli,104,Sasco Brook,2013,09-17
Indian 2,2017-06-08T00:00:00Z,e.coli,104,Indian River,2017,06-08
Poplar 2,2007-08-23T00:00:00Z,e.coli,104,Saugatuck River,2007,08-23
Muddy 6,2018-05-30T00:00:00Z,e.coli,104,Muddy Brook,2018,05-30
Sasco 6,2004-07-01T00:00:00Z,e.coli,104,Sasco Brook,2004,07-01
Sasco 6,2002-08-27T00:00:00Z,e.coli,104,Sasco Brook,2002,08-27
Sasco 6,2011-06-08T00:00:00Z,e.coli,104,Sasco Brook,2011,06-08
Sasco 9,2018-06-20T00:00:00Z,e.coli,104,Sasco Brook,2018,06-20
Indian 3,2007-07-26T00:00:00Z,e.coli,104,Indian River,2007,07-26
SG1,2011-06-03T00:00:00Z,e.coli,104,Saugatuck River,2011,06-03
Sasco 5,2011-06-08T00:00:00Z,e.coli,104,Sasco Brook,2011,06-08
Sasco 9,2002-07-16T00:00:00Z,e.coli,104,Sasco Brook,2002,07-16
Sasco 9,2018-08-27T00:00:00Z,e.coli,104,Sasco Brook,2018,08-27
Sasco 5,2005-09-07T00:00:00Z,e.coli,104,Sasco Brook,2005,09-07
Sasco 8,2018-09-05T00:00:00Z,e.coli,104,Sasco Brook,2018,09-05
Deadman 4,2018-08-30T00:00:00Z,e.coli,104,Deadman Brook,2018,08-30
Sasco 1,2014-07-21T00:00:00Z,e.coli,104,Sasco Brook,2014,07-21
Sasco 1,2016-07-28T00:00:00Z,e.coli,104,Sasco Brook,2016,07-28
Deadman 3,2021-05-26T00:00:00Z,e.coli,104,Deadman Brook,2021,05-26
Saugatuck 1,2020-08-27T00:00:00Z,e.coli,104,Saugatuck River,2020,08-27
Sasco 7,2023-05-18T00:00:00Z,e.coli,105,Sasco Brook,2023,05-18
Muddy 5,2022-06-07T00:00:00Z,e.coli,105,Muddy Brook,2022,06-07
Sasco 2,1995-06-22T00:00:00Z,e.coli,105,Sasco Brook,1995,06-22
Sasco 9,1996-06-28T00:00:00Z,e.coli,105,Sasco Brook,1996,06-28
Sasco 9,1998-06-24T00:00:00Z,e.coli,105,Sasco Brook,1998,06-24
Sasco 9,1996-07-18T00:00:00Z,e.coli,105,Sasco Brook,1996,07-18
Sasco 6,1995-07-27T00:00:00Z,e.coli,105,Sasco Brook,1995,07-27
Sasco 3,2019-05-21T00:00:00Z,entero,52,Sasco Brook,2019,05-21
Sasco 2,1997-06-09T00:00:00Z,e.coli,105,Sasco Brook,1997,06-09
New 3,1997-07-02T00:00:00Z,e.coli,105,Greens Farms Brook,1997,07-02
Muddy 1,1997-08-11T00:00:00Z,e.coli,105,Muddy Brook,1997,08-11
Deadman 8,2022-05-17T00:00:00Z,e.coli,105,Deadman Brook,2022,05-17
Stony 4,2022-07-25T00:00:00Z,e.coli,105,Stony Brook,2022,07-25
West Saug 1,2005-06-02T00:00:00Z,e.coli,106,Saugatuck River,2005,06-02
Sasco 6,2004-05-19T00:00:00Z,e.coli,106,Sasco Brook,2004,05-19
Sasco 6,1997-06-05T00:00:00Z,e.coli,107,Sasco Brook,1997,06-05
Sasco 1,2019-05-21T00:00:00Z,entero,52,Sasco Brook,2019,05-21
Sasco 9,2023-05-18T00:00:00Z,e.coli,108,Sasco Brook,2023,05-18
Deadman 3,2018-05-07T00:00:00Z,e.coli,108,Deadman Brook,2018,05-07
Hunt Club 3,2014-05-21T00:00:00Z,e.coli,108,Sasco Brook,2014,05-21
Deadman 3.5,2018-05-07T00:00:00Z,e.coli,108,Deadman Brook,2018,05-07
Saugatuck 0.5,2019-06-26T00:00:00Z,entero,52,Saugatuck River,2019,06-26
Sasco 8,2018-06-07T00:00:00Z,e.coli,108,Sasco Brook,2018,06-07
Pussy Willow 3,2012-06-18T00:00:00Z,e.coli,108,Pussy Willow Brook,2012,06-18
Saugatuck 0.5,2019-08-15T00:00:00Z,entero,52,Saugatuck River,2019,08-15
Poplar 3,2016-06-13T00:00:00Z,e.coli,108,Saugatuck River,2016,06-13
Sasco 6,2011-06-03T00:00:00Z,e.coli,108,Sasco Brook,2011,06-03
Indian 2,2017-05-17T00:00:00Z,e.coli,108,Indian River,2017,05-17
Sasco 5,2016-06-14T00:00:00Z,e.coli,108,Sasco Brook,2016,06-14
Muddy 6,2018-06-14T00:00:00Z,e.coli,108,Muddy Brook,2018,06-14
Saugatuck 1,2011-05-25T00:00:00Z,e.coli,108,Saugatuck River,2011,05-25
Saugatuck 0.75,2018-06-06T00:00:00Z,e.coli,108,Saugatuck River,2018,06-06
Saugatuck 1,2011-06-03T00:00:00Z,e.coli,108,Saugatuck River,2011,06-03
Hunt Club 3,2014-06-18T00:00:00Z,e.coli,108,Sasco Brook,2014,06-18
Saugatuck 2,2016-08-25T00:00:00Z,e.coli,108,Saugatuck River,2016,08-25
Sasco 9,2011-09-27T00:00:00Z,e.coli,108,Sasco Brook,2011,09-27
Saugatuck 1,2019-06-26T00:00:00Z,e.coli,108,Saugatuck River,2019,06-26
SG1,2005-06-16T00:00:00Z,e.coli,108,Saugatuck River,2005,06-16
West Saug 1,2018-08-01T00:00:00Z,e.coli,108,Saugatuck River,2018,08-01
Sasco 9,2016-08-08T00:00:00Z,e.coli,108,Sasco Brook,2016,08-08
Saugatuck 0.75,2022-06-14T00:00:00Z,entero,52,Saugatuck River,2022,06-14
SG1,2011-06-02T00:00:00Z,e.coli,108,Saugatuck River,2011,06-02
Stony 4,2019-07-16T00:00:00Z,e.coli,108,Stony Brook,2019,07-16
SG1,2007-06-28T00:00:00Z,e.coli,108,Saugatuck River,2007,06-28
Sasco 1,2002-08-27T00:00:00Z,e.coli,108,Sasco Brook,2002,08-27
Saugatuck 0.75,2021-08-03T00:00:00Z,entero,52,Saugatuck River,2021,08-03
Sasco 1,2002-07-30T00:00:00Z,e.coli,108,Sasco Brook,2002,07-30
Sasco 7,2023-05-31T00:00:00Z,e.coli,108,Sasco Brook,2023,05-31
Sasco 9,2000-06-23T00:00:00Z,e.coli,108,Sasco Brook,2000,06-23
Hunt Club 2,2022-05-09T00:00:00Z,e.coli,109,Sasco Brook,2022,05-09
Sasco 7,2022-07-28T00:00:00Z,e.coli,109,Sasco Brook,2022,07-28
Hunt Club 2,2001-05-17T00:00:00Z,e.coli,110,Sasco Brook,2001,05-17
Poplar 4,2017-06-06T00:00:00Z,e.coli,110,Saugatuck River,2017,06-06
West Saug 1,2020-06-03T00:00:00Z,e.coli,110,Saugatuck River,2020,06-03
Hunt Club 4,2013-06-20T00:00:00Z,e.coli,110,Sasco Brook,2013,06-20
Hunt Club 4,2014-06-17T00:00:00Z,e.coli,110,Sasco Brook,2014,06-17
Sasco 9,2013-06-10T00:00:00Z,e.coli,110,Sasco Brook,2013,06-10
Poplar 2,2008-09-10T00:00:00Z,e.coli,110,Saugatuck River,2008,09-10
Sasco 1,2001-05-19T00:00:00Z,e.coli,110,Sasco Brook,2001,05-19
Hunt Club 4,2015-08-14T00:00:00Z,e.coli,110,Sasco Brook,2015,08-14
Sasco 2,2018-07-30T00:00:00Z,e.coli,110,Sasco Brook,2018,07-30
Deadman 1,2018-08-30T00:00:00Z,e.coli,110,Deadman Brook,2018,08-30
Poplar 2,2016-08-15T00:00:00Z,e.coli,110,Saugatuck River,2016,08-15
New 0.5,2012-05-29T00:00:00Z,e.coli,110,Greens Farms Brook,2012,05-29
Sasco 2,2018-08-16T00:00:00Z,e.coli,110,Sasco Brook,2018,08-16
Sasco 2,2014-08-04T00:00:00Z,e.coli,110,Sasco Brook,2014,08-04
SG1,2011-07-28T00:00:00Z,e.coli,110,Saugatuck River,2011,07-28
Stony 5,2022-05-12T00:00:00Z,e.coli,111,Stony Brook,2022,05-12
Muddy 6,2022-06-07T00:00:00Z,e.coli,111,Muddy Brook,2022,06-07
Saugatuck 1,2019-05-06T00:00:00Z,e.coli,111,Saugatuck River,2019,05-06
Saugatuck 1,2019-06-05T00:00:00Z,e.coli,111,Saugatuck River,2019,06-05
Deadman 3.5,2021-07-26T00:00:00Z,e.coli,111,Deadman Brook,2021,07-26
Deadman 4,2021-08-31T00:00:00Z,e.coli,111,Deadman Brook,2021,08-31
Deadman 2,2020-05-06T00:00:00Z,e.coli,111,Deadman Brook,2020,05-06
Deadman 5,2022-05-17T00:00:00Z,e.coli,111,Deadman Brook,2022,05-17
Stony 2,2022-07-25T00:00:00Z,e.coli,111,Stony Brook,2022,07-25
Muddy 5,2022-08-10T00:00:00Z,e.coli,111,Muddy Brook,2022,08-10
Sasco 4,1997-07-24T00:00:00Z,e.coli,111,Sasco Brook,1997,07-24
Saugatuck 1,2022-08-15T00:00:00Z,e.coli,112,Saugatuck River,2022,08-15
Saugatuck 1,2016-09-26T00:00:00Z,e.coli,112,Saugatuck River,2016,09-26
Deadman 4,2018-05-07T00:00:00Z,e.coli,112,Deadman Brook,2018,05-07
Sasco 9,2018-06-07T00:00:00Z,e.coli,112,Sasco Brook,2018,06-07
Saugatuck 1,2017-06-05T00:00:00Z,e.coli,112,Saugatuck River,2017,06-05
Sasco 8,2016-06-14T00:00:00Z,e.coli,112,Sasco Brook,2016,06-14
Poplar 3,2011-06-15T00:00:00Z,e.coli,112,Saugatuck River,2011,06-15
Sasco 3,2010-06-02T00:00:00Z,e.coli,112,Sasco Brook,2010,06-02
Poplar 2,2008-06-26T00:00:00Z,e.coli,112,Saugatuck River,2008,06-26
Sasco 9,2001-07-12T00:00:00Z,e.coli,112,Sasco Brook,2001,07-12
Sasco 6,2005-07-27T00:00:00Z,e.coli,112,Sasco Brook,2005,07-27
SG1,2007-07-26T00:00:00Z,e.coli,112,Saugatuck River,2007,07-26
SG1,2011-07-13T00:00:00Z,e.coli,112,Saugatuck River,2011,07-13
Muddy 2,2022-05-03T00:00:00Z,e.coli,113,Muddy Brook,2022,05-03
Sasco 6,1995-07-12T00:00:00Z,e.coli,113,Sasco Brook,1995,07-12
Deadman 8,2020-06-02T00:00:00Z,e.coli,114,Deadman Brook,2020,06-02
Saugatuck 0.25,2020-08-27T00:00:00Z,entero,52,Saugatuck River,2020,08-27
Saugatuck 0.25,2021-08-17T00:00:00Z,entero,52,Saugatuck River,2021,08-17
Muddy 4,2019-06-04T00:00:00Z,e.coli,114,Muddy Brook,2019,06-04
Stony 3,2019-05-28T00:00:00Z,e.coli,114,Stony Brook,2019,05-28
Saugatuck 2,2019-08-27T00:00:00Z,e.coli,114,Saugatuck River,2019,08-27
Stony 2,2019-05-28T00:00:00Z,e.coli,114,Stony Brook,2019,05-28
Sasco 6,1997-06-16T00:00:00Z,e.coli,114,Sasco Brook,1997,06-16
Stony 3,2022-07-07T00:00:00Z,e.coli,114,Stony Brook,2022,07-07
Pussy Willow 5,2019-05-08T00:00:00Z,e.coli,115,Pussy Willow Brook,2019,05-08
Muddy 4,2019-09-09T00:00:00Z,e.coli,115,Muddy Brook,2019,09-09
Saugatuck 1,2021-07-12T00:00:00Z,e.coli,115,Saugatuck River,2021,07-12
Poplar 2,2008-05-08T00:00:00Z,e.coli,116,Saugatuck River,2008,05-08
Sasco 6,2011-05-25T00:00:00Z,e.coli,116,Sasco Brook,2011,05-25
Sasco 9,2011-05-25T00:00:00Z,e.coli,116,Sasco Brook,2011,05-25
Sasco 6,2011-06-06T00:00:00Z,e.coli,116,Sasco Brook,2011,06-06
West Saug 1,2006-09-07T00:00:00Z,e.coli,116,Saugatuck River,2006,09-07
Poplar 2,2011-06-03T00:00:00Z,e.coli,116,Saugatuck River,2011,06-03
Sasco 5,2011-06-06T00:00:00Z,e.coli,116,Sasco Brook,2011,06-06
Indian 3,2017-06-14T00:00:00Z,e.coli,116,Indian River,2017,06-14
West Saug 1,2016-06-16T00:00:00Z,e.coli,116,Saugatuck River,2016,06-16
Saugatuck 2,2007-09-13T00:00:00Z,e.coli,116,Saugatuck River,2007,09-13
Stony 1,2020-08-12T00:00:00Z,entero,52,Stony Brook,2020,08-12
Indian 3,2008-06-12T00:00:00Z,e.coli,116,Indian River,2008,06-12
Hunt Club 1,2014-08-12T00:00:00Z,e.coli,116,Sasco Brook,2014,08-12
Saugatuck 1,2006-06-22T00:00:00Z,e.coli,116,Saugatuck River,2006,06-22
Sasco 5,2011-06-01T00:00:00Z,e.coli,116,Sasco Brook,2011,06-01
Deadman 4,2013-07-29T00:00:00Z,e.coli,116,Deadman Brook,2013,07-29
Sasco 6,2011-08-17T00:00:00Z,e.coli,116,Sasco Brook,2011,08-17
Sasco 9,2018-07-16T00:00:00Z,e.coli,116,Sasco Brook,2018,07-16
Poplar 2,2009-07-28T00:00:00Z,e.coli,116,Saugatuck River,2009,07-28
Sasco 2,2014-08-11T00:00:00Z,e.coli,116,Sasco Brook,2014,08-11
Saugatuck 1,2009-05-19T00:00:00Z,e.coli,116,Saugatuck River,2009,05-19
Saugatuck 1,2020-07-20T00:00:00Z,e.coli,117,Saugatuck River,2020,07-20
Muddy 5,2019-06-04T00:00:00Z,e.coli,117,Muddy Brook,2019,06-04
Sasco 6,1999-07-15T00:00:00Z,e.coli,118,Sasco Brook,1999,07-15
Sasco 1,2023-05-31T00:00:00Z,entero,62,Sasco Brook,2023,05-31
Stony 3,2020-06-23T00:00:00Z,e.coli,119,Stony Brook,2020,06-23
Saugatuck 1,2020-06-03T00:00:00Z,e.coli,120,Saugatuck River,2020,06-03
Sasco 5,2011-05-23T00:00:00Z,e.coli,120,Sasco Brook,2011,05-23
New 1,2023-05-15T00:00:00Z,entero,63,Greens Farms Brook,2023,05-15
Indian 3,2008-05-08T00:00:00Z,e.coli,120,Indian River,2008,05-08
West Saug 1,2016-05-25T00:00:00Z,e.coli,120,Saugatuck River,2016,05-25
Saugatuck 2,2017-08-30T00:00:00Z,e.coli,120,Saugatuck River,2017,08-30
Sasco 9,2011-06-03T00:00:00Z,e.coli,120,Sasco Brook,2011,06-03
Hunt Club 4,2014-06-23T00:00:00Z,e.coli,120,Sasco Brook,2014,06-23
New 0.5,2023-09-26T00:00:00Z,entero,63,Greens Farms Brook,2023,09-26
Saugatuck 2,2019-09-23T00:00:00Z,e.coli,120,Saugatuck River,2019,09-23
Saugatuck 1,2007-08-23T00:00:00Z,e.coli,120,Saugatuck River,2007,08-23
Hunt Club 3,2013-06-21T00:00:00Z,e.coli,120,Sasco Brook,2013,06-21
Saugatuck 2,2011-06-02T00:00:00Z,e.coli,120,Saugatuck River,2011,06-02
Sasco 3,2014-06-16T00:00:00Z,e.coli,120,Sasco Brook,2014,06-16
Indian 3,2006-08-24T00:00:00Z,e.coli,120,Indian River,2006,08-24
Sasco 8,2016-09-12T00:00:00Z,e.coli,120,Sasco Brook,2016,09-12
Saugatuck 2,2016-06-02T00:00:00Z,e.coli,120,Saugatuck River,2016,06-02
Sasco 2,2014-06-01T00:00:00Z,e.coli,120,Sasco Brook,2014,06-01
Saugatuck 2,2005-06-16T00:00:00Z,e.coli,120,Saugatuck River,2005,06-16
Sasco 6,2016-09-12T00:00:00Z,e.coli,120,Sasco Brook,2016,09-12
Saugatuck 1,2005-06-16T00:00:00Z,e.coli,120,Saugatuck River,2005,06-16
Saugatuck 0.5,2022-06-14T00:00:00Z,entero,63,Saugatuck River,2022,06-14
Poplar 1.5,2009-07-23T00:00:00Z,e.coli,120,Saugatuck River,2009,07-23
Hunt Club 1,2016-06-29T00:00:00Z,e.coli,120,Sasco Brook,2016,06-29
Saugatuck 0.5,2021-06-16T00:00:00Z,entero,63,Saugatuck River,2021,06-16
West Saug 1,2008-06-12T00:00:00Z,e.coli,120,Saugatuck River,2008,06-12
Poplar 2,2011-08-11T00:00:00Z,e.coli,120,Saugatuck River,2011,08-11
Saugatuck 1,2011-07-13T00:00:00Z,e.coli,120,Saugatuck River,2011,07-13
Saugatuck 1,2016-07-19T00:00:00Z,e.coli,120,Saugatuck River,2016,07-19
Sasco 8,2016-07-28T00:00:00Z,e.coli,120,Sasco Brook,2016,07-28
Poplar 3,2011-07-07T00:00:00Z,e.coli,120,Saugatuck River,2011,07-07
SG1,2008-06-12T00:00:00Z,e.coli,120,Saugatuck River,2008,06-12
Sasco 5,2003-08-23T00:00:00Z,e.coli,120,Sasco Brook,2003,08-23
Sasco 2,2018-09-05T00:00:00Z,e.coli,120,Sasco Brook,2018,09-05
Sasco 1,2002-08-13T00:00:00Z,e.coli,120,Sasco Brook,2002,08-13
Saugatuck 1,2011-07-28T00:00:00Z,e.coli,120,Saugatuck River,2011,07-28
Sasco 6,2021-07-20T00:00:00Z,e.coli,120,Sasco Brook,2021,07-20
Sasco 9,1999-07-15T00:00:00Z,e.coli,121,Sasco Brook,1999,07-15
Sasco 8,1996-06-28T00:00:00Z,e.coli,121,Sasco Brook,1996,06-28
Sasco 6,1995-07-06T00:00:00Z,e.coli,121,Sasco Brook,1995,07-06
Saugatuck 0.25,2021-07-29T00:00:00Z,entero,63,Saugatuck River,2021,07-29
Sasco 2,1995-08-18T00:00:00Z,e.coli,121,Sasco Brook,1995,08-18
Sasco 9,1997-07-31T00:00:00Z,e.coli,121,Sasco Brook,1997,07-31
Pussy Willow 2.5,2019-05-22T00:00:00Z,e.coli,121,Pussy Willow Brook,2019,05-22
Sasco 9,2021-09-14T00:00:00Z,e.coli,122,Sasco Brook,2021,09-14
Deadman 7.3,2020-08-12T00:00:00Z,e.coli,122,Deadman Brook,2020,08-12
Sasco 6,1996-06-18T00:00:00Z,e.coli,122,Sasco Brook,1996,06-18
Saugatuck 1,2021-06-16T00:00:00Z,e.coli,122,Saugatuck River,2021,06-16
Deadman 5,2021-08-31T00:00:00Z,e.coli,123,Deadman Brook,2021,08-31
Deadman 9,2021-07-15T00:00:00Z,e.coli,124,Deadman Brook,2021,07-15
Sasco 7,2021-06-29T00:00:00Z,e.coli,124,Sasco Brook,2021,06-29
Poplar 2,2017-05-15T00:00:00Z,e.coli,124,Saugatuck River,2017,05-15
Saugatuck 0.5,2020-06-03T00:00:00Z,entero,63,Saugatuck River,2020,06-03
Indian 1,2006-09-21T00:00:00Z,e.coli,124,Indian River,2006,09-21
Sasco 8,2014-05-21T00:00:00Z,e.coli,124,Sasco Brook,2014,05-21
Indian 2,2018-05-31T00:00:00Z,e.coli,124,Indian River,2018,05-31
Sasco 6,2018-05-30T00:00:00Z,e.coli,124,Sasco Brook,2018,05-30
Sasco 9,2013-08-07T00:00:00Z,e.coli,124,Sasco Brook,2013,08-07
Hunt Club 1,2021-09-14T00:00:00Z,e.coli,124,Sasco Brook,2021,09-14
Poplar 4,2011-06-23T00:00:00Z,e.coli,124,Saugatuck River,2011,06-23
Sasco 8,2018-06-20T00:00:00Z,e.coli,124,Sasco Brook,2018,06-20
Sasco 7,2016-06-29T00:00:00Z,e.coli,124,Sasco Brook,2016,06-29
Sasco 7,2016-06-29T00:00:00Z,e.coli,124,Sasco Brook,2016,06-29
Sasco 3,2018-08-16T00:00:00Z,e.coli,124,Sasco Brook,2018,08-16
Sasco 2,2022-05-24T00:00:00Z,entero,63,Sasco Brook,2022,05-24
Deadman 7,2020-05-06T00:00:00Z,e.coli,126,Deadman Brook,2020,05-06
Deadman 3.5,2021-08-05T00:00:00Z,e.coli,126,Deadman Brook,2021,08-05
Sasco 6,2021-08-09T00:00:00Z,e.coli,126,Sasco Brook,2021,08-09
Saugatuck 1,2020-06-24T00:00:00Z,e.coli,126,Saugatuck River,2020,06-24
Pussy Willow 3,2019-05-22T00:00:00Z,e.coli,126,Pussy Willow Brook,2019,05-22
Saugatuck 2,2018-06-06T00:00:00Z,e.coli,126,Saugatuck River,2018,06-06
Sasco 7,2019-09-16T00:00:00Z,e.coli,126,Sasco Brook,2019,09-16
Muddy 6,2019-05-06T00:00:00Z,e.coli,127,Muddy Brook,2019,05-06
Pussy Willow 3,2019-06-03T00:00:00Z,e.coli,127,Pussy Willow Brook,2019,06-03
Deadman 8,2022-08-10T00:00:00Z,e.coli,127,Deadman Brook,2022,08-10
Muddy 1,2017-05-04T00:00:00Z,e.coli,128,Muddy Brook,2017,05-04
Saugatuck 2,2008-05-22T00:00:00Z,e.coli,128,Saugatuck River,2008,05-22
Saugatuck 0.75,2022-07-07T00:00:00Z,entero,63,Saugatuck River,2022,07-07
Saugatuck 1,2006-05-18T00:00:00Z,e.coli,128,Saugatuck River,2006,05-18
Muddy 3,2019-05-21T00:00:00Z,e.coli,128,Muddy Brook,2019,05-21
Muddy 4,2018-09-24T00:00:00Z,e.coli,128,Muddy Brook,2018,09-24
Sasco 7,2016-06-15T00:00:00Z,e.coli,128,Sasco Brook,2016,06-15
Sasco 6,2003-09-11T00:00:00Z,e.coli,128,Sasco Brook,2003,09-11
Saugatuck 2,2017-08-08T00:00:00Z,e.coli,128,Saugatuck River,2017,08-08
Sasco 7,2018-05-30T00:00:00Z,e.coli,128,Sasco Brook,2018,05-30
Indian 2,2016-05-26T00:00:00Z,e.coli,128,Indian River,2016,05-26
Sasco 6,2002-09-10T00:00:00Z,e.coli,128,Sasco Brook,2002,09-10
Indian 3,2005-08-18T00:00:00Z,e.coli,128,Indian River,2005,08-18
Saugatuck 1,2007-06-28T00:00:00Z,e.coli,128,Saugatuck River,2007,06-28
Saugatuck 0.25,2018-06-20T00:00:00Z,e.coli,128,Saugatuck River,2018,06-20
Sasco 7,2018-07-16T00:00:00Z,e.coli,128,Sasco Brook,2018,07-16
Sasco 6,2016-07-18T00:00:00Z,e.coli,128,Sasco Brook,2016,07-18
SG1,2011-06-01T00:00:00Z,e.coli,128,Saugatuck River,2011,06-01
Poplar 2,2017-07-11T00:00:00Z,e.coli,128,Saugatuck River,2017,07-11
Sasco 5,2005-08-24T00:00:00Z,e.coli,128,Sasco Brook,2005,08-24
Deadman 3.5,2020-09-24T00:00:00Z,e.coli,128,Deadman Brook,2020,09-24
Deadman 7,2021-05-26T00:00:00Z,e.coli,128,Deadman Brook,2021,05-26
Sasco 1,2000-07-17T00:00:00Z,e.coli,129,Sasco Brook,2000,07-17
Sasco 1,2000-07-17T00:00:00Z,entero,28,Sasco Brook,2000,07-17
Saugatuck 2,2021-06-07T00:00:00Z,e.coli,130,Saugatuck River,2021,06-07
West Saug 1,2020-08-27T00:00:00Z,e.coli,130,Saugatuck River,2020,08-27
Sasco 1,2021-07-20T00:00:00Z,entero,63,Sasco Brook,2021,07-20
SG1,2006-05-04T00:00:00Z,e.coli,130,Saugatuck River,2006,05-04
Saugatuck 1,2005-06-02T00:00:00Z,e.coli,130,Saugatuck River,2005,06-02
Pussy Willow 5,2014-09-30T00:00:00Z,e.coli,130,Pussy Willow Brook,2014,09-30
Indian 1,2007-05-31T00:00:00Z,e.coli,130,Indian River,2007,05-31
Sasco 6,2011-08-19T00:00:00Z,e.coli,130,Sasco Brook,2011,08-19
Sasco 6,2019-07-09T00:00:00Z,e.coli,130,Sasco Brook,2019,07-09
Poplar 2,2006-07-20T00:00:00Z,e.coli,130,Saugatuck River,2006,07-20
New 1,2012-07-17T00:00:00Z,e.coli,130,Greens Farms Brook,2012,07-17
Sasco 6,2011-06-22T00:00:00Z,e.coli,130,Sasco Brook,2011,06-22
Hunt Club 4,2014-06-18T00:00:00Z,e.coli,130,Sasco Brook,2014,06-18
Saugatuck 0.75,2020-07-06T00:00:00Z,entero,63,Saugatuck River,2020,07-06
Sasco 6,1998-07-14T00:00:00Z,e.coli,130,Sasco Brook,1998,07-14
Saugatuck 1,2019-09-23T00:00:00Z,e.coli,131,Saugatuck River,2019,09-23
Hunt Club 5,2014-05-21T00:00:00Z,e.coli,132,Sasco Brook,2014,05-21
Deadman 8,2013-05-20T00:00:00Z,e.coli,132,Deadman Brook,2013,05-20
Deadman 3,2018-09-24T00:00:00Z,e.coli,132,Deadman Brook,2018,09-24
New 3,2013-09-19T00:00:00Z,e.coli,132,Greens Farms Brook,2013,09-19
Saugatuck 2,2011-05-25T00:00:00Z,e.coli,132,Saugatuck River,2011,05-25
Sasco 6,2013-06-05T00:00:00Z,e.coli,132,Sasco Brook,2013,06-05
Indian 3,2008-09-11T00:00:00Z,e.coli,132,Indian River,2008,09-11
Saugatuck 2,2006-06-08T00:00:00Z,e.coli,132,Saugatuck River,2006,06-08
West Saug 1,2017-08-08T00:00:00Z,e.coli,132,Saugatuck River,2017,08-08
Sasco 4,2014-06-23T00:00:00Z,e.coli,132,Sasco Brook,2014,06-23
Poplar 2,2017-08-03T00:00:00Z,e.coli,132,Saugatuck River,2017,08-03
Sasco 9,2016-09-12T00:00:00Z,e.coli,132,Sasco Brook,2016,09-12
New 0.5,2012-06-12T00:00:00Z,e.coli,132,Greens Farms Brook,2012,06-12
Indian 1.75,2022-09-21T00:00:00Z,e.coli,321,Indian River,2022,09-21
Saugatuck 2,2011-06-01T00:00:00Z,e.coli,132,Saugatuck River,2011,06-01
Saugatuck 1,2008-06-12T00:00:00Z,e.coli,132,Saugatuck River,2008,06-12
Saugatuck 2,2008-07-31T00:00:00Z,e.coli,132,Saugatuck River,2008,07-31
Poplar 1.5,2009-07-28T00:00:00Z,e.coli,132,Saugatuck River,2009,07-28
Sasco 6,2013-07-08T00:00:00Z,e.coli,132,Sasco Brook,2013,07-08
Saugatuck 1,2008-08-15T00:00:00Z,e.coli,132,Saugatuck River,2008,08-15
West Saug 1,2020-08-13T00:00:00Z,e.coli,133,Saugatuck River,2020,08-13
Deadman 4,2023-05-31T00:00:00Z,e.coli,133,Deadman Brook,2023,05-31
Sasco 6,2023-09-06T00:00:00Z,e.coli,133,Sasco Brook,2023,09-06
Sasco 5,1999-09-27T00:00:00Z,e.coli,133,Sasco Brook,1999,09-27
Sasco 1,2023-05-18T00:00:00Z,entero,72,Sasco Brook,2023,05-18
Stony 2,2020-06-23T00:00:00Z,e.coli,133,Stony Brook,2020,06-23
Deadman 7.1,2020-08-12T00:00:00Z,e.coli,134,Deadman Brook,2020,08-12
Sasco 6,2003-06-09T00:00:00Z,e.coli,134,Sasco Brook,2003,06-09
Muddy 1,2019-09-16T00:00:00Z,e.coli,135,Muddy Brook,2019,09-16
Saugatuck 2,2019-06-26T00:00:00Z,e.coli,135,Saugatuck River,2019,06-26
Muddy 5,2018-08-30T00:00:00Z,e.coli,135,Muddy Brook,2018,08-30
Stony 4,2022-06-14T00:00:00Z,e.coli,135,Stony Brook,2022,06-14
Saugatuck 0.75,2021-07-29T00:00:00Z,entero,73,Saugatuck River,2021,07-29
Saugatuck 2,2020-07-06T00:00:00Z,e.coli,135,Saugatuck River,2020,07-06
Saugatuck 1,2022-07-25T00:00:00Z,e.coli,135,Saugatuck River,2022,07-25
Sasco 7,2018-06-07T00:00:00Z,e.coli,136,Sasco Brook,2018,06-07
Stony 1,2022-07-25T00:00:00Z,e.coli,2420,Stony Brook,2022,07-25
Stony 1,2022-07-25T00:00:00Z,entero,73,Stony Brook,2022,07-25
Sasco 7,2016-06-20T00:00:00Z,e.coli,136,Sasco Brook,2016,06-20
Muddy 5,2017-08-10T00:00:00Z,e.coli,136,Muddy Brook,2017,08-10
Saugatuck 1,2007-09-27T00:00:00Z,e.coli,136,Saugatuck River,2007,09-27
Deadman 8,2013-08-12T00:00:00Z,e.coli,136,Deadman Brook,2013,08-12
Sasco 6,2004-07-12T00:00:00Z,e.coli,136,Sasco Brook,2004,07-12
Sasco 6,2005-07-13T00:00:00Z,e.coli,136,Sasco Brook,2005,07-13
Sasco 6,2011-09-27T00:00:00Z,e.coli,136,Sasco Brook,2011,09-27
Sasco 9,2010-08-21T00:00:00Z,e.coli,136,Sasco Brook,2010,08-21
Poplar 2,2009-08-25T00:00:00Z,e.coli,136,Saugatuck River,2009,08-25
New 0.5,2012-09-19T00:00:00Z,e.coli,136,Greens Farms Brook,2012,09-19
Sasco 4,2016-07-18T00:00:00Z,e.coli,136,Sasco Brook,2016,07-18
Sasco 8,2000-07-19T00:00:00Z,e.coli,136,Sasco Brook,2000,07-19
Sasco 6,1997-06-20T00:00:00Z,e.coli,136,Sasco Brook,1997,06-20
Sasco 7,2000-08-10T00:00:00Z,e.coli,136,Sasco Brook,2000,08-10
Deadman 5,2023-08-09T00:00:00Z,e.coli,137,Deadman Brook,2023,08-09
Muddy 5,2022-05-17T00:00:00Z,e.coli,137,Muddy Brook,2022,05-17
Hunt Club 1,2022-05-24T00:00:00Z,e.coli,138,Sasco Brook,2022,05-24
Deadman 5,2021-08-05T00:00:00Z,e.coli,138,Deadman Brook,2021,08-05
Poplar 4,2017-05-10T00:00:00Z,e.coli,138,Saugatuck River,2017,05-10
Sasco 4,2010-05-20T00:00:00Z,e.coli,138,Sasco Brook,2010,05-20
Sasco 6,2000-06-20T00:00:00Z,e.coli,140,Sasco Brook,2000,06-20
Sasco 9,1996-09-07T00:00:00Z,e.coli,140,Sasco Brook,1996,09-07
Sasco 6,2021-08-26T00:00:00Z,e.coli,140,Sasco Brook,2021,08-26
West Saug 1,2006-05-18T00:00:00Z,e.coli,140,Saugatuck River,2006,05-18
Indian 2,2017-06-06T00:00:00Z,e.coli,140,Indian River,2017,06-06
SG1,2006-05-18T00:00:00Z,e.coli,140,Saugatuck River,2006,05-18
Pussy Willow 3,2006-09-13T00:00:00Z,e.coli,140,Pussy Willow Brook,2006,09-13
Sasco 3,2016-05-19T00:00:00Z,e.coli,140,Sasco Brook,2016,05-19
Stony 2,2013-09-25T00:00:00Z,e.coli,140,Stony Brook,2013,09-25
Indian 3,2007-06-14T00:00:00Z,e.coli,140,Indian River,2007,06-14
Sasco 2,2023-05-03T00:00:00Z,entero,74,Sasco Brook,2023,05-03
Pussy Willow 2,2006-05-17T00:00:00Z,e.coli,140,Pussy Willow Brook,2006,05-17
Muddy 6,2017-09-05T00:00:00Z,e.coli,140,Muddy Brook,2017,09-05
Poplar 2,2007-05-31T00:00:00Z,e.coli,140,Saugatuck River,2007,05-31
Pussy Willow 5,2012-06-18T00:00:00Z,e.coli,140,Pussy Willow Brook,2012,06-18
Sasco 9,2004-06-14T00:00:00Z,e.coli,140,Sasco Brook,2004,06-14
Sasco 8,2016-06-15T00:00:00Z,e.coli,140,Sasco Brook,2016,06-15
Sasco 9,2016-06-14T00:00:00Z,e.coli,140,Sasco Brook,2016,06-14
Deadman 7,2018-05-30T00:00:00Z,e.coli,140,Deadman Brook,2018,05-30
Indian 3,2007-08-23T00:00:00Z,e.coli,140,Indian River,2007,08-23
Poplar 2,2010-05-25T00:00:00Z,e.coli,140,Saugatuck River,2010,05-25
Muddy 4,2019-09-16T00:00:00Z,e.coli,140,Muddy Brook,2019,09-16
New 1,2016-06-06T00:00:00Z,e.coli,140,Greens Farms Brook,2016,06-06
Hunt Club 4,2014-07-09T00:00:00Z,e.coli,140,Sasco Brook,2014,07-09
New 3,2013-09-12T00:00:00Z,e.coli,140,Greens Farms Brook,2013,09-12
Muddy 3,2018-08-30T00:00:00Z,e.coli,140,Muddy Brook,2018,08-30
West Saug 1,2007-07-26T00:00:00Z,e.coli,140,Saugatuck River,2007,07-26
Sasco 9,2011-08-19T00:00:00Z,e.coli,140,Sasco Brook,2011,08-19
Saugatuck 2,2016-07-19T00:00:00Z,e.coli,140,Saugatuck River,2016,07-19
West Saug 1,2007-06-28T00:00:00Z,e.coli,140,Saugatuck River,2007,06-28
Sasco 7,2018-08-16T00:00:00Z,e.coli,140,Sasco Brook,2018,08-16
Sasco 6,2019-07-31T00:00:00Z,e.coli,140,Sasco Brook,2019,07-31
Saugatuck 0.5,2021-09-07T00:00:00Z,entero,74,Saugatuck River,2021,09-07
Sasco 1,2001-08-30T00:00:00Z,e.coli,140,Sasco Brook,2001,08-30
Sasco 1,2014-07-28T00:00:00Z,e.coli,140,Sasco Brook,2014,07-28
Muddy 6,2006-08-16T00:00:00Z,e.coli,140,Muddy Brook,2006,08-16
Poplar 2,2008-05-31T00:00:00Z,e.coli,140,Saugatuck River,2008,05-31
Stony 3,2020-09-22T00:00:00Z,e.coli,141,Stony Brook,2020,09-22
New 3,2023-07-31T00:00:00Z,e.coli,141,Greens Farms Brook,2023,07-31
Sasco 9,2019-09-09T00:00:00Z,e.coli,142,Sasco Brook,2019,09-09
Sasco 9,2005-07-27T00:00:00Z,e.coli,142,Sasco Brook,2005,07-27
Muddy 5,2022-09-20T00:00:00Z,e.coli,142,Muddy Brook,2022,09-20
Stony 3,2023-06-26T00:00:00Z,e.coli,142,Stony Brook,2023,06-26
West Saug 1.5,2021-07-12T00:00:00Z,e.coli,142,Saugatuck River,2021,07-12
Sasco 6,2022-07-14T00:00:00Z,e.coli,142,Sasco Brook,2022,07-14
Sasco 9,2000-07-18T00:00:00Z,e.coli,143,Sasco Brook,2000,07-18
Hunt Club 2,2003-05-29T00:00:00Z,e.coli,144,Sasco Brook,2003,05-29
Sasco 9,2003-05-29T00:00:00Z,e.coli,144,Sasco Brook,2003,05-29
Saugatuck 1,2017-05-22T00:00:00Z,e.coli,144,Saugatuck River,2017,05-22
Saugatuck 0.75,2022-08-01T00:00:00Z,entero,74,Saugatuck River,2022,08-01
Sasco 9,2010-05-25T00:00:00Z,e.coli,144,Sasco Brook,2010,05-25
Deadman 5,2018-05-30T00:00:00Z,e.coli,144,Deadman Brook,2018,05-30
Saugatuck 1,2016-09-13T00:00:00Z,e.coli,144,Saugatuck River,2016,09-13
Muddy 4,2012-08-22T00:00:00Z,e.coli,144,Muddy Brook,2012,08-22
Sasco 1,2023-08-09T00:00:00Z,entero,74,Sasco Brook,2023,08-09
Hunt Club 1,2010-08-21T00:00:00Z,e.coli,144,Sasco Brook,2010,08-21
Sasco 2,2023-09-06T00:00:00Z,entero,74,Sasco Brook,2023,09-06
Saugatuck 2,2007-07-12T00:00:00Z,e.coli,144,Saugatuck River,2007,07-12
West Saug 1,2016-08-09T00:00:00Z,e.coli,144,Saugatuck River,2016,08-09
Sasco 6,2013-06-26T00:00:00Z,e.coli,144,Sasco Brook,2013,06-26
Sasco 1,2023-07-27T00:00:00Z,entero,74,Sasco Brook,2023,07-27
West Saug 1,2008-07-10T00:00:00Z,e.coli,144,Saugatuck River,2008,07-10
Sasco 9,1997-09-11T00:00:00Z,e.coli,144,Sasco Brook,1997,09-11
Deadman 9,2023-05-02T00:00:00Z,e.coli,144,Deadman Brook,2023,05-02
Muddy 1,2017-09-05T00:00:00Z,e.coli,145,Muddy Brook,2017,09-05
Muddy 1,2018-08-30T00:00:00Z,e.coli,145,Muddy Brook,2018,08-30
Sasco 9,1999-07-19T00:00:00Z,e.coli,146,Sasco Brook,1999,07-19
New 3,1998-07-15T00:00:00Z,e.coli,146,Greens Farms Brook,1998,07-15
Sasco 9,2022-05-24T00:00:00Z,e.coli,147,Sasco Brook,2022,05-24
Stony 3,2022-05-23T00:00:00Z,e.coli,147,Stony Brook,2022,05-23
Hunt Club 2,2011-05-23T00:00:00Z,e.coli,148,Sasco Brook,2011,05-23
Hunt Club 2,2011-06-06T00:00:00Z,e.coli,148,Sasco Brook,2011,06-06
Muddy 4,2018-09-24T00:00:00Z,e.coli,148,Muddy Brook,2018,09-24
SG1,2005-06-02T00:00:00Z,e.coli,148,Saugatuck River,2005,06-02
Pussy Willow 1,2014-09-30T00:00:00Z,e.coli,148,Pussy Willow Brook,2014,09-30
Sasco 6,2001-07-12T00:00:00Z,e.coli,148,Sasco Brook,2001,07-12
Sasco 5,2011-06-07T00:00:00Z,e.coli,148,Sasco Brook,2011,06-07
Sasco 2,2016-06-14T00:00:00Z,e.coli,148,Sasco Brook,2016,06-14
Sasco 3,2023-05-03T00:00:00Z,e.coli,42,Sasco Brook,2023,05-03
Sasco 3,2023-05-03T00:00:00Z,entero,74,Sasco Brook,2023,05-03
Saugatuck 2,2007-09-27T00:00:00Z,e.coli,148,Saugatuck River,2007,09-27
Hunt Club 4,2014-07-23T00:00:00Z,e.coli,148,Sasco Brook,2014,07-23
Sasco 9,2005-07-13T00:00:00Z,e.coli,148,Sasco Brook,2005,07-13
Sasco 9,2002-07-30T00:00:00Z,e.coli,148,Sasco Brook,2002,07-30
Poplar 2,2005-09-01T00:00:00Z,e.coli,148,Saugatuck River,2005,09-01
Sasco 2,2016-07-28T00:00:00Z,e.coli,148,Sasco Brook,2016,07-28
Pussy Willow 3,2009-07-08T00:00:00Z,e.coli,148,Pussy Willow Brook,2009,07-08
Deadman 2,2020-05-21T00:00:00Z,e.coli,148,Deadman Brook,2020,05-21
Deadman 7.1,2020-08-24T00:00:00Z,e.coli,150,Deadman Brook,2020,08-24
Sasco 9,2005-05-24T00:00:00Z,e.coli,150,Sasco Brook,2005,05-24
Muddy 1,2006-09-13T00:00:00Z,e.coli,150,Muddy Brook,2006,09-13
Indian 3,2006-05-04T00:00:00Z,e.coli,150,Indian River,2006,05-04
Pussy Willow 1,2014-09-16T00:00:00Z,e.coli,150,Pussy Willow Brook,2014,09-16
Hunt Club 4,2013-06-21T00:00:00Z,e.coli,150,Sasco Brook,2013,06-21
Pussy Willow 1,2014-09-23T00:00:00Z,e.coli,150,Pussy Willow Brook,2014,09-23
Indian 3.1,2022-09-21T00:00:00Z,e.coli,437,Indian River,2022,09-21
Hunt Club 4,2016-06-29T00:00:00Z,e.coli,150,Sasco Brook,2016,06-29
Saugatuck 0.5,2018-08-01T00:00:00Z,e.coli,150,Saugatuck River,2018,08-01
Deadman 2,2022-05-11T00:00:00Z,e.coli,152,Deadman Brook,2022,05-11
West Saug 1.5,2021-06-16T00:00:00Z,e.coli,152,Saugatuck River,2021,06-16
Saugatuck 0.75,2020-06-03T00:00:00Z,entero,74,Saugatuck River,2020,06-03
SG1,2011-05-20T00:00:00Z,e.coli,152,Saugatuck River,2011,05-20
Sasco 6,2016-06-14T00:00:00Z,e.coli,152,Sasco Brook,2016,06-14
Sasco 3,2013-09-24T00:00:00Z,e.coli,152,Sasco Brook,2013,09-24
Pussy Willow 2,2012-05-29T00:00:00Z,e.coli,152,Pussy Willow Brook,2012,05-29
Sasco 8,2018-05-30T00:00:00Z,e.coli,152,Sasco Brook,2018,05-30
Sasco 9,2002-09-10T00:00:00Z,e.coli,152,Sasco Brook,2002,09-10
West Saug 1,2008-06-26T00:00:00Z,e.coli,152,Saugatuck River,2008,06-26
Hunt Club 3,2014-07-09T00:00:00Z,e.coli,152,Sasco Brook,2014,07-09
Muddy 6,2018-08-30T00:00:00Z,e.coli,152,Muddy Brook,2018,08-30
Sasco 9,2004-08-09T00:00:00Z,e.coli,152,Sasco Brook,2004,08-09
Saugatuck 2,2007-06-28T00:00:00Z,e.coli,152,Saugatuck River,2007,06-28
Sasco 9,2011-06-01T00:00:00Z,e.coli,152,Sasco Brook,2011,06-01
Deadman 8,2013-07-29T00:00:00Z,e.coli,152,Deadman Brook,2013,07-29
Sasco 1,2001-08-22T00:00:00Z,e.coli,152,Sasco Brook,2001,08-22
Sasco 5,2005-07-27T00:00:00Z,e.coli,152,Sasco Brook,2005,07-27
Sasco 6,1995-06-03T00:00:00Z,e.coli,152,Sasco Brook,1995,06-03
Sasco 7,2000-07-19T00:00:00Z,e.coli,152,Sasco Brook,2000,07-19
Sasco 9,1995-08-16T00:00:00Z,e.coli,152,Sasco Brook,1995,08-16
Sasco 8,2000-08-10T00:00:00Z,e.coli,152,Sasco Brook,2000,08-10
Sasco 1,2000-08-23T00:00:00Z,e.coli,152,Sasco Brook,2000,08-23
Stony 5,2023-06-26T00:00:00Z,e.coli,153,Stony Brook,2023,06-26
Muddy 3,2019-09-16T00:00:00Z,e.coli,153,Muddy Brook,2019,09-16
Sasco 9,1996-06-06T00:00:00Z,e.coli,154,Sasco Brook,1996,06-06
Poplar 4,2017-08-14T00:00:00Z,e.coli,155,Saugatuck River,2017,08-14
Stony 2,2023-06-13T00:00:00Z,e.coli,155,Stony Brook,2023,06-13
Sasco 7,2010-05-25T00:00:00Z,e.coli,156,Sasco Brook,2010,05-25
Sasco 5,2013-05-22T00:00:00Z,e.coli,156,Sasco Brook,2013,05-22
Indian 3,2007-09-27T00:00:00Z,e.coli,156,Indian River,2007,09-27
Muddy 2,2019-07-09T00:00:00Z,e.coli,156,Muddy Brook,2019,07-09
Sasco 6,2023-08-17T00:00:00Z,e.coli,156,Sasco Brook,2023,08-17
Pussy Willow 3,2011-09-26T00:00:00Z,e.coli,156,Pussy Willow Brook,2011,09-26
Sasco 2,2022-09-08T00:00:00Z,entero,74,Sasco Brook,2022,09-08
Saugatuck 1,2007-07-26T00:00:00Z,e.coli,156,Saugatuck River,2007,07-26
Sasco 5,2005-09-21T00:00:00Z,e.coli,156,Sasco Brook,2005,09-21
Saugatuck 0.5,2020-07-06T00:00:00Z,entero,74,Saugatuck River,2020,07-06
Sasco 9,2016-07-28T00:00:00Z,e.coli,156,Sasco Brook,2016,07-28
Sasco 2,2016-07-18T00:00:00Z,e.coli,156,Sasco Brook,2016,07-18
Sasco 6,2021-06-01T00:00:00Z,e.coli,156,Sasco Brook,2021,06-01
Sasco 9,2021-08-26T00:00:00Z,e.coli,157,Sasco Brook,2021,08-26
Sasco 2,2022-08-22T00:00:00Z,entero,74,Sasco Brook,2022,08-22
Deadman 8,2021-08-05T00:00:00Z,e.coli,158,Deadman Brook,2021,08-05
Hunt Club 2,2021-05-24T00:00:00Z,e.coli,158,Sasco Brook,2021,05-24
Sasco 9,2019-06-04T00:00:00Z,e.coli,158,Sasco Brook,2019,06-04
Poplar 4,2010-06-01T00:00:00Z,e.coli,158,Saugatuck River,2010,06-01
Pussy Willow 5,2019-08-05T00:00:00Z,e.coli,158,Pussy Willow Brook,2019,08-05
Stony 5,2022-08-15T00:00:00Z,e.coli,160,Stony Brook,2022,08-15
Saugatuck 2,2021-09-07T00:00:00Z,e.coli,160,Saugatuck River,2021,09-07
Sasco 6,1999-07-08T00:00:00Z,e.coli,160,Sasco Brook,1999,07-08
Deadman 3,2012-09-25T00:00:00Z,e.coli,160,Deadman Brook,2012,09-25
Hunt Club 2,2010-06-09T00:00:00Z,e.coli,160,Sasco Brook,2010,06-09
Pussy Willow 2,2012-06-18T00:00:00Z,e.coli,160,Pussy Willow Brook,2012,06-18
Hunt Club 2,2011-06-01T00:00:00Z,e.coli,160,Sasco Brook,2011,06-01
Sasco 3,2002-06-17T00:00:00Z,e.coli,160,Sasco Brook,2002,06-17
Lamplight 1,2012-06-06T00:00:00Z,e.coli,160,Pussy Willow Brook,2012,06-06
Sasco 9,2004-05-17T00:00:00Z,e.coli,160,Sasco Brook,2004,05-17
Saugatuck 1,2017-06-29T00:00:00Z,e.coli,160,Saugatuck River,2017,06-29
Deadman 1,2018-09-24T00:00:00Z,e.coli,160,Deadman Brook,2018,09-24
Sasco 9,2004-07-01T00:00:00Z,e.coli,160,Sasco Brook,2004,07-01
Saugatuck 1,2016-06-16T00:00:00Z,e.coli,160,Saugatuck River,2016,06-16
West Saug 1,2006-08-24T00:00:00Z,e.coli,160,Saugatuck River,2006,08-24
Hunt Club 3,2013-06-18T00:00:00Z,e.coli,160,Sasco Brook,2013,06-18
Saugatuck 0.75,2020-06-24T00:00:00Z,entero,74,Saugatuck River,2020,06-24
Sasco 5,2003-09-10T00:00:00Z,e.coli,160,Sasco Brook,2003,09-10
Saugatuck 1,2011-06-30T00:00:00Z,e.coli,160,Saugatuck River,2011,06-30
Muddy 4,2012-07-11T00:00:00Z,e.coli,160,Muddy Brook,2012,07-11
Saugatuck 2,2008-06-12T00:00:00Z,e.coli,160,Saugatuck River,2008,06-12
Deadman 7,2018-08-30T00:00:00Z,e.coli,160,Deadman Brook,2018,08-30
Poplar 2,2008-07-10T00:00:00Z,e.coli,160,Saugatuck River,2008,07-10
Sasco 5,2004-07-01T00:00:00Z,e.coli,160,Sasco Brook,2004,07-01
Sasco 1,2001-09-26T00:00:00Z,e.coli,160,Sasco Brook,2001,09-26
West Saug 1,2016-07-06T00:00:00Z,e.coli,160,Saugatuck River,2016,07-06
West Saug 1,2006-07-20T00:00:00Z,e.coli,160,Saugatuck River,2006,07-20
Deadman 3.5,2018-08-07T00:00:00Z,e.coli,160,Deadman Brook,2018,08-07
Sasco 1,2003-08-12T00:00:00Z,e.coli,160,Sasco Brook,2003,08-12
Saugatuck 0.25,2018-08-01T00:00:00Z,e.coli,160,Saugatuck River,2018,08-01
Sasco 1,2001-08-09T00:00:00Z,e.coli,160,Sasco Brook,2001,08-09
Sasco 2,2014-07-21T00:00:00Z,e.coli,160,Sasco Brook,2014,07-21
Sasco 1,2014-09-02T00:00:00Z,e.coli,160,Sasco Brook,2014,09-02
Sasco 8,2016-06-22T00:00:00Z,e.coli,160,Sasco Brook,2016,06-22
Muddy 5,2019-05-06T00:00:00Z,e.coli,161,Muddy Brook,2019,05-06
Saugatuck 0.75,2020-07-20T00:00:00Z,entero,74,Saugatuck River,2020,07-20
Sasco 6,2019-09-16T00:00:00Z,e.coli,161,Sasco Brook,2019,09-16
Hunt Club 2,2022-05-24T00:00:00Z,e.coli,162,Sasco Brook,2022,05-24
Sasco 6,2022-05-24T00:00:00Z,e.coli,162,Sasco Brook,2022,05-24
Deadman 4,2021-06-07T00:00:00Z,e.coli,162,Deadman Brook,2021,06-07
Deadman 8,2021-07-26T00:00:00Z,e.coli,162,Deadman Brook,2021,07-26
Deadman 8,2021-07-15T00:00:00Z,e.coli,162,Deadman Brook,2021,07-15
Muddy 3,2022-05-17T00:00:00Z,e.coli,162,Muddy Brook,2022,05-17
Sasco 9,2023-08-17T00:00:00Z,e.coli,162,Sasco Brook,2023,08-17
Sasco 9,2003-06-09T00:00:00Z,e.coli,162,Sasco Brook,2003,06-09
Pussy Willow 2.5,2019-06-03T00:00:00Z,e.coli,162,Pussy Willow Brook,2019,06-03
Deadman 3,2022-05-17T00:00:00Z,e.coli,162,Deadman Brook,2022,05-17
Deadman 3,2023-09-27T00:00:00Z,e.coli,163,Deadman Brook,2023,09-27
Deadman 3,2021-09-14T00:00:00Z,e.coli,163,Deadman Brook,2021,09-14
Deadman 8,2023-08-09T00:00:00Z,e.coli,163,Deadman Brook,2023,08-09
Sasco 6,2018-06-07T00:00:00Z,e.coli,164,Sasco Brook,2018,06-07
Hunt Club 4,2016-06-15T00:00:00Z,e.coli,164,Sasco Brook,2016,06-15
Sasco 5,2011-05-25T00:00:00Z,e.coli,164,Sasco Brook,2011,05-25
Sasco 2,2014-06-16T00:00:00Z,e.coli,164,Sasco Brook,2014,06-16
Sasco 3,2014-06-23T00:00:00Z,e.coli,164,Sasco Brook,2014,06-23
Poplar 4,2017-09-21T00:00:00Z,e.coli,164,Saugatuck River,2017,09-21
Poplar 1.5,2011-06-23T00:00:00Z,e.coli,164,Saugatuck River,2011,06-23
Sasco 4,2014-07-21T00:00:00Z,e.coli,164,Sasco Brook,2014,07-21
Saugatuck 1,2017-07-19T00:00:00Z,e.coli,164,Saugatuck River,2017,07-19
Sasco 7,2016-07-28T00:00:00Z,e.coli,164,Sasco Brook,2016,07-28
Deadman 0.5,2020-09-24T00:00:00Z,entero,74,Deadman Brook,2020,09-24
Muddy 6,2008-06-27T00:00:00Z,e.coli,164,Muddy Brook,2008,06-27
Muddy 4,2017-05-04T00:00:00Z,e.coli,166,Muddy Brook,2017,05-04
Stony 4,2019-05-23T00:00:00Z,e.coli,166,Stony Brook,2019,05-23
Sasco 9,2019-07-09T00:00:00Z,e.coli,166,Sasco Brook,2019,07-09
Muddy 2,2022-08-10T00:00:00Z,e.coli,166,Muddy Brook,2022,08-10
Stony 4,2023-08-02T00:00:00Z,e.coli,166,Stony Brook,2023,08-02
Stony 3,2022-07-25T00:00:00Z,e.coli,166,Stony Brook,2022,07-25
Muddy 3,2019-09-09T00:00:00Z,e.coli,167,Muddy Brook,2019,09-09
Muddy 1,2019-09-09T00:00:00Z,e.coli,167,Muddy Brook,2019,09-09
Sasco 9,2019-07-31T00:00:00Z,e.coli,167,Sasco Brook,2019,07-31
West Saug 1.5,2021-09-07T00:00:00Z,e.coli,167,Saugatuck River,2021,09-07
Sasco 2,1996-08-07T00:00:00Z,e.coli,168,Sasco Brook,1996,08-07
Sasco 9,1995-06-03T00:00:00Z,e.coli,168,Sasco Brook,1995,06-03
Sasco 7,1998-06-22T00:00:00Z,e.coli,168,Sasco Brook,1998,06-22
Sasco 6,2000-07-10T00:00:00Z,e.coli,168,Sasco Brook,2000,07-10
Sasco 9,1999-07-12T00:00:00Z,e.coli,168,Sasco Brook,1999,07-12
Sasco 6,1995-07-21T00:00:00Z,e.coli,168,Sasco Brook,1995,07-21
Sasco 6,2000-08-07T00:00:00Z,e.coli,168,Sasco Brook,2000,08-07
Sasco 8,2010-05-25T00:00:00Z,e.coli,168,Sasco Brook,2010,05-25
New 2,2013-09-26T00:00:00Z,e.coli,168,Greens Farms Brook,2013,09-26
Saugatuck 0.75,2019-06-26T00:00:00Z,entero,75,Saugatuck River,2019,06-26
Sasco 9,2002-09-24T00:00:00Z,e.coli,168,Sasco Brook,2002,09-24
Indian 1,2008-08-28T00:00:00Z,e.coli,168,Indian River,2008,08-28
Sasco 8,2016-06-29T00:00:00Z,e.coli,168,Sasco Brook,2016,06-29
Sasco 8,2016-06-29T00:00:00Z,e.coli,168,Sasco Brook,2016,06-29
Sasco 9,2011-06-08T00:00:00Z,e.coli,168,Sasco Brook,2011,06-08
Pussy Willow 2,2011-09-26T00:00:00Z,e.coli,168,Pussy Willow Brook,2011,09-26
Saugatuck 1,2011-06-01T00:00:00Z,e.coli,168,Saugatuck River,2011,06-01
Saugatuck 0.25,2022-09-14T00:00:00Z,entero,84,Saugatuck River,2022,09-14
Sasco 9,2010-08-18T00:00:00Z,e.coli,168,Sasco Brook,2010,08-18
Stony 5,2020-09-02T00:00:00Z,e.coli,168,Stony Brook,2020,09-02
Deadman 2,2018-05-07T00:00:00Z,e.coli,170,Deadman Brook,2018,05-07
Deadman 2,2018-07-09T00:00:00Z,e.coli,170,Deadman Brook,2018,07-09
Hunt Club 4,2015-08-13T00:00:00Z,e.coli,170,Sasco Brook,2015,08-13
Muddy 1,2017-08-10T00:00:00Z,e.coli,170,Muddy Brook,2017,08-10
Sasco 7,2011-08-18T00:00:00Z,e.coli,170,Sasco Brook,2011,08-18
Sasco 3,2014-08-04T00:00:00Z,e.coli,170,Sasco Brook,2014,08-04
Muddy 4,2018-08-30T00:00:00Z,e.coli,170,Muddy Brook,2018,08-30
Sasco 1,2001-07-16T00:00:00Z,e.coli,170,Sasco Brook,2001,07-16
Deadman 7,2021-08-31T00:00:00Z,e.coli,172,Deadman Brook,2021,08-31
Deadman 5,2023-09-27T00:00:00Z,e.coli,172,Deadman Brook,2023,09-27
Sasco 2,2018-05-14T00:00:00Z,e.coli,172,Sasco Brook,2018,05-14
Sasco 3,2012-09-25T00:00:00Z,e.coli,172,Sasco Brook,2012,09-25
Indian 3,2016-06-09T00:00:00Z,e.coli,172,Indian River,2016,06-09
Sasco 9,2003-09-10T00:00:00Z,e.coli,172,Sasco Brook,2003,09-10
Poplar 3,2010-06-09T00:00:00Z,e.coli,172,Saugatuck River,2010,06-09
Saugatuck 2,2021-05-19T00:00:00Z,e.coli,172,Saugatuck River,2021,05-19
Muddy 3,2018-05-30T00:00:00Z,e.coli,172,Muddy Brook,2018,05-30
Indian 3,2006-06-22T00:00:00Z,e.coli,172,Indian River,2006,06-22
Sasco 9,2021-05-24T00:00:00Z,e.coli,172,Sasco Brook,2021,05-24
Poplar 2,2017-08-14T00:00:00Z,e.coli,172,Saugatuck River,2017,08-14
Sasco 6,2016-06-29T00:00:00Z,e.coli,172,Sasco Brook,2016,06-29
Deadman 3.5,2022-07-05T00:00:00Z,e.coli,172,Deadman Brook,2022,07-05
Saugatuck 0.5,2022-07-07T00:00:00Z,entero,84,Saugatuck River,2022,07-07
Poplar 2,2011-07-28T00:00:00Z,e.coli,172,Saugatuck River,2011,07-28
Sasco 5,2005-06-08T00:00:00Z,e.coli,172,Sasco Brook,2005,06-08
West Saug 1,2019-06-26T00:00:00Z,e.coli,172,Saugatuck River,2019,06-26
West Saug 1,2019-08-15T00:00:00Z,e.coli,172,Saugatuck River,2019,08-15
Saugatuck 1,2005-07-21T00:00:00Z,e.coli,172,Saugatuck River,2005,07-21
Sasco 4,2013-05-22T00:00:00Z,e.coli,172,Sasco Brook,2013,05-22
Sasco 4,2014-09-02T00:00:00Z,e.coli,172,Sasco Brook,2014,09-02
Muddy 4,2022-05-17T00:00:00Z,e.coli,172,Muddy Brook,2022,05-17
Saugatuck 2,2021-07-12T00:00:00Z,e.coli,172,Saugatuck River,2021,07-12
West Saug 1,2020-09-03T00:00:00Z,e.coli,172,Saugatuck River,2020,09-03
Deadman 9,2022-09-15T00:00:00Z,e.coli,172,Deadman Brook,2022,09-15
Deadman 8,2022-06-13T00:00:00Z,e.coli,172,Deadman Brook,2022,06-13
Muddy 1,2022-08-29T00:00:00Z,e.coli,172,Muddy Brook,2022,08-29
Indian 2,2023-08-02T00:00:00Z,e.coli,174,Indian River,2023,08-02
Muddy 3,1998-07-20T00:00:00Z,e.coli,174,Muddy Brook,1998,07-20
Deadman 2,2018-08-30T00:00:00Z,e.coli,175,Deadman Brook,2018,08-30
Sasco 9,1995-07-17T00:00:00Z,e.coli,176,Sasco Brook,1995,07-17
Sasco 3,1995-08-02T00:00:00Z,e.coli,176,Sasco Brook,1995,08-02
Muddy 1,2006-05-25T00:00:00Z,e.coli,176,Muddy Brook,2006,05-25
Sasco 3,2001-05-08T00:00:00Z,e.coli,176,Sasco Brook,2001,05-08
Sasco 3,2002-06-03T00:00:00Z,e.coli,176,Sasco Brook,2002,06-03
Sasco 9,2011-06-07T00:00:00Z,e.coli,176,Sasco Brook,2011,06-07
Indian 1,2003-07-15T00:00:00Z,e.coli,176,Indian River,2003,07-15
Deadman 7.2,2013-08-12T00:00:00Z,e.coli,176,Deadman Brook,2013,08-12
Saugatuck 1,2008-06-26T00:00:00Z,e.coli,176,Saugatuck River,2008,06-26
Saugatuck 1,2016-08-25T00:00:00Z,e.coli,176,Saugatuck River,2016,08-25
Saugatuck 1,2018-06-20T00:00:00Z,e.coli,176,Saugatuck River,2018,06-20
Saugatuck 1,2007-07-24T00:00:00Z,e.coli,176,Saugatuck River,2007,07-24
Stony 1,2020-05-13T00:00:00Z,entero,85,Stony Brook,2020,05-13
Saugatuck 2,2008-07-10T00:00:00Z,e.coli,176,Saugatuck River,2008,07-10
Sasco 7,2023-08-17T00:00:00Z,e.coli,176,Sasco Brook,2023,08-17
New 2,2023-05-15T00:00:00Z,e.coli,179,Greens Farms Brook,2023,05-15
New 2,2023-05-15T00:00:00Z,entero,86,Greens Farms Brook,2023,05-15
Sasco 9,2019-06-20T00:00:00Z,e.coli,179,Sasco Brook,2019,06-20
Pussy Willow 2,2012-05-21T00:00:00Z,e.coli,180,Pussy Willow Brook,2012,05-21
Deadman 7.2,2013-05-20T00:00:00Z,e.coli,180,Deadman Brook,2013,05-20
Pussy Willow 3,2006-05-17T00:00:00Z,e.coli,180,Pussy Willow Brook,2006,05-17
Saugatuck 2,2018-09-25T00:00:00Z,e.coli,180,Saugatuck River,2018,09-25
Sasco 6,2011-05-20T00:00:00Z,e.coli,180,Sasco Brook,2011,05-20
Sasco 1,2001-05-17T00:00:00Z,e.coli,180,Sasco Brook,2001,05-17
Sasco 1,2022-07-14T00:00:00Z,entero,85,Sasco Brook,2022,07-14
Muddy 4,2015-06-09T00:00:00Z,e.coli,180,Muddy Brook,2015,06-09
Pussy Willow 3,2012-06-11T00:00:00Z,e.coli,180,Pussy Willow Brook,2012,06-11
Muddy 3,2018-05-29T00:00:00Z,e.coli,180,Muddy Brook,2018,05-29
Sasco 5,2011-06-03T00:00:00Z,e.coli,180,Sasco Brook,2011,06-03
Sasco 8,2014-08-15T00:00:00Z,e.coli,180,Sasco Brook,2014,08-15
Sasco 7,2014-06-17T00:00:00Z,e.coli,180,Sasco Brook,2014,06-17
SG1,2011-05-27T00:00:00Z,e.coli,180,Saugatuck River,2011,05-27
Sasco 2,2014-06-11T00:00:00Z,e.coli,180,Sasco Brook,2014,06-11
Stony 1,2020-07-21T00:00:00Z,entero,85,Stony Brook,2020,07-21
Sasco 3,2018-07-30T00:00:00Z,e.coli,180,Sasco Brook,2018,07-30
Poplar 3,2011-08-11T00:00:00Z,e.coli,180,Saugatuck River,2011,08-11
Saugatuck 1,2006-08-10T00:00:00Z,e.coli,180,Saugatuck River,2006,08-10
Poplar 2,2011-06-02T00:00:00Z,e.coli,180,Saugatuck River,2011,06-02
Saugatuck 1,2011-06-02T00:00:00Z,e.coli,180,Saugatuck River,2011,06-02
Sasco 1,2018-06-20T00:00:00Z,e.coli,180,Sasco Brook,2018,06-20
Deadman 8,2013-07-01T00:00:00Z,e.coli,180,Deadman Brook,2013,07-01
SG1,2009-08-25T00:00:00Z,e.coli,180,Saugatuck River,2009,08-25
Sasco 1,2004-07-27T00:00:00Z,e.coli,180,Sasco Brook,2004,07-27
Sasco 1,2018-07-16T00:00:00Z,e.coli,180,Sasco Brook,2018,07-16
Sasco 9,2011-06-22T00:00:00Z,e.coli,180,Sasco Brook,2011,06-22
Hunt Club 2,2012-07-02T00:00:00Z,e.coli,180,Sasco Brook,2012,07-02
Sasco 7,2016-06-22T00:00:00Z,e.coli,180,Sasco Brook,2016,06-22
Sasco 6,2023-07-27T00:00:00Z,e.coli,181,Sasco Brook,2023,07-27
Saugatuck 1,2020-09-03T00:00:00Z,e.coli,181,Saugatuck River,2020,09-03
Sasco 7,2000-07-10T00:00:00Z,e.coli,184,Sasco Brook,2000,07-10
Sasco 3,2018-05-14T00:00:00Z,e.coli,184,Sasco Brook,2018,05-14
Stony 3,2019-05-23T00:00:00Z,e.coli,184,Stony Brook,2019,05-23
Pussy Willow 3,2006-06-14T00:00:00Z,e.coli,184,Pussy Willow Brook,2006,06-14
Sasco 9,2011-06-06T00:00:00Z,e.coli,184,Sasco Brook,2011,06-06
Poplar 4,2009-07-08T00:00:00Z,e.coli,184,Saugatuck River,2009,07-08
Muddy 5,2019-09-09T00:00:00Z,e.coli,184,Muddy Brook,2019,09-09
Sasco 7,2016-06-23T00:00:00Z,e.coli,184,Sasco Brook,2016,06-23
Poplar 2,2017-07-26T00:00:00Z,e.coli,184,Saugatuck River,2017,07-26
Deadman 4,2018-06-18T00:00:00Z,e.coli,184,Deadman Brook,2018,06-18
Saugatuck 1,2017-08-08T00:00:00Z,e.coli,184,Saugatuck River,2017,08-08
Sasco 5,2004-06-14T00:00:00Z,e.coli,184,Sasco Brook,2004,06-14
Sasco 1,2001-09-06T00:00:00Z,e.coli,184,Sasco Brook,2001,09-06
Sasco 1,2001-09-06T00:00:00Z,entero,0,Sasco Brook,2001,09-06
Sasco 9,2003-08-23T00:00:00Z,e.coli,184,Sasco Brook,2003,08-23
West Saug 1,2017-07-19T00:00:00Z,e.coli,184,Saugatuck River,2017,07-19
Indian 1,2007-09-27T00:00:00Z,e.coli,184,Indian River,2007,09-27
Sasco 9,2013-07-08T00:00:00Z,e.coli,184,Sasco Brook,2013,07-08
Saugatuck 0.5,2020-07-20T00:00:00Z,entero,85,Saugatuck River,2020,07-20
Sasco 1,2018-08-16T00:00:00Z,e.coli,184,Sasco Brook,2018,08-16
Deadman 5,2022-07-05T00:00:00Z,e.coli,184,Deadman Brook,2022,07-05
Sasco 7,2021-07-20T00:00:00Z,e.coli,184,Sasco Brook,2021,07-20
Deadman 7,2022-05-17T00:00:00Z,e.coli,185,Deadman Brook,2022,05-17
Muddy 5,2019-07-31T00:00:00Z,e.coli,185,Muddy Brook,2019,07-31
New 1.5,2023-05-15T00:00:00Z,entero,86,Greens Farms Brook,2023,05-15
Sasco 3,2019-06-04T00:00:00Z,entero,86,Sasco Brook,2019,06-04
Hunt Club 1,2023-05-18T00:00:00Z,e.coli,185,Sasco Brook,2023,05-18
Sasco 9,2000-06-27T00:00:00Z,e.coli,185,Sasco Brook,2000,06-27
Stony 5,2020-05-13T00:00:00Z,e.coli,186,Stony Brook,2020,05-13
Sasco 6,2019-08-14T00:00:00Z,e.coli,186,Sasco Brook,2019,08-14
Stony 4,2019-06-04T00:00:00Z,e.coli,186,Stony Brook,2019,06-04
Sasco 4,1999-09-27T00:00:00Z,e.coli,187,Sasco Brook,1999,09-27
Saugatuck 0.75,2019-06-05T00:00:00Z,entero,86,Saugatuck River,2019,06-05
Deadman 4,2023-09-05T00:00:00Z,e.coli,187,Deadman Brook,2023,09-05
Deadman 7,2020-08-12T00:00:00Z,e.coli,187,Deadman Brook,2020,08-12
Saugatuck 0.75,2021-09-07T00:00:00Z,entero,86,Saugatuck River,2021,09-07
Sasco 6,2003-05-29T00:00:00Z,e.coli,188,Sasco Brook,2003,05-29
Sasco 1,2001-05-31T00:00:00Z,e.coli,188,Sasco Brook,2001,05-31
Poplar 1,2016-09-12T00:00:00Z,e.coli,188,Saugatuck River,2016,09-12
Pussy Willow 1,2012-06-18T00:00:00Z,e.coli,188,Pussy Willow Brook,2012,06-18
Sasco 4,2014-06-16T00:00:00Z,e.coli,188,Sasco Brook,2014,06-16
Saugatuck 1,2018-05-31T00:00:00Z,e.coli,188,Saugatuck River,2018,05-31
Sasco 3,2010-06-08T00:00:00Z,e.coli,188,Sasco Brook,2010,06-08
Sasco 5,2013-06-26T00:00:00Z,e.coli,188,Sasco Brook,2013,06-26
Sasco 5,2004-07-12T00:00:00Z,e.coli,188,Sasco Brook,2004,07-12
Sasco 2,1995-06-26T00:00:00Z,e.coli,190,Sasco Brook,1995,06-26
Poplar 2,2010-05-22T00:00:00Z,e.coli,190,Saugatuck River,2010,05-22
Sasco 1,2001-05-01T00:00:00Z,e.coli,190,Sasco Brook,2001,05-01
Sasco 4,2002-06-11T00:00:00Z,e.coli,190,Sasco Brook,2002,06-11
Muddy 5,2017-08-24T00:00:00Z,e.coli,190,Muddy Brook,2017,08-24
Muddy 1,2006-07-26T00:00:00Z,e.coli,190,Muddy Brook,2006,07-26
SG1,2006-07-20T00:00:00Z,e.coli,190,Saugatuck River,2006,07-20
New 3,1997-07-21T00:00:00Z,e.coli,191,Greens Farms Brook,1997,07-21
Sasco 9,2000-07-25T00:00:00Z,e.coli,191,Sasco Brook,2000,07-25
Indian 1,2023-08-02T00:00:00Z,e.coli,191,Indian River,2023,08-02
Indian 1,2023-08-02T00:00:00Z,entero,1014,Indian River,2023,08-02
Deadman 8,2023-05-02T00:00:00Z,e.coli,192,Deadman Brook,2023,05-02
Deadman 4,2022-09-15T00:00:00Z,e.coli,192,Deadman Brook,2022,09-15
Saugatuck 0.75,2021-06-07T00:00:00Z,entero,86,Saugatuck River,2021,06-07
Sasco 7,2023-09-06T00:00:00Z,e.coli,192,Sasco Brook,2023,09-06
Deadman 3,2020-08-12T00:00:00Z,e.coli,192,Deadman Brook,2020,08-12
Muddy 2,2017-05-04T00:00:00Z,e.coli,192,Muddy Brook,2017,05-04
Muddy 6,2008-05-29T00:00:00Z,e.coli,192,Muddy Brook,2008,05-29
Hunt Club 2,2014-05-21T00:00:00Z,e.coli,192,Sasco Brook,2014,05-21
Muddy 1,2018-05-24T00:00:00Z,e.coli,192,Muddy Brook,2018,05-24
West Saug 1,2007-06-14T00:00:00Z,e.coli,192,Saugatuck River,2007,06-14
Muddy 4,2018-05-30T00:00:00Z,e.coli,192,Muddy Brook,2018,05-30
Muddy 1,2019-07-09T00:00:00Z,e.coli,192,Muddy Brook,2019,07-09
Sasco 6,2005-08-10T00:00:00Z,e.coli,192,Sasco Brook,2005,08-10
Poplar 2,2011-06-01T00:00:00Z,e.coli,192,Saugatuck River,2011,06-01
Muddy 4,1998-07-29T00:00:00Z,e.coli,193,Muddy Brook,1998,07-29
Muddy 3,2019-06-04T00:00:00Z,e.coli,193,Muddy Brook,2019,06-04
Muddy 5,2022-08-15T00:00:00Z,e.coli,193,Muddy Brook,2022,08-15
Stony 4,2023-07-18T00:00:00Z,e.coli,193,Stony Brook,2023,07-18
Deadman 4,2022-05-17T00:00:00Z,e.coli,194,Deadman Brook,2022,05-17
Sasco 7,2022-05-24T00:00:00Z,e.coli,194,Sasco Brook,2022,05-24
Deadman 8,2022-09-15T00:00:00Z,e.coli,194,Deadman Brook,2022,09-15
Muddy 1,2017-09-20T00:00:00Z,e.coli,195,Muddy Brook,2017,09-20
Saugatuck 0.25,2018-06-06T00:00:00Z,e.coli,196,Saugatuck River,2018,06-06
Pussy Willow 5,2012-08-20T00:00:00Z,e.coli,196,Pussy Willow Brook,2012,08-20
Poplar 2,2007-06-28T00:00:00Z,e.coli,196,Saugatuck River,2007,06-28
Sasco 9,2013-08-21T00:00:00Z,e.coli,196,Sasco Brook,2013,08-21
Muddy 5,2017-09-20T00:00:00Z,e.coli,196,Muddy Brook,2017,09-20
Sasco 6,2011-06-01T00:00:00Z,e.coli,196,Sasco Brook,2011,06-01
Sasco 5,2013-07-08T00:00:00Z,e.coli,196,Sasco Brook,2013,07-08
Deadman 3.5,2022-09-15T00:00:00Z,e.coli,197,Deadman Brook,2022,09-15
Deadman 2,2021-05-26T00:00:00Z,e.coli,198,Deadman Brook,2021,05-26
Deadman 3,2021-08-05T00:00:00Z,e.coli,198,Deadman Brook,2021,08-05
Indian 3,2023-05-23T00:00:00Z,e.coli,198,Indian River,2023,05-23
Pussy Willow 5,2019-08-28T00:00:00Z,e.coli,198,Pussy Willow Brook,2019,08-28
Deadman 4,2022-05-11T00:00:00Z,e.coli,199,Deadman Brook,2022,05-11
Sasco 9,1995-08-07T00:00:00Z,e.coli,199,Sasco Brook,1995,08-07
Poplar 4,2017-05-15T00:00:00Z,e.coli,200,Saugatuck River,2017,05-15
Pussy Willow 2,2006-09-27T00:00:00Z,e.coli,200,Pussy Willow Brook,2006,09-27
Saugatuck 2,2005-05-19T00:00:00Z,e.coli,200,Saugatuck River,2005,05-19
Sasco 5,2003-06-09T00:00:00Z,e.coli,200,Sasco Brook,2003,06-09
Indian 1.75,2022-08-15T00:00:00Z,e.coli,279,Indian River,2022,08-15
Stony 4,2013-09-25T00:00:00Z,e.coli,200,Stony Brook,2013,09-25
Poplar 2,2008-08-28T00:00:00Z,e.coli,200,Saugatuck River,2008,08-28
Pussy Willow 1,2012-05-21T00:00:00Z,e.coli,200,Pussy Willow Brook,2012,05-21
Saugatuck 2,2005-06-02T00:00:00Z,e.coli,200,Saugatuck River,2005,06-02
Muddy 1,2018-09-24T00:00:00Z,e.coli,200,Muddy Brook,2018,09-24
Hunt Club 4,2015-06-18T00:00:00Z,e.coli,200,Sasco Brook,2015,06-18
Hunt Club 2,2015-08-10T00:00:00Z,e.coli,200,Sasco Brook,2015,08-10
Sasco 6,2010-05-25T00:00:00Z,e.coli,200,Sasco Brook,2010,05-25
Hunt Club 2,2015-08-14T00:00:00Z,e.coli,200,Sasco Brook,2015,08-14
Muddy 4,2017-08-10T00:00:00Z,e.coli,200,Muddy Brook,2017,08-10
Sasco 8,2016-06-20T00:00:00Z,e.coli,200,Sasco Brook,2016,06-20
Sasco 6,2005-09-21T00:00:00Z,e.coli,200,Sasco Brook,2005,09-21
Muddy 3,2012-07-11T00:00:00Z,e.coli,200,Muddy Brook,2012,07-11
Poplar 1.5,2009-07-08T00:00:00Z,e.coli,200,Saugatuck River,2009,07-08
Muddy 4,2014-09-11T00:00:00Z,e.coli,200,Muddy Brook,2014,09-11
Sasco 9,2005-06-08T00:00:00Z,e.coli,200,Sasco Brook,2005,06-08
Poplar 1.5,2009-06-29T00:00:00Z,e.coli,200,Saugatuck River,2009,06-29
Saugatuck 1,2017-08-21T00:00:00Z,e.coli,200,Saugatuck River,2017,08-21
Poplar 4,2011-07-28T00:00:00Z,e.coli,200,Saugatuck River,2011,07-28
Sasco 3,2014-06-30T00:00:00Z,e.coli,200,Sasco Brook,2014,06-30
Saugatuck 2,2006-07-20T00:00:00Z,e.coli,200,Saugatuck River,2006,07-20
Hunt Club 1,2016-08-18T00:00:00Z,e.coli,200,Sasco Brook,2016,08-18
West Saug 1,2008-07-31T00:00:00Z,e.coli,200,Saugatuck River,2008,07-31
Deadman 2,2018-08-07T00:00:00Z,e.coli,200,Deadman Brook,2018,08-07
Sasco 3,2014-08-11T00:00:00Z,e.coli,200,Sasco Brook,2014,08-11
Saugatuck 0.75,2018-07-19T00:00:00Z,e.coli,200,Saugatuck River,2018,07-19
Pussy Willow 4,2012-08-01T00:00:00Z,e.coli,200,Pussy Willow Brook,2012,08-01
Hunt Club 1,2010-08-18T00:00:00Z,e.coli,200,Sasco Brook,2010,08-18
Hunt Club 4,2016-06-22T00:00:00Z,e.coli,200,Sasco Brook,2016,06-22
Indian 2,2022-05-03T00:00:00Z,e.coli,201,Indian River,2022,05-03
Muddy 1,2022-05-03T00:00:00Z,e.coli,201,Muddy Brook,2022,05-03
Saugatuck 2,2007-06-14T00:00:00Z,e.coli,204,Saugatuck River,2007,06-14
Deadman 4,2018-07-09T00:00:00Z,e.coli,204,Deadman Brook,2018,07-09
West Saug 1,2008-08-14T00:00:00Z,e.coli,204,Saugatuck River,2008,08-14
SG1,2011-06-30T00:00:00Z,e.coli,204,Saugatuck River,2011,06-30
Sasco 3,2002-06-25T00:00:00Z,e.coli,204,Sasco Brook,2002,06-25
Hunt Club 4,2015-08-20T00:00:00Z,e.coli,204,Sasco Brook,2015,08-20
Stony 3,2023-08-17T00:00:00Z,e.coli,205,Stony Brook,2023,08-17
Muddy 4,2017-09-20T00:00:00Z,e.coli,205,Muddy Brook,2017,09-20
Saugatuck 0.25,2022-08-15T00:00:00Z,entero,95,Saugatuck River,2022,08-15
Stony 4,2019-05-28T00:00:00Z,e.coli,206,Stony Brook,2019,05-28
Sasco 9,1997-06-12T00:00:00Z,e.coli,206,Sasco Brook,1997,06-12
Stony 4,2020-05-13T00:00:00Z,e.coli,206,Stony Brook,2020,05-13
Sasco 6,2022-06-23T00:00:00Z,e.coli,206,Sasco Brook,2022,06-23
Deadman 4,2020-07-23T00:00:00Z,e.coli,206,Deadman Brook,2020,07-23
Saugatuck 1,2020-08-13T00:00:00Z,e.coli,206,Saugatuck River,2020,08-13
West Saug 1,2006-08-10T00:00:00Z,e.coli,208,Saugatuck River,2006,08-10
Muddy 1,2016-05-19T00:00:00Z,e.coli,208,Muddy Brook,2016,05-19
Hunt Club 1,2010-05-25T00:00:00Z,e.coli,208,Sasco Brook,2010,05-25
Indian 3,2016-05-26T00:00:00Z,e.coli,208,Indian River,2016,05-26
Sasco 5,2011-05-27T00:00:00Z,e.coli,208,Sasco Brook,2011,05-27
Indian 1,2016-06-09T00:00:00Z,e.coli,208,Indian River,2016,06-09
Saugatuck 1,2007-07-05T00:00:00Z,e.coli,208,Saugatuck River,2007,07-05
Sasco 9,2004-07-12T00:00:00Z,e.coli,208,Sasco Brook,2004,07-12
Muddy 4,1998-07-20T00:00:00Z,e.coli,209,Muddy Brook,1998,07-20
Deadman 3.5,2023-09-27T00:00:00Z,e.coli,209,Deadman Brook,2023,09-27
Hunt Club 2,2021-06-01T00:00:00Z,e.coli,210,Sasco Brook,2021,06-01
Muddy 4,2018-05-07T00:00:00Z,e.coli,210,Muddy Brook,2018,05-07
Muddy 6,2008-06-05T00:00:00Z,e.coli,210,Muddy Brook,2008,06-05
Sasco 1,2023-09-06T00:00:00Z,entero,96,Sasco Brook,2023,09-06
Indian 2,2014-09-24T00:00:00Z,e.coli,210,Indian River,2014,09-24
Hunt Club 3,2016-06-29T00:00:00Z,e.coli,210,Sasco Brook,2016,06-29
Sasco 8,2019-09-09T00:00:00Z,e.coli,210,Sasco Brook,2019,09-09
Saugatuck 1,2019-09-12T00:00:00Z,e.coli,210,Saugatuck River,2019,09-12
Sasco 8,2010-06-25T00:00:00Z,e.coli,210,Sasco Brook,2010,06-25
Muddy 4,2008-09-17T00:00:00Z,e.coli,210,Muddy Brook,2008,09-17
Hunt Club 1,2015-09-17T00:00:00Z,e.coli,210,Sasco Brook,2015,09-17
Stony 5,2023-09-20T00:00:00Z,e.coli,211,Stony Brook,2023,09-20
Sasco 9,2000-07-10T00:00:00Z,e.coli,212,Sasco Brook,2000,07-10
Hunt Club 2,2016-06-23T00:00:00Z,e.coli,212,Sasco Brook,2016,06-23
Sasco 9,2016-06-29T00:00:00Z,e.coli,212,Sasco Brook,2016,06-29
SG1,2006-06-22T00:00:00Z,e.coli,212,Saugatuck River,2006,06-22
Sasco 1,2001-08-08T00:00:00Z,e.coli,212,Sasco Brook,2001,08-08
Indian 1,2022-08-29T00:00:00Z,e.coli,213,Indian River,2022,08-29
Muddy 3,2019-05-06T00:00:00Z,e.coli,214,Muddy Brook,2019,05-06
Saugatuck 0.5,2021-09-21T00:00:00Z,entero,97,Saugatuck River,2021,09-21
Saugatuck 0.25,2021-09-07T00:00:00Z,entero,97,Saugatuck River,2021,09-07
Sasco 4,2022-09-21T00:00:00Z,e.coli,209,Sasco Brook,2022,09-21
Sasco 4,2022-09-21T00:00:00Z,entero,98,Sasco Brook,2022,09-21
Stony 5,2020-06-11T00:00:00Z,e.coli,214,Stony Brook,2020,06-11
Sasco 9,1998-07-14T00:00:00Z,e.coli,215,Sasco Brook,1998,07-14
Muddy 4,2017-09-05T00:00:00Z,e.coli,215,Muddy Brook,2017,09-05
New 2,2006-09-27T00:00:00Z,e.coli,216,Greens Farms Brook,2006,09-27
Sasco 9,2010-06-09T00:00:00Z,e.coli,216,Sasco Brook,2010,06-09
Pussy Willow 2,2012-06-11T00:00:00Z,e.coli,216,Pussy Willow Brook,2012,06-11
Indian 3,2016-06-02T00:00:00Z,e.coli,216,Indian River,2016,06-02
Saugatuck 1,2017-08-30T00:00:00Z,e.coli,216,Saugatuck River,2017,08-30
Saugatuck 0.25,2022-05-23T00:00:00Z,entero,98,Saugatuck River,2022,05-23
Sasco 6,2004-07-26T00:00:00Z,e.coli,216,Sasco Brook,2004,07-26
Sasco 1,2002-06-25T00:00:00Z,e.coli,216,Sasco Brook,2002,06-25
Muddy 4,2012-07-18T00:00:00Z,e.coli,216,Muddy Brook,2012,07-18
Sasco 9,2023-09-06T00:00:00Z,e.coli,216,Sasco Brook,2023,09-06
Muddy 1,2022-05-17T00:00:00Z,e.coli,219,Muddy Brook,2022,05-17
Muddy 2,2019-09-09T00:00:00Z,e.coli,219,Muddy Brook,2019,09-09
Hunt Club 3,2010-06-09T00:00:00Z,e.coli,220,Sasco Brook,2010,06-09
Deadman 1,2018-05-07T00:00:00Z,e.coli,220,Deadman Brook,2018,05-07
Deadman 3,2013-05-20T00:00:00Z,e.coli,220,Deadman Brook,2013,05-20
Hunt Club 2,2013-05-22T00:00:00Z,e.coli,220,Sasco Brook,2013,05-22
Deadman 5,2018-05-07T00:00:00Z,e.coli,220,Deadman Brook,2018,05-07
Deadman 3.5,2018-09-24T00:00:00Z,e.coli,220,Deadman Brook,2018,09-24
Muddy 2,2018-05-07T00:00:00Z,e.coli,220,Muddy Brook,2018,05-07
Saugatuck 1,2007-06-14T00:00:00Z,e.coli,220,Saugatuck River,2007,06-14
New 4,2006-09-27T00:00:00Z,e.coli,220,Greens Farms Brook,2006,09-27
Sasco 9,2013-06-05T00:00:00Z,e.coli,220,Sasco Brook,2013,06-05
Indian 3,2014-09-24T00:00:00Z,e.coli,220,Indian River,2014,09-24
Saugatuck 1,2011-05-27T00:00:00Z,e.coli,220,Saugatuck River,2011,05-27
Poplar 2,2011-05-25T00:00:00Z,e.coli,220,Saugatuck River,2011,05-25
Hunt Club 2,2010-06-21T00:00:00Z,e.coli,220,Sasco Brook,2010,06-21
Poplar 1,2016-08-15T00:00:00Z,e.coli,220,Saugatuck River,2016,08-15
Saugatuck 2,2017-08-21T00:00:00Z,e.coli,220,Saugatuck River,2017,08-21
Indian 1,2005-08-18T00:00:00Z,e.coli,220,Indian River,2005,08-18
Sasco 3,2014-08-25T00:00:00Z,e.coli,220,Sasco Brook,2014,08-25
Sasco 9,2001-06-28T00:00:00Z,e.coli,220,Sasco Brook,2001,06-28
Muddy 5,2018-08-07T00:00:00Z,e.coli,220,Muddy Brook,2018,08-07
Saugatuck 0.25,2018-07-19T00:00:00Z,e.coli,220,Saugatuck River,2018,07-19
Deadman 5,2018-08-30T00:00:00Z,e.coli,220,Deadman Brook,2018,08-30
Deadman 4,2013-07-16T00:00:00Z,e.coli,220,Deadman Brook,2013,07-16
Saugatuck 0.5,2018-07-19T00:00:00Z,e.coli,220,Saugatuck River,2018,07-19
Sasco 1,2002-07-08T00:00:00Z,e.coli,220,Sasco Brook,2002,07-08
Sasco 4,2002-07-30T00:00:00Z,e.coli,220,Sasco Brook,2002,07-30
Sasco 1,2001-08-29T00:00:00Z,e.coli,220,Sasco Brook,2001,08-29
Poplar 1.5,2010-09-18T00:00:00Z,e.coli,220,Saugatuck River,2010,09-18
Deadman 5,2021-09-14T00:00:00Z,e.coli,221,Deadman Brook,2021,09-14
Sasco 7,2021-08-09T00:00:00Z,e.coli,222,Sasco Brook,2021,08-09
Sasco 6,2023-08-09T00:00:00Z,e.coli,222,Sasco Brook,2023,08-09
Deadman 5,2021-06-07T00:00:00Z,e.coli,222,Deadman Brook,2021,06-07
Muddy 1,1997-07-15T00:00:00Z,e.coli,223,Muddy Brook,1997,07-15
Sasco 6,2000-06-23T00:00:00Z,e.coli,223,Sasco Brook,2000,06-23
Muddy 1,2018-09-24T00:00:00Z,e.coli,224,Muddy Brook,2018,09-24
Pussy Willow 5,2012-09-20T00:00:00Z,e.coli,224,Pussy Willow Brook,2012,09-20
New 2,2012-06-12T00:00:00Z,e.coli,224,Greens Farms Brook,2012,06-12
Saugatuck 1,2007-09-13T00:00:00Z,e.coli,224,Saugatuck River,2007,09-13
Saugatuck 2,2016-07-06T00:00:00Z,e.coli,224,Saugatuck River,2016,07-06
Sasco 9,2016-06-01T00:00:00Z,e.coli,224,Sasco Brook,2016,06-01
Indian 1,2008-08-14T00:00:00Z,e.coli,224,Indian River,2008,08-14
SG1,2005-08-18T00:00:00Z,e.coli,224,Saugatuck River,2005,08-18
Stony 3,2020-05-13T00:00:00Z,e.coli,225,Stony Brook,2020,05-13
Sasco 9,2021-08-09T00:00:00Z,e.coli,225,Sasco Brook,2021,08-09
West Saug 1,2020-07-20T00:00:00Z,e.coli,225,Saugatuck River,2020,07-20
Sasco 4,2001-05-17T00:00:00Z,e.coli,226,Sasco Brook,2001,05-17
Sasco 9,2019-05-06T00:00:00Z,e.coli,228,Sasco Brook,2019,05-06
Sasco 7,2014-05-21T00:00:00Z,e.coli,228,Sasco Brook,2014,05-21
Sasco 5,2011-05-20T00:00:00Z,e.coli,228,Sasco Brook,2011,05-20
Indian 3,2018-05-31T00:00:00Z,e.coli,228,Indian River,2018,05-31
Sasco 7,2016-09-12T00:00:00Z,e.coli,228,Sasco Brook,2016,09-12
Sasco 9,2004-07-26T00:00:00Z,e.coli,228,Sasco Brook,2004,07-26
Saugatuck 1,2005-07-07T00:00:00Z,e.coli,228,Saugatuck River,2005,07-07
Saugatuck 2,2007-08-09T00:00:00Z,e.coli,228,Saugatuck River,2007,08-09
Hunt Club 1,2022-05-09T00:00:00Z,e.coli,228,Sasco Brook,2022,05-09
Stony 4,2022-05-23T00:00:00Z,e.coli,228,Stony Brook,2022,05-23
West Saug 1,2020-07-06T00:00:00Z,e.coli,228,Saugatuck River,2020,07-06
Deadman 3.5,2021-07-15T00:00:00Z,e.coli,229,Deadman Brook,2021,07-15
Deadman 7,2023-09-27T00:00:00Z,e.coli,229,Deadman Brook,2023,09-27
Hunt Club 1,2022-08-22T00:00:00Z,e.coli,229,Sasco Brook,2022,08-22
Sasco 5,2005-05-24T00:00:00Z,e.coli,230,Sasco Brook,2005,05-24
Hunt Club 2,2012-06-20T00:00:00Z,e.coli,230,Sasco Brook,2012,06-20
Sasco 4,2016-09-26T00:00:00Z,e.coli,230,Sasco Brook,2016,09-26
Sasco 9,2013-06-12T00:00:00Z,e.coli,230,Sasco Brook,2013,06-12
New 2,2012-05-29T00:00:00Z,e.coli,230,Greens Farms Brook,2012,05-29
Sasco 8,2015-06-19T00:00:00Z,e.coli,230,Sasco Brook,2015,06-19
Muddy 1,2017-08-24T00:00:00Z,e.coli,230,Muddy Brook,2017,08-24
Poplar 1,2016-05-31T00:00:00Z,e.coli,230,Saugatuck River,2016,05-31
Saugatuck 2,2018-07-19T00:00:00Z,e.coli,230,Saugatuck River,2018,07-19
Sasco 7,2011-08-19T00:00:00Z,e.coli,230,Sasco Brook,2011,08-19
Saugatuck 1,2006-07-20T00:00:00Z,e.coli,230,Saugatuck River,2006,07-20
Sasco 8,2010-06-29T00:00:00Z,e.coli,230,Sasco Brook,2010,06-29
Sasco 6,1995-05-02T00:00:00Z,e.coli,231,Sasco Brook,1995,05-02
Saugatuck 0.75,2020-08-13T00:00:00Z,entero,108,Saugatuck River,2020,08-13
Sasco 6,1998-06-24T00:00:00Z,e.coli,231,Sasco Brook,1998,06-24
Sasco 9,1996-06-19T00:00:00Z,e.coli,231,Sasco Brook,1996,06-19
Sasco 6,1999-06-24T00:00:00Z,e.coli,231,Sasco Brook,1999,06-24
Sasco 6,1996-07-12T00:00:00Z,e.coli,231,Sasco Brook,1996,07-12
New 3,1998-06-26T00:00:00Z,e.coli,231,Greens Farms Brook,1998,06-26
Muddy 5,2022-06-30T00:00:00Z,e.coli,231,Muddy Brook,2022,06-30
West Saug 1,2007-08-23T00:00:00Z,e.coli,232,Saugatuck River,2007,08-23
Muddy 4,2012-09-27T00:00:00Z,e.coli,232,Muddy Brook,2012,09-27
Hunt Club 3,2011-08-17T00:00:00Z,e.coli,232,Sasco Brook,2011,08-17
Sasco 4,2011-09-27T00:00:00Z,e.coli,232,Sasco Brook,2011,09-27
Saugatuck 1,2007-07-12T00:00:00Z,e.coli,232,Saugatuck River,2007,07-12
Saugatuck 0.75,2018-06-20T00:00:00Z,e.coli,232,Saugatuck River,2018,06-20
Saugatuck 0.25,2018-08-08T00:00:00Z,e.coli,232,Saugatuck River,2018,08-08
Deadman 3,2020-08-24T00:00:00Z,e.coli,234,Deadman Brook,2020,08-24
Stony 3,2020-08-12T00:00:00Z,e.coli,234,Stony Brook,2020,08-12
Sasco 9,2022-06-23T00:00:00Z,e.coli,236,Sasco Brook,2022,06-23
Sasco 6,2021-06-15T00:00:00Z,e.coli,236,Sasco Brook,2021,06-15
Deadman 8,2022-07-05T00:00:00Z,e.coli,236,Deadman Brook,2022,07-05
Deadman 5,2022-08-30T00:00:00Z,e.coli,236,Deadman Brook,2022,08-30
Sasco 9,2016-09-26T00:00:00Z,e.coli,236,Sasco Brook,2016,09-26
Stony 3,2019-05-21T00:00:00Z,e.coli,236,Stony Brook,2019,05-21
Stony 3,2020-07-13T00:00:00Z,e.coli,238,Stony Brook,2020,07-13
Sasco 7,2019-07-09T00:00:00Z,e.coli,238,Sasco Brook,2019,07-09
Saugatuck 0.5,2020-05-20T00:00:00Z,entero,109,Saugatuck River,2020,05-20
Deadman 5,2020-06-02T00:00:00Z,e.coli,238,Deadman Brook,2020,06-02
Sasco 7,2021-08-26T00:00:00Z,e.coli,238,Sasco Brook,2021,08-26
Stony 5,2023-07-18T00:00:00Z,e.coli,238,Stony Brook,2023,07-18
Sasco 8,1996-08-01T00:00:00Z,e.coli,238,Sasco Brook,1996,08-01
Sasco 1,1999-07-08T00:00:00Z,e.coli,238,Sasco Brook,1999,07-08
Muddy 1,2006-09-27T00:00:00Z,e.coli,240,Muddy Brook,2006,09-27
Poplar 2,2006-05-04T00:00:00Z,e.coli,240,Saugatuck River,2006,05-04
Deadman 2,2018-09-24T00:00:00Z,e.coli,240,Deadman Brook,2018,09-24
Pussy Willow 2,2014-09-23T00:00:00Z,e.coli,240,Pussy Willow Brook,2014,09-23
Deadman 5,2018-09-24T00:00:00Z,e.coli,240,Deadman Brook,2018,09-24
Saugatuck 1,2011-05-24T00:00:00Z,e.coli,240,Saugatuck River,2011,05-24
Indian 1,2006-05-18T00:00:00Z,e.coli,240,Indian River,2006,05-18
Muddy 4,2014-09-18T00:00:00Z,e.coli,240,Muddy Brook,2014,09-18
Muddy 1,2018-05-29T00:00:00Z,e.coli,240,Muddy Brook,2018,05-29
Sasco 6,2004-06-14T00:00:00Z,e.coli,240,Sasco Brook,2004,06-14
Sasco 6,2013-06-12T00:00:00Z,e.coli,240,Sasco Brook,2013,06-12
Indian 3,2008-08-28T00:00:00Z,e.coli,240,Indian River,2008,08-28
Sasco 3,2001-09-26T00:00:00Z,e.coli,240,Sasco Brook,2001,09-26
Deadman 3,2013-07-30T00:00:00Z,e.coli,240,Deadman Brook,2013,07-30
Muddy 4,2012-08-01T00:00:00Z,e.coli,240,Muddy Brook,2012,08-01
West Saug 1,2018-09-13T00:00:00Z,e.coli,240,Saugatuck River,2018,09-13
Poplar 4,2017-08-03T00:00:00Z,e.coli,240,Saugatuck River,2017,08-03
Muddy 1,2008-07-07T00:00:00Z,e.coli,240,Muddy Brook,2008,07-07
Poplar 2,2011-08-04T00:00:00Z,e.coli,240,Saugatuck River,2011,08-04
West Saug 1,2016-08-25T00:00:00Z,e.coli,240,Saugatuck River,2016,08-25
Saugatuck 2,2011-08-10T00:00:00Z,e.coli,240,Saugatuck River,2011,08-10
New 2,2006-08-23T00:00:00Z,e.coli,240,Greens Farms Brook,2006,08-23
Deadman 3,2018-08-07T00:00:00Z,e.coli,240,Deadman Brook,2018,08-07
Sasco 1,2014-08-11T00:00:00Z,e.coli,240,Sasco Brook,2014,08-11
Saugatuck 1,2005-09-01T00:00:00Z,e.coli,240,Saugatuck River,2005,09-01
Indian 1,2008-07-10T00:00:00Z,e.coli,240,Indian River,2008,07-10
Muddy 4,2008-09-18T00:00:00Z,e.coli,240,Muddy Brook,2008,09-18
Sasco 7,2023-08-09T00:00:00Z,e.coli,242,Sasco Brook,2023,08-09
Pussy Willow 1,2006-05-25T00:00:00Z,e.coli,244,Pussy Willow Brook,2006,05-25
Saugatuck 1,2011-05-20T00:00:00Z,e.coli,244,Saugatuck River,2011,05-20
Sasco 4,1998-05-29T00:00:00Z,e.coli,246,Sasco Brook,1998,05-29
New 2,1997-06-25T00:00:00Z,e.coli,246,Greens Farms Brook,1997,06-25
Pussy Willow 1,1997-07-14T00:00:00Z,e.coli,246,Pussy Willow Brook,1997,07-14
New 2,1997-07-21T00:00:00Z,e.coli,246,Greens Farms Brook,1997,07-21
Pussy Willow 1,1997-08-15T00:00:00Z,e.coli,246,Pussy Willow Brook,1997,08-15
Muddy 1,1998-07-20T00:00:00Z,e.coli,246,Muddy Brook,1998,07-20
Muddy 1,1999-07-07T00:00:00Z,e.coli,246,Muddy Brook,1999,07-07
Muddy 1,1999-08-06T00:00:00Z,e.coli,246,Muddy Brook,1999,08-06
Sasco 6,2010-06-11T00:00:00Z,e.coli,248,Sasco Brook,2010,06-11
New 1,2006-09-27T00:00:00Z,e.coli,248,Greens Farms Brook,2006,09-27
Sasco 6,2016-06-01T00:00:00Z,e.coli,248,Sasco Brook,2016,06-01
Saugatuck 1,2005-08-18T00:00:00Z,e.coli,248,Saugatuck River,2005,08-18
Poplar 2,2008-05-27T00:00:00Z,e.coli,248,Saugatuck River,2008,05-27
Muddy 6,2008-07-01T00:00:00Z,e.coli,248,Muddy Brook,2008,07-01
Stony 5,2023-08-30T00:00:00Z,e.coli,248,Stony Brook,2023,08-30
Deadman 8,2021-06-15T00:00:00Z,e.coli,248,Deadman Brook,2021,06-15
Muddy 5,2019-07-09T00:00:00Z,e.coli,249,Muddy Brook,2019,07-09
Sasco 3,2010-05-20T00:00:00Z,e.coli,250,Sasco Brook,2010,05-20
Sasco 5,2005-05-11T00:00:00Z,e.coli,250,Sasco Brook,2005,05-11
Sasco 9,2001-09-06T00:00:00Z,e.coli,250,Sasco Brook,2001,09-06
Muddy 5,2018-07-09T00:00:00Z,e.coli,250,Muddy Brook,2018,07-09
Saugatuck 2,2006-07-06T00:00:00Z,e.coli,250,Saugatuck River,2006,07-06
Saugatuck 0.5,2018-08-21T00:00:00Z,e.coli,250,Saugatuck River,2018,08-21
Sasco 2,2019-07-09T00:00:00Z,entero,109,Sasco Brook,2019,07-09
Sasco 9,2001-09-18T00:00:00Z,e.coli,250,Sasco Brook,2001,09-18
Muddy 3,2008-09-17T00:00:00Z,e.coli,250,Muddy Brook,2008,09-17
Muddy 3,2008-09-18T00:00:00Z,e.coli,250,Muddy Brook,2008,09-18
Hunt Club 1,2015-09-18T00:00:00Z,e.coli,250,Sasco Brook,2015,09-18
Deadman 5,2021-07-26T00:00:00Z,e.coli,252,Deadman Brook,2021,07-26
Sasco 7,2023-07-27T00:00:00Z,e.coli,252,Sasco Brook,2023,07-27
Sasco 3,2016-06-14T00:00:00Z,e.coli,252,Sasco Brook,2016,06-14
Poplar 2,2006-06-22T00:00:00Z,e.coli,252,Saugatuck River,2006,06-22
Sasco 4,2014-06-11T00:00:00Z,e.coli,252,Sasco Brook,2014,06-11
Sasco 9,2002-08-13T00:00:00Z,e.coli,252,Sasco Brook,2002,08-13
Sasco 7,2016-07-18T00:00:00Z,e.coli,252,Sasco Brook,2016,07-18
Saugatuck 0.75,2019-09-12T00:00:00Z,entero,110,Saugatuck River,2019,09-12
Sasco 2,2014-06-23T00:00:00Z,e.coli,252,Sasco Brook,2014,06-23
Indian 1,2007-07-26T00:00:00Z,e.coli,252,Indian River,2007,07-26
Deadman 3,2023-05-22T00:00:00Z,e.coli,253,Deadman Brook,2023,05-22
Sasco 4,2010-05-24T00:00:00Z,e.coli,254,Sasco Brook,2010,05-24
Deadman 3,2021-07-26T00:00:00Z,e.coli,255,Deadman Brook,2021,07-26
Deadman 7,2021-07-15T00:00:00Z,e.coli,255,Deadman Brook,2021,07-15
Sasco 3,1998-07-27T00:00:00Z,e.coli,256,Sasco Brook,1998,07-27
Muddy 1,2017-05-16T00:00:00Z,e.coli,256,Muddy Brook,2017,05-16
Sasco 5,2004-08-09T00:00:00Z,e.coli,256,Sasco Brook,2004,08-09
Deadman 4,2020-08-12T00:00:00Z,e.coli,258,Deadman Brook,2020,08-12
Deadman 3,2023-05-02T00:00:00Z,e.coli,258,Deadman Brook,2023,05-02
Sasco 9,2023-07-27T00:00:00Z,e.coli,259,Sasco Brook,2023,07-27
Stony 5,2022-06-14T00:00:00Z,e.coli,259,Stony Brook,2022,06-14
Muddy 2,2022-06-21T00:00:00Z,e.coli,260,Muddy Brook,2022,06-21
Hunt Club 2,2010-05-18T00:00:00Z,e.coli,260,Sasco Brook,2010,05-18
Muddy 4,2019-05-06T00:00:00Z,e.coli,260,Muddy Brook,2019,05-06
Sasco 5,2012-09-25T00:00:00Z,e.coli,260,Sasco Brook,2012,09-25
Hunt Club 2,2011-05-20T00:00:00Z,e.coli,260,Sasco Brook,2011,05-20
Muddy 2,2019-06-04T00:00:00Z,e.coli,260,Muddy Brook,2019,06-04
Poplar 2,2007-06-14T00:00:00Z,e.coli,260,Saugatuck River,2007,06-14
Sasco 8,2010-06-11T00:00:00Z,e.coli,260,Sasco Brook,2010,06-11
Muddy 2,2018-09-24T00:00:00Z,e.coli,260,Muddy Brook,2018,09-24
Muddy 3,2017-08-10T00:00:00Z,e.coli,260,Muddy Brook,2017,08-10
Sasco 3,2014-06-11T00:00:00Z,e.coli,260,Sasco Brook,2014,06-11
Sasco 7,2014-08-15T00:00:00Z,e.coli,260,Sasco Brook,2014,08-15
Sasco 7,2019-09-09T00:00:00Z,e.coli,260,Sasco Brook,2019,09-09
Muddy 2,2019-09-16T00:00:00Z,e.coli,260,Muddy Brook,2019,09-16
Sasco 1,2002-06-17T00:00:00Z,e.coli,260,Sasco Brook,2002,06-17
Muddy 6,2006-08-16T00:00:00Z,e.coli,260,Muddy Brook,2006,08-16
Saugatuck 0.5,2018-09-25T00:00:00Z,e.coli,260,Saugatuck River,2018,09-25
Hunt Club 3,2013-06-20T00:00:00Z,e.coli,260,Sasco Brook,2013,06-20
Deadman 3.5,2018-07-09T00:00:00Z,e.coli,260,Deadman Brook,2018,07-09
Sasco 3,2019-07-31T00:00:00Z,entero,119,Sasco Brook,2019,07-31
Saugatuck 0.25,2020-05-20T00:00:00Z,entero,120,Saugatuck River,2020,05-20
Muddy 3,2012-07-25T00:00:00Z,e.coli,260,Muddy Brook,2012,07-25
Indian 3,2005-07-21T00:00:00Z,e.coli,260,Indian River,2005,07-21
Sasco 2,2018-05-30T00:00:00Z,e.coli,260,Sasco Brook,2018,05-30
Deadman 7.2,2013-07-29T00:00:00Z,e.coli,260,Deadman Brook,2013,07-29
Sasco 7,2011-08-17T00:00:00Z,e.coli,260,Sasco Brook,2011,08-17
Sasco 3,2014-07-07T00:00:00Z,e.coli,260,Sasco Brook,2014,07-07
West Saug 1,2007-07-12T00:00:00Z,e.coli,260,Saugatuck River,2007,07-12
Sasco 2,2016-06-01T00:00:00Z,e.coli,260,Sasco Brook,2016,06-01
Lamplight 1,2012-08-22T00:00:00Z,e.coli,260,Pussy Willow Brook,2012,08-22
Sasco 3,2014-07-14T00:00:00Z,e.coli,260,Sasco Brook,2014,07-14
Saugatuck 0.5,2018-08-08T00:00:00Z,e.coli,260,Saugatuck River,2018,08-08
Saugatuck 1,2008-06-06T00:00:00Z,e.coli,260,Saugatuck River,2008,06-06
Poplar 2,2008-06-14T00:00:00Z,e.coli,260,Saugatuck River,2008,06-14
Stony 4,2023-08-17T00:00:00Z,e.coli,260,Stony Brook,2023,08-17
Stony 3,2020-05-28T00:00:00Z,e.coli,260,Stony Brook,2020,05-28
Sasco 6,2019-05-06T00:00:00Z,e.coli,261,Sasco Brook,2019,05-06
Muddy 5,2019-09-16T00:00:00Z,e.coli,261,Muddy Brook,2019,09-16
Stony 2,2019-05-21T00:00:00Z,e.coli,261,Stony Brook,2019,05-21
Muddy 4,2022-08-29T00:00:00Z,e.coli,261,Muddy Brook,2022,08-29
Deadman 5,2022-09-15T00:00:00Z,e.coli,261,Deadman Brook,2022,09-15
Stony 4,2022-07-07T00:00:00Z,e.coli,261,Stony Brook,2022,07-07
Sasco 8,1998-06-22T00:00:00Z,e.coli,262,Sasco Brook,1998,06-22
Sasco 7,1996-08-08T00:00:00Z,e.coli,262,Sasco Brook,1996,08-08
Sasco 9,1995-08-11T00:00:00Z,e.coli,262,Sasco Brook,1995,08-11
Sasco 9,1999-07-01T00:00:00Z,e.coli,262,Sasco Brook,1999,07-01
Sasco 9,1999-07-08T00:00:00Z,e.coli,262,Sasco Brook,1999,07-08
Sasco 6,1995-07-25T00:00:00Z,e.coli,262,Sasco Brook,1995,07-25
Sasco 8,2000-08-14T00:00:00Z,e.coli,262,Sasco Brook,2000,08-14
Pussy Willow 2,2006-06-14T00:00:00Z,e.coli,264,Pussy Willow Brook,2006,06-14
Sasco 9,2002-08-27T00:00:00Z,e.coli,264,Sasco Brook,2002,08-27
Sasco 4,2016-06-01T00:00:00Z,e.coli,264,Sasco Brook,2016,06-01
SG1,2005-07-21T00:00:00Z,e.coli,264,Saugatuck River,2005,07-21
Deadman 3.5,2021-09-14T00:00:00Z,e.coli,265,Deadman Brook,2021,09-14
Sasco 9,2021-06-01T00:00:00Z,e.coli,266,Sasco Brook,2021,06-01
Sasco 8,2016-06-01T00:00:00Z,e.coli,268,Sasco Brook,2016,06-01
Sasco 1,2002-06-11T00:00:00Z,e.coli,268,Sasco Brook,2002,06-11
Pussy Willow 2,2009-07-08T00:00:00Z,e.coli,268,Pussy Willow Brook,2009,07-08
Sasco 9,1997-08-08T00:00:00Z,e.coli,270,Sasco Brook,1997,08-08
Sasco 6,2000-07-25T00:00:00Z,e.coli,270,Sasco Brook,2000,07-25
Muddy 6,2018-09-24T00:00:00Z,e.coli,270,Muddy Brook,2018,09-24
Deadman 3,2018-06-14T00:00:00Z,e.coli,270,Deadman Brook,2018,06-14
Muddy 1,2018-05-30T00:00:00Z,e.coli,270,Muddy Brook,2018,05-30
Hunt Club 3,2014-06-20T00:00:00Z,e.coli,270,Sasco Brook,2014,06-20
Sasco 7,2018-06-20T00:00:00Z,e.coli,270,Sasco Brook,2018,06-20
Sasco 5,2004-05-19T00:00:00Z,e.coli,270,Sasco Brook,2004,05-19
Hunt Club 4,2012-08-21T00:00:00Z,e.coli,270,Sasco Brook,2012,08-21
Poplar 2,2016-07-05T00:00:00Z,e.coli,270,Saugatuck River,2016,07-05
Muddy 3,2012-08-01T00:00:00Z,e.coli,270,Muddy Brook,2012,08-01
Poplar 2,2016-07-13T00:00:00Z,e.coli,270,Saugatuck River,2016,07-13
West Saug 1,2018-07-19T00:00:00Z,e.coli,270,Saugatuck River,2018,07-19
Muddy 1,2018-08-07T00:00:00Z,e.coli,270,Muddy Brook,2018,08-07
Poplar 3,2016-05-31T00:00:00Z,e.coli,270,Saugatuck River,2016,05-31
Lamplight 1,2006-07-26T00:00:00Z,e.coli,270,Pussy Willow Brook,2006,07-26
Sasco 2,2014-07-07T00:00:00Z,e.coli,270,Sasco Brook,2014,07-07
Indian 2,2023-06-08T00:00:00Z,e.coli,271,Indian River,2023,06-08
Hunt Club 1,2014-05-21T00:00:00Z,e.coli,272,Sasco Brook,2014,05-21
Stony 5,2019-05-23T00:00:00Z,e.coli,272,Stony Brook,2019,05-23
Saugatuck 2,2019-05-30T00:00:00Z,e.coli,272,Saugatuck River,2019,05-30
Muddy 0.5,2017-06-12T00:00:00Z,e.coli,272,Muddy Brook,2017,06-12
Stony 1,2020-05-28T00:00:00Z,entero,120,Stony Brook,2020,05-28
Hunt Club 2,2015-08-20T00:00:00Z,e.coli,272,Sasco Brook,2015,08-20
Sasco 9,1998-08-04T00:00:00Z,e.coli,274,Sasco Brook,1998,08-04
Indian 3,2023-06-08T00:00:00Z,e.coli,275,Indian River,2023,06-08
Sasco 9,2022-08-22T00:00:00Z,e.coli,275,Sasco Brook,2022,08-22
Pussy Willow 2,2019-05-22T00:00:00Z,e.coli,275,Pussy Willow Brook,2019,05-22
Deadman 5,2021-05-26T00:00:00Z,e.coli,276,Deadman Brook,2021,05-26
Muddy 5,2022-06-21T00:00:00Z,e.coli,276,Muddy Brook,2022,06-21
Stony 3,2023-07-18T00:00:00Z,e.coli,276,Stony Brook,2023,07-18
Poplar 2,2008-05-19T00:00:00Z,e.coli,276,Saugatuck River,2008,05-19
Pussy Willow 1,2012-06-04T00:00:00Z,e.coli,276,Pussy Willow Brook,2012,06-04
Sasco 6,1995-08-01T00:00:00Z,e.coli,278,Sasco Brook,1995,08-01
Deadman 2,2021-08-31T00:00:00Z,e.coli,279,Deadman Brook,2021,08-31
Hunt Club 2,2022-08-22T00:00:00Z,e.coli,279,Sasco Brook,2022,08-22
Sasco 5,2003-05-29T00:00:00Z,e.coli,280,Sasco Brook,2003,05-29
Sasco 2,2019-09-16T00:00:00Z,entero,120,Sasco Brook,2019,09-16
Sasco 9,2011-05-20T00:00:00Z,e.coli,280,Sasco Brook,2011,05-20
Muddy 3,2018-05-24T00:00:00Z,e.coli,280,Muddy Brook,2018,05-24
Pussy Willow 4,2012-06-18T00:00:00Z,e.coli,280,Pussy Willow Brook,2012,06-18
Muddy 2,2018-09-24T00:00:00Z,e.coli,280,Muddy Brook,2018,09-24
Hunt Club 4,2015-06-16T00:00:00Z,e.coli,280,Sasco Brook,2015,06-16
Hunt Club 2,2001-08-01T00:00:00Z,e.coli,280,Sasco Brook,2001,08-01
Pussy Willow 5,2013-06-17T00:00:00Z,e.coli,280,Pussy Willow Brook,2013,06-17
Indian 3,2007-09-13T00:00:00Z,e.coli,280,Indian River,2007,09-13
Deadman 1,2018-05-30T00:00:00Z,e.coli,280,Deadman Brook,2018,05-30
SG1,2007-06-14T00:00:00Z,e.coli,280,Saugatuck River,2007,06-14
Sasco 3,2002-06-11T00:00:00Z,e.coli,280,Sasco Brook,2002,06-11
Sasco 1,2002-06-03T00:00:00Z,e.coli,280,Sasco Brook,2002,06-03
Pussy Willow 4,2011-09-26T00:00:00Z,e.coli,280,Pussy Willow Brook,2011,09-26
Deadman 3,2018-06-18T00:00:00Z,e.coli,280,Deadman Brook,2018,06-18
New 3,2012-07-31T00:00:00Z,e.coli,280,Greens Farms Brook,2012,07-31
Deadman 1,2013-08-13T00:00:00Z,e.coli,280,Deadman Brook,2013,08-13
New 3,2012-08-21T00:00:00Z,e.coli,280,Greens Farms Brook,2012,08-21
Pussy Willow 1,2012-05-29T00:00:00Z,e.coli,280,Pussy Willow Brook,2012,05-29
Sasco 3,2014-07-21T00:00:00Z,e.coli,280,Sasco Brook,2014,07-21
Sasco 4,2022-05-24T00:00:00Z,e.coli,210,Sasco Brook,2022,05-24
Sasco 4,2022-05-24T00:00:00Z,entero,121,Sasco Brook,2022,05-24
Deadman 7,2013-07-16T00:00:00Z,e.coli,280,Deadman Brook,2013,07-16
New 4,2006-07-26T00:00:00Z,e.coli,280,Greens Farms Brook,2006,07-26
Saugatuck 0.25,2018-08-21T00:00:00Z,e.coli,280,Saugatuck River,2018,08-21
Hunt Club 3,2015-08-20T00:00:00Z,e.coli,280,Sasco Brook,2015,08-20
Sasco 1,2001-06-14T00:00:00Z,e.coli,280,Sasco Brook,2001,06-14
Sasco 1,2004-09-02T00:00:00Z,e.coli,280,Sasco Brook,2004,09-02
Muddy 2,2018-08-30T00:00:00Z,e.coli,280,Muddy Brook,2018,08-30
Deadman 5,2013-07-16T00:00:00Z,e.coli,280,Deadman Brook,2013,07-16
Saugatuck 0.75,2020-08-27T00:00:00Z,entero,121,Saugatuck River,2020,08-27
Indian 1,2008-07-31T00:00:00Z,e.coli,280,Indian River,2008,07-31
Pussy Willow 5,2012-07-02T00:00:00Z,e.coli,280,Pussy Willow Brook,2012,07-02
Muddy 5,2019-06-20T00:00:00Z,e.coli,281,Muddy Brook,2019,06-20
Indian 2,2023-08-17T00:00:00Z,e.coli,281,Indian River,2023,08-17
Sasco 9,2001-09-17T00:00:00Z,e.coli,285,Sasco Brook,2001,09-17
New 2,2023-05-30T00:00:00Z,e.coli,285,Greens Farms Brook,2023,05-30
New 2,2023-05-30T00:00:00Z,entero,122,Greens Farms Brook,2023,05-30
Sasco 6,2000-08-14T00:00:00Z,e.coli,285,Sasco Brook,2000,08-14
Indian 1,2008-05-22T00:00:00Z,e.coli,288,Indian River,2008,05-22
Saugatuck 2,2016-05-25T00:00:00Z,e.coli,288,Saugatuck River,2016,05-25
Pussy Willow 5,2019-09-25T00:00:00Z,e.coli,288,Pussy Willow Brook,2019,09-25
Sasco 5,2016-06-01T00:00:00Z,e.coli,288,Sasco Brook,2016,06-01
Stony 5,2020-06-23T00:00:00Z,e.coli,290,Stony Brook,2020,06-23
Muddy 1,2018-05-07T00:00:00Z,e.coli,290,Muddy Brook,2018,05-07
Deadman 4,2018-09-24T00:00:00Z,e.coli,290,Deadman Brook,2018,09-24
Hunt Club 2,2013-06-12T00:00:00Z,e.coli,290,Sasco Brook,2013,06-12
Pussy Willow 2,2006-08-23T00:00:00Z,e.coli,290,Pussy Willow Brook,2006,08-23
Poplar 2,2010-06-01T00:00:00Z,e.coli,290,Saugatuck River,2010,06-01
Muddy 2,2018-07-09T00:00:00Z,e.coli,290,Muddy Brook,2018,07-09
Sasco 7,2018-07-30T00:00:00Z,e.coli,290,Sasco Brook,2018,07-30
Hunt Club 1,2015-08-14T00:00:00Z,e.coli,290,Sasco Brook,2015,08-14
Muddy 2,2018-08-07T00:00:00Z,e.coli,290,Muddy Brook,2018,08-07
Deadman 3.5,2018-07-25T00:00:00Z,e.coli,290,Deadman Brook,2018,07-25
Saugatuck 0.25,2019-06-26T00:00:00Z,entero,122,Saugatuck River,2019,06-26
Sasco 4,2002-06-25T00:00:00Z,e.coli,290,Sasco Brook,2002,06-25
Sasco 3,2018-09-05T00:00:00Z,e.coli,290,Sasco Brook,2018,09-05
West Saug 1,2020-05-20T00:00:00Z,e.coli,291,Saugatuck River,2020,05-20
Saugatuck 1,2022-08-01T00:00:00Z,e.coli,291,Saugatuck River,2022,08-01
Sasco 6,2019-06-20T00:00:00Z,e.coli,291,Sasco Brook,2019,06-20
Saugatuck 2,2019-08-01T00:00:00Z,e.coli,291,Saugatuck River,2019,08-01
Muddy 3,2012-05-16T00:00:00Z,e.coli,292,Muddy Brook,2012,05-16
Pussy Willow 3,2012-06-04T00:00:00Z,e.coli,292,Pussy Willow Brook,2012,06-04
Saugatuck 2,2016-07-27T00:00:00Z,e.coli,292,Saugatuck River,2016,07-27
Sasco 9,2005-08-10T00:00:00Z,e.coli,292,Sasco Brook,2005,08-10
Sasco 1,2000-06-07T00:00:00Z,e.coli,293,Sasco Brook,2000,06-07
Sasco 6,1995-06-30T00:00:00Z,e.coli,293,Sasco Brook,1995,06-30
Sasco 9,1996-07-11T00:00:00Z,e.coli,293,Sasco Brook,1996,07-11
Sasco 8,1995-07-07T00:00:00Z,e.coli,293,Sasco Brook,1995,07-07
Sasco 9,1999-08-16T00:00:00Z,e.coli,293,Sasco Brook,1999,08-16
New 1,1997-07-11T00:00:00Z,e.coli,293,Greens Farms Brook,1997,07-11
Muddy 1,1997-07-29T00:00:00Z,e.coli,293,Muddy Brook,1997,07-29
Muddy 4,1998-08-21T00:00:00Z,e.coli,293,Muddy Brook,1998,08-21
Sasco 9,1999-07-06T00:00:00Z,e.coli,293,Sasco Brook,1999,07-06
Sasco 5,2004-07-26T00:00:00Z,e.coli,296,Sasco Brook,2004,07-26
Sasco 1,2000-06-23T00:00:00Z,e.coli,296,Sasco Brook,2000,06-23
Indian 2,2023-05-23T00:00:00Z,e.coli,297,Indian River,2023,05-23
Sasco 7,2019-08-14T00:00:00Z,e.coli,299,Sasco Brook,2019,08-14
Stony 5,2019-06-04T00:00:00Z,e.coli,299,Stony Brook,2019,06-04
Hunt Club 1,2022-09-21T00:00:00Z,e.coli,300,Sasco Brook,2022,09-21
Muddy 6,2006-05-10T00:00:00Z,e.coli,300,Muddy Brook,2006,05-10
Pussy Willow 3,2006-09-27T00:00:00Z,e.coli,300,Pussy Willow Brook,2006,09-27
Poplar 4,2009-05-26T00:00:00Z,e.coli,300,Saugatuck River,2009,05-26
Indian 3,2006-06-08T00:00:00Z,e.coli,300,Indian River,2006,06-08
Saugatuck 2,2011-05-20T00:00:00Z,e.coli,300,Saugatuck River,2011,05-20
Sasco 4,2001-05-01T00:00:00Z,e.coli,300,Sasco Brook,2001,05-01
Pussy Willow 1,2006-05-17T00:00:00Z,e.coli,300,Pussy Willow Brook,2006,05-17
Poplar 2,2009-06-12T00:00:00Z,e.coli,300,Saugatuck River,2009,06-12
Sasco 1,2021-05-24T00:00:00Z,entero,134,Sasco Brook,2021,05-24
Poplar 2,2009-06-09T00:00:00Z,e.coli,300,Saugatuck River,2009,06-09
Muddy 6,2017-06-21T00:00:00Z,e.coli,300,Muddy Brook,2017,06-21
Sasco 6,2003-07-21T00:00:00Z,e.coli,300,Sasco Brook,2003,07-21
Poplar 1.5,2009-09-23T00:00:00Z,e.coli,300,Saugatuck River,2009,09-23
Muddy 4,2018-07-09T00:00:00Z,e.coli,300,Muddy Brook,2018,07-09
Sasco 9,2001-08-30T00:00:00Z,e.coli,300,Sasco Brook,2001,08-30
Deadman 2,2013-07-30T00:00:00Z,e.coli,300,Deadman Brook,2013,07-30
Sasco 3,2014-08-18T00:00:00Z,e.coli,300,Sasco Brook,2014,08-18
Deadman 1,2013-07-30T00:00:00Z,e.coli,300,Deadman Brook,2013,07-30
Sasco 1,2003-06-25T00:00:00Z,e.coli,300,Sasco Brook,2003,06-25
Hunt Club 1,2018-08-16T00:00:00Z,e.coli,300,Sasco Brook,2018,08-16
Poplar 4,2011-08-11T00:00:00Z,e.coli,300,Saugatuck River,2011,08-11
Sasco 4,2002-09-10T00:00:00Z,e.coli,300,Sasco Brook,2002,09-10
SG1,2005-07-07T00:00:00Z,e.coli,300,Saugatuck River,2005,07-07
SG1,2011-08-10T00:00:00Z,e.coli,300,Saugatuck River,2011,08-10
Hunt Club 1,2014-07-23T00:00:00Z,e.coli,300,Sasco Brook,2014,07-23
Deadman 4,2018-08-07T00:00:00Z,e.coli,300,Deadman Brook,2018,08-07
Stony 1,2023-06-08T00:00:00Z,e.coli,428,Stony Brook,2023,06-08
Stony 1,2023-06-08T00:00:00Z,entero,134,Stony Brook,2023,06-08
New 2,2013-09-12T00:00:00Z,e.coli,300,Greens Farms Brook,2013,09-12
Sasco 6,2013-07-24T00:00:00Z,e.coli,300,Sasco Brook,2013,07-24
Deadman 3.5,2018-08-30T00:00:00Z,e.coli,300,Deadman Brook,2018,08-30
Saugatuck 1,2005-08-04T00:00:00Z,e.coli,300,Saugatuck River,2005,08-04
Sasco 1,2002-07-16T00:00:00Z,e.coli,300,Sasco Brook,2002,07-16
Sasco 1,2001-07-17T00:00:00Z,e.coli,300,Sasco Brook,2001,07-17
Hunt Club 3,2012-06-22T00:00:00Z,e.coli,300,Sasco Brook,2012,06-22
Deadman 8,2023-09-27T00:00:00Z,e.coli,300,Deadman Brook,2023,09-27
Muddy 1,1997-06-25T00:00:00Z,e.coli,301,Muddy Brook,1997,06-25
Pussy Willow 1,1997-07-29T00:00:00Z,e.coli,301,Pussy Willow Brook,1997,07-29
West Saug 1,2005-08-04T00:00:00Z,e.coli,304,Saugatuck River,2005,08-04
Muddy 3,2017-09-05T00:00:00Z,e.coli,305,Muddy Brook,2017,09-05
New 3,2023-05-30T00:00:00Z,e.coli,308,Greens Farms Brook,2023,05-30
Deadman 3.5,2020-06-25T00:00:00Z,e.coli,308,Deadman Brook,2020,06-25
Sasco 1,2023-08-17T00:00:00Z,entero,134,Sasco Brook,2023,08-17
Sasco 9,2021-07-20T00:00:00Z,e.coli,308,Sasco Brook,2021,07-20
Muddy 2,2019-05-21T00:00:00Z,e.coli,308,Muddy Brook,2019,05-21
Sasco 7,2019-07-31T00:00:00Z,e.coli,308,Sasco Brook,2019,07-31
Deadman 7,2023-09-05T00:00:00Z,e.coli,308,Deadman Brook,2023,09-05
Sasco 4,2000-05-30T00:00:00Z,e.coli,309,Sasco Brook,2000,05-30
Muddy 1,1998-07-29T00:00:00Z,e.coli,309,Muddy Brook,1998,07-29
Sasco 9,1998-08-20T00:00:00Z,e.coli,309,Sasco Brook,1998,08-20
Muddy 2,2017-05-30T00:00:00Z,e.coli,310,Muddy Brook,2017,05-30
Muddy 3,2018-07-09T00:00:00Z,e.coli,310,Muddy Brook,2018,07-09
Hunt Club 4,2014-08-15T00:00:00Z,e.coli,310,Sasco Brook,2014,08-15
Deadman 1,2018-07-09T00:00:00Z,e.coli,310,Deadman Brook,2018,07-09
Saugatuck 0.25,2022-08-01T00:00:00Z,entero,134,Saugatuck River,2022,08-01
Deadman 2,2021-09-14T00:00:00Z,e.coli,310,Deadman Brook,2021,09-14
Stony 5,2020-08-19T00:00:00Z,e.coli,310,Stony Brook,2020,08-19
Deadman 8,2023-08-14T00:00:00Z,e.coli,310,Deadman Brook,2023,08-14
Deadman 7.3,2020-08-24T00:00:00Z,e.coli,310,Deadman Brook,2020,08-24
Deadman 5,2021-07-15T00:00:00Z,e.coli,310,Deadman Brook,2021,07-15
Pussy Willow 3,2019-09-25T00:00:00Z,e.coli,311,Pussy Willow Brook,2019,09-25
Deadman 3.5,2023-05-02T00:00:00Z,e.coli,313,Deadman Brook,2023,05-02
New 2,2023-07-27T00:00:00Z,e.coli,313,Greens Farms Brook,2023,07-27
New 2,2023-07-27T00:00:00Z,entero,717,Greens Farms Brook,2023,07-27
Deadman 3,2021-06-07T00:00:00Z,e.coli,313,Deadman Brook,2021,06-07
Sasco 9,2005-09-07T00:00:00Z,e.coli,316,Sasco Brook,2005,09-07
Sasco 3,2000-06-19T00:00:00Z,e.coli,317,Sasco Brook,2000,06-19
Sasco 9,1995-07-25T00:00:00Z,e.coli,317,Sasco Brook,1995,07-25
Indian 3,2023-08-02T00:00:00Z,e.coli,319,Indian River,2023,08-02
Hunt Club 1,2020-08-17T00:00:00Z,e.coli,319,Sasco Brook,2020,08-17
Hunt Club 2,2003-05-14T00:00:00Z,e.coli,320,Sasco Brook,2003,05-14
Muddy 3,2018-05-07T00:00:00Z,e.coli,320,Muddy Brook,2018,05-07
Muddy 3,2015-06-09T00:00:00Z,e.coli,320,Muddy Brook,2015,06-09
Sasco 4,2014-06-01T00:00:00Z,e.coli,320,Sasco Brook,2014,06-01
Poplar 1.5,2009-05-26T00:00:00Z,e.coli,320,Saugatuck River,2009,05-26
Sasco 5,2013-06-05T00:00:00Z,e.coli,320,Sasco Brook,2013,06-05
Hunt Club 3,2015-06-18T00:00:00Z,e.coli,320,Sasco Brook,2015,06-18
Poplar 4,2017-09-05T00:00:00Z,e.coli,320,Saugatuck River,2017,09-05
Hunt Club 2,2002-07-16T00:00:00Z,e.coli,320,Sasco Brook,2002,07-16
Indian 1,2007-08-23T00:00:00Z,e.coli,320,Indian River,2007,08-23
Muddy 5,2017-06-21T00:00:00Z,e.coli,320,Muddy Brook,2017,06-21
Sasco 5,2013-06-12T00:00:00Z,e.coli,320,Sasco Brook,2013,06-12
Muddy 1,2018-07-09T00:00:00Z,e.coli,320,Muddy Brook,2018,07-09
Sasco 7,2015-06-17T00:00:00Z,e.coli,320,Sasco Brook,2015,06-17
Hunt Club 2,2013-06-26T00:00:00Z,e.coli,320,Sasco Brook,2013,06-26
Sasco 3,2022-05-24T00:00:00Z,e.coli,178,Sasco Brook,2022,05-24
Sasco 3,2022-05-24T00:00:00Z,entero,135,Sasco Brook,2022,05-24
Sasco 8,2015-08-13T00:00:00Z,e.coli,320,Sasco Brook,2015,08-13
Saugatuck 0.75,2021-06-16T00:00:00Z,entero,135,Saugatuck River,2021,06-16
Saugatuck 1,2016-07-06T00:00:00Z,e.coli,320,Saugatuck River,2016,07-06
Poplar 2,2008-07-31T00:00:00Z,e.coli,320,Saugatuck River,2008,07-31
Indian 3,2018-07-16T00:00:00Z,e.coli,320,Indian River,2018,07-16
Sasco 4,2003-07-29T00:00:00Z,e.coli,320,Sasco Brook,2003,07-29
Indian 1,2005-09-01T00:00:00Z,e.coli,320,Indian River,2005,09-01
Hunt Club 2,2016-06-22T00:00:00Z,e.coli,320,Sasco Brook,2016,06-22
Deadman 2,2021-06-07T00:00:00Z,e.coli,321,Deadman Brook,2021,06-07
Deadman 4,2021-07-15T00:00:00Z,e.coli,321,Deadman Brook,2021,07-15
Deadman 7,2023-08-09T00:00:00Z,e.coli,321,Deadman Brook,2023,08-09
Hunt Club 2,1997-05-08T00:00:00Z,e.coli,322,Sasco Brook,1997,05-08
Deadman 5,2023-05-22T00:00:00Z,e.coli,323,Deadman Brook,2023,05-22
Poplar 2,2008-05-22T00:00:00Z,e.coli,324,Saugatuck River,2008,05-22
New 4,2006-06-14T00:00:00Z,e.coli,324,Greens Farms Brook,2006,06-14
Sasco 6,1995-09-23T00:00:00Z,e.coli,325,Sasco Brook,1995,09-23
Sasco 9,1996-08-01T00:00:00Z,e.coli,325,Sasco Brook,1996,08-01
Sasco 7,1996-07-23T00:00:00Z,e.coli,325,Sasco Brook,1996,07-23
Sasco 3,1998-05-29T00:00:00Z,e.coli,325,Sasco Brook,1998,05-29
Sasco 6,1996-06-28T00:00:00Z,e.coli,325,Sasco Brook,1996,06-28
Pussy Willow 2,1998-07-06T00:00:00Z,e.coli,325,Pussy Willow Brook,1998,07-06
Hunt Club 2,2000-08-08T00:00:00Z,e.coli,325,Sasco Brook,2000,08-08
Deadman 2,2023-05-02T00:00:00Z,e.coli,325,Deadman Brook,2023,05-02
Deadman 5,2023-09-05T00:00:00Z,e.coli,325,Deadman Brook,2023,09-05
Muddy 6,2017-08-10T00:00:00Z,e.coli,325,Muddy Brook,2017,08-10
Deadman 2,2022-05-17T00:00:00Z,e.coli,326,Deadman Brook,2022,05-17
Indian 2,2022-06-07T00:00:00Z,e.coli,326,Indian River,2022,06-07
Sasco 6,2022-07-28T00:00:00Z,e.coli,326,Sasco Brook,2022,07-28
Hunt Club 2,2019-09-16T00:00:00Z,e.coli,326,Sasco Brook,2019,09-16
Muddy 4,2019-07-31T00:00:00Z,e.coli,326,Muddy Brook,2019,07-31
Deadman 5,2020-09-24T00:00:00Z,e.coli,328,Deadman Brook,2020,09-24
New 1,2023-06-26T00:00:00Z,entero,144,Greens Farms Brook,2023,06-26
Hunt Club 2,2013-06-21T00:00:00Z,e.coli,330,Sasco Brook,2013,06-21
Deadman 1,2022-05-11T00:00:00Z,entero,145,Deadman Brook,2022,05-11
Hunt Club 4,2014-06-20T00:00:00Z,e.coli,330,Sasco Brook,2014,06-20
Hunt Club 4,2015-06-17T00:00:00Z,e.coli,330,Sasco Brook,2015,06-17
Muddy 5,2018-06-14T00:00:00Z,e.coli,330,Muddy Brook,2018,06-14
Hunt Club 1,2015-08-13T00:00:00Z,e.coli,330,Sasco Brook,2015,08-13
New 2,2006-07-26T00:00:00Z,e.coli,330,Greens Farms Brook,2006,07-26
Poplar 2,2016-05-31T00:00:00Z,e.coli,330,Saugatuck River,2016,05-31
Deadman 7,2023-05-22T00:00:00Z,e.coli,332,Deadman Brook,2023,05-22
Sasco 9,2023-08-09T00:00:00Z,e.coli,332,Sasco Brook,2023,08-09
SG1,2007-08-09T00:00:00Z,e.coli,332,Saugatuck River,2007,08-09
Sasco 1,2000-05-30T00:00:00Z,e.coli,333,Sasco Brook,2000,05-30
Deadman 4,2023-05-02T00:00:00Z,e.coli,333,Deadman Brook,2023,05-02
Deadman 2,2023-09-27T00:00:00Z,e.coli,333,Deadman Brook,2023,09-27
Deadman 4,2021-07-26T00:00:00Z,e.coli,333,Deadman Brook,2021,07-26
Stony 4,2020-08-12T00:00:00Z,e.coli,333,Stony Brook,2020,08-12
Stony 3,2023-09-20T00:00:00Z,e.coli,334,Stony Brook,2023,09-20
Indian 2,2022-09-21T00:00:00Z,e.coli,334,Indian River,2022,09-21
Pussy Willow 2.5,2019-09-04T00:00:00Z,e.coli,334,Pussy Willow Brook,2019,09-04
Hunt Club 3,2016-06-15T00:00:00Z,e.coli,340,Sasco Brook,2016,06-15
Sasco 3,2014-06-01T00:00:00Z,e.coli,340,Sasco Brook,2014,06-01
Hunt Club 2,2002-09-24T00:00:00Z,e.coli,340,Sasco Brook,2002,09-24
Deadman 4,2018-06-14T00:00:00Z,e.coli,340,Deadman Brook,2018,06-14
Sasco 4,2013-09-24T00:00:00Z,e.coli,340,Sasco Brook,2013,09-24
Indian 1,2008-09-11T00:00:00Z,e.coli,340,Indian River,2008,09-11
Hunt Club 1,2015-06-18T00:00:00Z,e.coli,340,Sasco Brook,2015,06-18
Sasco 8,2015-06-29T00:00:00Z,e.coli,340,Sasco Brook,2015,06-29
Sasco 4,2001-09-19T00:00:00Z,e.coli,340,Sasco Brook,2001,09-19
Sasco 4,2001-09-26T00:00:00Z,e.coli,340,Sasco Brook,2001,09-26
Sasco 2,2021-06-29T00:00:00Z,entero,145,Sasco Brook,2021,06-29
Saugatuck 0.25,2018-09-25T00:00:00Z,e.coli,340,Saugatuck River,2018,09-25
Poplar 2,2008-08-14T00:00:00Z,e.coli,340,Saugatuck River,2008,08-14
Muddy 1,2018-06-18T00:00:00Z,e.coli,340,Muddy Brook,2018,06-18
Sasco 5,2012-09-18T00:00:00Z,e.coli,340,Sasco Brook,2012,09-18
Hunt Club 3,2011-08-19T00:00:00Z,e.coli,340,Sasco Brook,2011,08-19
Deadman 7,2013-07-29T00:00:00Z,e.coli,340,Deadman Brook,2013,07-29
Hunt Club 1,2011-08-17T00:00:00Z,e.coli,340,Sasco Brook,2011,08-17
Sasco 1,2014-06-16T00:00:00Z,e.coli,340,Sasco Brook,2014,06-16
Sasco 4,2010-06-02T00:00:00Z,e.coli,340,Sasco Brook,2010,06-02
Saugatuck 1,2006-07-06T00:00:00Z,e.coli,340,Saugatuck River,2006,07-06
Sasco 5,2003-07-21T00:00:00Z,e.coli,340,Sasco Brook,2003,07-21
Hunt Club 1,2010-06-25T00:00:00Z,e.coli,340,Sasco Brook,2010,06-25
Deadman 7.2,2013-07-16T00:00:00Z,e.coli,340,Deadman Brook,2013,07-16
Sasco 9,2018-09-05T00:00:00Z,e.coli,340,Sasco Brook,2018,09-05
Sasco 1,2016-08-08T00:00:00Z,e.coli,340,Sasco Brook,2016,08-08
Sasco 6,2010-05-18T00:00:00Z,e.coli,340,Sasco Brook,2010,05-18
Sasco 3,1995-07-13T00:00:00Z,e.coli,340,Sasco Brook,1995,07-13
Stony 4,2023-09-20T00:00:00Z,e.coli,345,Stony Brook,2023,09-20
Deadman 5,2022-05-11T00:00:00Z,e.coli,345,Deadman Brook,2022,05-11
Muddy 1,2022-06-07T00:00:00Z,e.coli,345,Muddy Brook,2022,06-07
Sasco 9,2021-06-15T00:00:00Z,e.coli,345,Sasco Brook,2021,06-15
Sasco 9,2021-06-29T00:00:00Z,e.coli,345,Sasco Brook,2021,06-29
New 1.5,2023-07-31T00:00:00Z,entero,148,Greens Farms Brook,2023,07-31
Sasco 1,1999-06-24T00:00:00Z,e.coli,348,Sasco Brook,1999,06-24
Muddy 3,2012-06-06T00:00:00Z,e.coli,350,Muddy Brook,2012,06-06
Muddy 4,2012-06-06T00:00:00Z,e.coli,350,Muddy Brook,2012,06-06
Muddy 5,2018-06-18T00:00:00Z,e.coli,350,Muddy Brook,2018,06-18
Pussy Willow 1,2013-06-17T00:00:00Z,e.coli,350,Pussy Willow Brook,2013,06-17
Deadman 7.2,2013-07-01T00:00:00Z,e.coli,350,Deadman Brook,2013,07-01
Hunt Club 1,2011-08-18T00:00:00Z,e.coli,350,Sasco Brook,2011,08-18
Pussy Willow 1,2006-08-23T00:00:00Z,e.coli,350,Pussy Willow Brook,2006,08-23
Poplar 2,2006-05-18T00:00:00Z,e.coli,352,Saugatuck River,2006,05-18
Muddy 1,1997-07-09T00:00:00Z,e.coli,353,Muddy Brook,1997,07-09
Indian 3,2023-08-17T00:00:00Z,e.coli,354,Indian River,2023,08-17
Sasco 9,1999-06-24T00:00:00Z,e.coli,356,Sasco Brook,1999,06-24
Sasco 1,2000-06-27T00:00:00Z,e.coli,356,Sasco Brook,2000,06-27
New 3,1997-06-25T00:00:00Z,e.coli,356,Greens Farms Brook,1997,06-25
New 4,1999-07-02T00:00:00Z,e.coli,356,Greens Farms Brook,1999,07-02
Sasco 1,1999-07-06T00:00:00Z,e.coli,356,Sasco Brook,1999,07-06
New 2,2023-08-17T00:00:00Z,e.coli,357,Greens Farms Brook,2023,08-17
New 2,2023-08-17T00:00:00Z,entero,816,Greens Farms Brook,2023,08-17
Deadman 4,2021-09-14T00:00:00Z,e.coli,357,Deadman Brook,2021,09-14
Sasco 3,2001-05-31T00:00:00Z,e.coli,360,Sasco Brook,2001,05-31
Sasco 1,2019-07-09T00:00:00Z,entero,148,Sasco Brook,2019,07-09
Muddy 5,2017-05-31T00:00:00Z,e.coli,360,Muddy Brook,2017,05-31
Deadman 7,2013-05-20T00:00:00Z,e.coli,360,Deadman Brook,2013,05-20
Sasco 9,2004-05-03T00:00:00Z,e.coli,360,Sasco Brook,2004,05-03
Pussy Willow 2,2014-09-16T00:00:00Z,e.coli,360,Pussy Willow Brook,2014,09-16
Lamplight 1,2008-05-29T00:00:00Z,e.coli,360,Pussy Willow Brook,2008,05-29
Indian 3,2017-05-17T00:00:00Z,e.coli,360,Indian River,2017,05-17
Saugatuck 1,2006-06-08T00:00:00Z,e.coli,360,Saugatuck River,2006,06-08
Muddy 6,2018-07-09T00:00:00Z,e.coli,360,Muddy Brook,2018,07-09
Sasco 4,2002-06-17T00:00:00Z,e.coli,360,Sasco Brook,2002,06-17
Hunt Club 5,2015-06-18T00:00:00Z,e.coli,360,Sasco Brook,2015,06-18
Sasco 4,2001-06-04T00:00:00Z,e.coli,360,Sasco Brook,2001,06-04
Sasco 9,2013-05-22T00:00:00Z,e.coli,360,Sasco Brook,2013,05-22
Pussy Willow 1,2016-06-08T00:00:00Z,e.coli,360,Pussy Willow Brook,2016,06-08
Deadman 2,2012-09-18T00:00:00Z,e.coli,360,Deadman Brook,2012,09-18
Muddy 1,2017-07-24T00:00:00Z,e.coli,360,Muddy Brook,2017,07-24
Hunt Club 1,2016-06-20T00:00:00Z,e.coli,360,Sasco Brook,2016,06-20
New 3,2012-08-14T00:00:00Z,e.coli,360,Greens Farms Brook,2012,08-14
Hunt Club 2,2011-08-17T00:00:00Z,e.coli,360,Sasco Brook,2011,08-17
Muddy 3,2014-09-11T00:00:00Z,e.coli,360,Muddy Brook,2014,09-11
Sasco 9,2010-06-22T00:00:00Z,e.coli,360,Sasco Brook,2010,06-22
Saugatuck 1,2007-08-09T00:00:00Z,e.coli,360,Saugatuck River,2007,08-09
Poplar 3,2016-08-15T00:00:00Z,e.coli,360,Saugatuck River,2016,08-15
Stony 5,2022-05-23T00:00:00Z,e.coli,361,Stony Brook,2022,05-23
Pussy Willow 2,1997-07-29T00:00:00Z,e.coli,364,Pussy Willow Brook,1997,07-29
Pussy Willow 2,1998-08-03T00:00:00Z,e.coli,364,Pussy Willow Brook,1998,08-03
Muddy 5,2018-05-30T00:00:00Z,e.coli,364,Muddy Brook,2018,05-30
Muddy 6,2019-07-31T00:00:00Z,e.coli,365,Muddy Brook,2019,07-31
Stony 3,2019-07-16T00:00:00Z,e.coli,365,Stony Brook,2019,07-16
Deadman 9,2021-05-04T00:00:00Z,e.coli,365,Deadman Brook,2021,05-04
Muddy 2,2022-06-07T00:00:00Z,e.coli,365,Muddy Brook,2022,06-07
Stony 4,2022-08-01T00:00:00Z,e.coli,365,Stony Brook,2022,08-01
Deadman 8,2020-07-09T00:00:00Z,e.coli,365,Deadman Brook,2020,07-09
Sasco 4,2021-05-24T00:00:00Z,e.coli,104,Sasco Brook,2021,05-24
Sasco 4,2021-05-24T00:00:00Z,entero,158,Sasco Brook,2021,05-24
Sasco 6,2003-09-29T00:00:00Z,e.coli,370,Sasco Brook,2003,09-29
Pussy Willow 3,2014-09-23T00:00:00Z,e.coli,370,Pussy Willow Brook,2014,09-23
Deadman 7,2018-09-24T00:00:00Z,e.coli,370,Deadman Brook,2018,09-24
Sasco 4,2021-09-14T00:00:00Z,e.coli,108,Sasco Brook,2021,09-14
Sasco 4,2021-09-14T00:00:00Z,entero,158,Sasco Brook,2021,09-14
Muddy 6,2017-08-24T00:00:00Z,e.coli,370,Muddy Brook,2017,08-24
Deadman 2,2018-05-30T00:00:00Z,e.coli,370,Deadman Brook,2018,05-30
Deadman 7,2021-08-05T00:00:00Z,e.coli,370,Deadman Brook,2021,08-05
Pussy Willow 1,1998-07-14T00:00:00Z,e.coli,372,Pussy Willow Brook,1998,07-14
Muddy 1,1999-06-29T00:00:00Z,e.coli,372,Muddy Brook,1999,06-29
Indian 1.5,2022-08-15T00:00:00Z,e.coli,372,Indian River,2022,08-15
Muddy 1,2019-05-21T00:00:00Z,e.coli,378,Muddy Brook,2019,05-21
Sasco 9,1997-07-24T00:00:00Z,e.coli,378,Sasco Brook,1997,07-24
Hunt Club 2,1999-05-06T00:00:00Z,e.coli,380,Sasco Brook,1999,05-06
Pussy Willow 2,1997-07-17T00:00:00Z,e.coli,380,Pussy Willow Brook,1997,07-17
Muddy 1,2017-06-05T00:00:00Z,e.coli,380,Muddy Brook,2017,06-05
Pussy Willow 5,2012-05-21T00:00:00Z,e.coli,380,Pussy Willow Brook,2012,05-21
Hunt Club 2,2016-06-15T00:00:00Z,e.coli,380,Sasco Brook,2016,06-15
Sasco 3,2010-05-24T00:00:00Z,e.coli,380,Sasco Brook,2010,05-24
Sasco 7,2010-06-11T00:00:00Z,e.coli,380,Sasco Brook,2010,06-11
Muddy 2,2018-05-24T00:00:00Z,e.coli,380,Muddy Brook,2018,05-24
New 2,2012-06-26T00:00:00Z,e.coli,380,Greens Farms Brook,2012,06-26
Pussy Willow 4,2012-05-29T00:00:00Z,e.coli,380,Pussy Willow Brook,2012,05-29
Pussy Willow 1,2006-06-14T00:00:00Z,e.coli,380,Pussy Willow Brook,2006,06-14
Hunt Club 4,2016-06-23T00:00:00Z,e.coli,380,Sasco Brook,2016,06-23
Deadman 1,2018-06-14T00:00:00Z,e.coli,380,Deadman Brook,2018,06-14
Deadman 7,2013-07-01T00:00:00Z,e.coli,380,Deadman Brook,2013,07-01
Sasco 9,2005-08-24T00:00:00Z,e.coli,380,Sasco Brook,2005,08-24
Poplar 4,2016-05-31T00:00:00Z,e.coli,380,Saugatuck River,2016,05-31
Indian 1,2017-06-14T00:00:00Z,e.coli,380,Indian River,2017,06-14
Hunt Club 1,2014-07-09T00:00:00Z,e.coli,380,Sasco Brook,2014,07-09
Saugatuck 0.75,2020-09-03T00:00:00Z,entero,158,Saugatuck River,2020,09-03
Sasco 3,2001-05-05T00:00:00Z,e.coli,380,Sasco Brook,2001,05-05
Indian 3,2023-05-01T00:00:00Z,e.coli,381,Indian River,2023,05-01
Deadman 8,2023-05-31T00:00:00Z,e.coli,387,Deadman Brook,2023,05-31
Deadman 2,2023-05-22T00:00:00Z,e.coli,387,Deadman Brook,2023,05-22
Deadman 4,2023-05-22T00:00:00Z,e.coli,387,Deadman Brook,2023,05-22
Deadman 3.5,2023-09-05T00:00:00Z,e.coli,387,Deadman Brook,2023,09-05
Pussy Willow 4,2019-05-08T00:00:00Z,e.coli,387,Pussy Willow Brook,2019,05-08
Stony 5,2019-05-28T00:00:00Z,e.coli,387,Stony Brook,2019,05-28
Pussy Willow 3,2019-07-10T00:00:00Z,e.coli,387,Pussy Willow Brook,2019,07-10
Deadman 3.5,2021-06-07T00:00:00Z,e.coli,387,Deadman Brook,2021,06-07
Sasco 1,2019-09-16T00:00:00Z,entero,160,Sasco Brook,2019,09-16
Sasco 9,2019-08-14T00:00:00Z,e.coli,387,Sasco Brook,2019,08-14
Stony 4,2020-07-13T00:00:00Z,e.coli,387,Stony Brook,2020,07-13
Deadman 8,2021-05-04T00:00:00Z,e.coli,387,Deadman Brook,2021,05-04
Deadman 8,2020-08-24T00:00:00Z,e.coli,387,Deadman Brook,2020,08-24
Muddy 4,2022-06-21T00:00:00Z,e.coli,387,Muddy Brook,2022,06-21
Muddy 1,2022-06-21T00:00:00Z,e.coli,387,Muddy Brook,2022,06-21
Sasco 2,2019-09-09T00:00:00Z,entero,161,Sasco Brook,2019,09-09
New 3,1997-07-16T00:00:00Z,e.coli,387,Greens Farms Brook,1997,07-16
Indian 2,2022-06-21T00:00:00Z,e.coli,389,Indian River,2022,06-21
New 4,2006-09-13T00:00:00Z,e.coli,390,Greens Farms Brook,2006,09-13
Sasco 8,2014-06-20T00:00:00Z,e.coli,390,Sasco Brook,2014,06-20
Muddy 1,2006-08-23T00:00:00Z,e.coli,390,Muddy Brook,2006,08-23
Pussy Willow 3,2006-07-26T00:00:00Z,e.coli,390,Pussy Willow Brook,2006,07-26
Muddy 4,2017-05-31T00:00:00Z,e.coli,400,Muddy Brook,2017,05-31
Muddy 2,2017-06-05T00:00:00Z,e.coli,400,Muddy Brook,2017,06-05
Poplar 2,2011-05-23T00:00:00Z,e.coli,400,Saugatuck River,2011,05-23
Muddy 4,2012-05-16T00:00:00Z,e.coli,400,Muddy Brook,2012,05-16
Indian 3.1,2022-08-29T00:00:00Z,e.coli,96,Indian River,2022,08-29
Muddy 6,2018-06-18T00:00:00Z,e.coli,400,Muddy Brook,2018,06-18
Hunt Club 2,2011-05-27T00:00:00Z,e.coli,400,Sasco Brook,2011,05-27
New 3,2013-09-26T00:00:00Z,e.coli,400,Greens Farms Brook,2013,09-26
Lamplight 1,2006-05-25T00:00:00Z,e.coli,400,Pussy Willow Brook,2006,05-25
Muddy 6,2017-06-26T00:00:00Z,e.coli,400,Muddy Brook,2017,06-26
Deadman 7,2018-06-14T00:00:00Z,e.coli,400,Deadman Brook,2018,06-14
Hunt Club 4,2015-06-29T00:00:00Z,e.coli,400,Sasco Brook,2015,06-29
Hunt Club 4,2016-06-20T00:00:00Z,e.coli,400,Sasco Brook,2016,06-20
Muddy 3,2012-08-22T00:00:00Z,e.coli,400,Muddy Brook,2012,08-22
Hunt Club 1,2016-06-15T00:00:00Z,e.coli,400,Sasco Brook,2016,06-15
Saugatuck 0.5,2018-06-06T00:00:00Z,e.coli,400,Saugatuck River,2018,06-06
Sasco 3,2018-05-30T00:00:00Z,e.coli,400,Sasco Brook,2018,05-30
Poplar 2,2007-07-12T00:00:00Z,e.coli,400,Saugatuck River,2007,07-12
Hunt Club 2,2011-09-27T00:00:00Z,e.coli,400,Sasco Brook,2011,09-27
Deadman 7,2013-08-12T00:00:00Z,e.coli,400,Deadman Brook,2013,08-12
Muddy 4,2012-08-08T00:00:00Z,e.coli,400,Muddy Brook,2012,08-08
Sasco 1,2018-05-30T00:00:00Z,e.coli,400,Sasco Brook,2018,05-30
Poplar 1,2017-07-11T00:00:00Z,e.coli,400,Saugatuck River,2017,07-11
SG1,2006-07-06T00:00:00Z,e.coli,400,Saugatuck River,2006,07-06
Sasco 3,2002-09-10T00:00:00Z,e.coli,400,Sasco Brook,2002,09-10
Saugatuck 0.5,2018-06-20T00:00:00Z,e.coli,400,Saugatuck River,2018,06-20
Indian 2,2018-07-17T00:00:00Z,e.coli,400,Indian River,2018,07-17
Sasco 3,2001-09-12T00:00:00Z,e.coli,400,Sasco Brook,2001,09-12
Saugatuck 0.75,2019-05-06T00:00:00Z,entero,171,Saugatuck River,2019,05-06
Sasco 4,2014-06-30T00:00:00Z,e.coli,400,Sasco Brook,2014,06-30
Saugatuck 1,2016-07-27T00:00:00Z,e.coli,400,Saugatuck River,2016,07-27
Sasco 3,2021-09-14T00:00:00Z,e.coli,149,Sasco Brook,2021,09-14
Sasco 3,2021-09-14T00:00:00Z,entero,171,Sasco Brook,2021,09-14
West Saug 1,2016-07-27T00:00:00Z,e.coli,400,Saugatuck River,2016,07-27
Sasco 4,2014-08-11T00:00:00Z,e.coli,400,Sasco Brook,2014,08-11
Hunt Club 2,2005-07-15T00:00:00Z,e.coli,400,Sasco Brook,2005,07-15
Pussy Willow 1,2009-07-08T00:00:00Z,e.coli,400,Pussy Willow Brook,2009,07-08
Hunt Club 1,2010-07-01T00:00:00Z,e.coli,400,Sasco Brook,2010,07-01
Deadman 2,2021-07-26T00:00:00Z,e.coli,403,Deadman Brook,2021,07-26
Indian 1.5,2023-05-23T00:00:00Z,e.coli,403,Indian River,2023,05-23
Pussy Willow 2.5,2019-09-25T00:00:00Z,e.coli,403,Pussy Willow Brook,2019,09-25
Sasco 8,1996-06-19T00:00:00Z,e.coli,403,Sasco Brook,1996,06-19
Hunt Club 2,1999-07-08T00:00:00Z,e.coli,403,Sasco Brook,1999,07-08
Sasco 4,2021-07-20T00:00:00Z,e.coli,118,Sasco Brook,2021,07-20
Sasco 4,2021-07-20T00:00:00Z,entero,171,Sasco Brook,2021,07-20
Sasco 9,1999-06-28T00:00:00Z,e.coli,406,Sasco Brook,1999,06-28
Muddy 6,2022-08-29T00:00:00Z,e.coli,407,Muddy Brook,2022,08-29
Deadman 3,2020-06-25T00:00:00Z,e.coli,409,Deadman Brook,2020,06-25
Sasco 7,2021-09-01T00:00:00Z,e.coli,409,Sasco Brook,2021,09-01
Hunt Club 2,2005-05-24T00:00:00Z,e.coli,410,Sasco Brook,2005,05-24
Muddy 1,2015-06-09T00:00:00Z,e.coli,410,Muddy Brook,2015,06-09
Hunt Club 3,2013-06-12T00:00:00Z,e.coli,410,Sasco Brook,2013,06-12
West Saug 1,2005-06-16T00:00:00Z,e.coli,410,Saugatuck River,2005,06-16
Sasco 7,2014-06-23T00:00:00Z,e.coli,410,Sasco Brook,2014,06-23
Pussy Willow 2,2006-07-26T00:00:00Z,e.coli,410,Pussy Willow Brook,2006,07-26
Sasco 8,2015-06-16T00:00:00Z,e.coli,410,Sasco Brook,2015,06-16
Deadman 2,2013-07-02T00:00:00Z,e.coli,410,Deadman Brook,2013,07-02
Lamplight 1,2006-08-23T00:00:00Z,e.coli,410,Pussy Willow Brook,2006,08-23
Muddy 4,2012-07-25T00:00:00Z,e.coli,410,Muddy Brook,2012,07-25
New 3,2023-06-26T00:00:00Z,e.coli,411,Greens Farms Brook,2023,06-26
Stony 4,2020-05-28T00:00:00Z,e.coli,411,Stony Brook,2020,05-28
Sasco 6,2021-06-29T00:00:00Z,e.coli,411,Sasco Brook,2021,06-29
Sasco 9,1995-06-28T00:00:00Z,e.coli,411,Sasco Brook,1995,06-28
Hunt Club 2,2019-07-31T00:00:00Z,e.coli,411,Sasco Brook,2019,07-31
West Saug 1,2019-08-01T00:00:00Z,e.coli,411,Saugatuck River,2019,08-01
Deadman 7.1,2020-07-23T00:00:00Z,e.coli,413,Deadman Brook,2020,07-23
Saugatuck 1,2022-06-08T00:00:00Z,e.coli,416,Saugatuck River,2022,06-08
Muddy 4,2022-06-07T00:00:00Z,e.coli,416,Muddy Brook,2022,06-07
Hunt Club 1,2023-08-17T00:00:00Z,e.coli,418,Sasco Brook,2023,08-17
Sasco 2,1995-07-12T00:00:00Z,e.coli,419,Sasco Brook,1995,07-12
Sasco 9,1995-06-27T00:00:00Z,e.coli,419,Sasco Brook,1995,06-27
Sasco 1,2000-06-19T00:00:00Z,e.coli,419,Sasco Brook,2000,06-19
Sasco 3,1995-08-24T00:00:00Z,e.coli,419,Sasco Brook,1995,08-24
Sasco 9,2022-09-21T00:00:00Z,e.coli,420,Sasco Brook,2022,09-21
Deadman 7,2021-09-14T00:00:00Z,e.coli,420,Deadman Brook,2021,09-14
Deadman 2,2023-05-31T00:00:00Z,e.coli,420,Deadman Brook,2023,05-31
Hunt Club 1,2023-09-06T00:00:00Z,e.coli,420,Sasco Brook,2023,09-06
Hunt Club 5,2010-06-09T00:00:00Z,e.coli,420,Sasco Brook,2010,06-09
Muddy 3,2018-06-14T00:00:00Z,e.coli,420,Muddy Brook,2018,06-14
Muddy 4,2012-06-27T00:00:00Z,e.coli,420,Muddy Brook,2012,06-27
Muddy 1,2018-06-14T00:00:00Z,e.coli,420,Muddy Brook,2018,06-14
West Saug 1,2007-09-13T00:00:00Z,e.coli,420,Saugatuck River,2007,09-13
Indian 3,2008-06-26T00:00:00Z,e.coli,420,Indian River,2008,06-26
New 0.5,2023-08-17T00:00:00Z,entero,171,Greens Farms Brook,2023,08-17
Muddy 1,2017-06-12T00:00:00Z,e.coli,420,Muddy Brook,2017,06-12
Saugatuck 0.25,2020-09-03T00:00:00Z,entero,171,Saugatuck River,2020,09-03
Hunt Club 2,2016-08-18T00:00:00Z,e.coli,420,Sasco Brook,2016,08-18
Sasco 3,2002-09-24T00:00:00Z,e.coli,420,Sasco Brook,2002,09-24
Hunt Club 2,2014-07-23T00:00:00Z,e.coli,420,Sasco Brook,2014,07-23
Saugatuck 0.25,2020-07-06T00:00:00Z,entero,171,Saugatuck River,2020,07-06
Saugatuck 0.75,2019-08-01T00:00:00Z,entero,173,Saugatuck River,2019,08-01
Hunt Club 3,2014-07-23T00:00:00Z,e.coli,420,Sasco Brook,2014,07-23
Pussy Willow 2,2012-08-13T00:00:00Z,e.coli,420,Pussy Willow Brook,2012,08-13
Deadman 5,2013-07-01T00:00:00Z,e.coli,420,Deadman Brook,2013,07-01
Indian 3,2018-07-17T00:00:00Z,e.coli,420,Indian River,2018,07-17
Sasco 8,2016-07-18T00:00:00Z,e.coli,420,Sasco Brook,2016,07-18
Sasco 2,2022-07-14T00:00:00Z,entero,173,Sasco Brook,2022,07-14
Pussy Willow 1,2012-08-13T00:00:00Z,e.coli,420,Pussy Willow Brook,2012,08-13
Sasco 1,2001-08-07T00:00:00Z,e.coli,420,Sasco Brook,2001,08-07
Sasco 4,2000-06-19T00:00:00Z,e.coli,427,Sasco Brook,2000,06-19
Sasco 8,2010-05-18T00:00:00Z,e.coli,430,Sasco Brook,2010,05-18
Muddy 3,2014-09-18T00:00:00Z,e.coli,430,Muddy Brook,2014,09-18
Deadman 4,2012-09-21T00:00:00Z,e.coli,430,Deadman Brook,2012,09-21
West Saug 1,2006-07-06T00:00:00Z,e.coli,430,Saugatuck River,2006,07-06
Hunt Club 3,2015-08-12T00:00:00Z,e.coli,430,Sasco Brook,2015,08-12
Deadman 1,2018-06-18T00:00:00Z,e.coli,430,Deadman Brook,2018,06-18
Sasco 3,2003-08-12T00:00:00Z,e.coli,430,Sasco Brook,2003,08-12
Poplar 3,2009-08-25T00:00:00Z,e.coli,430,Saugatuck River,2009,08-25
Hunt Club 3,2011-06-22T00:00:00Z,e.coli,430,Sasco Brook,2011,06-22
Sasco 8,1996-07-23T00:00:00Z,e.coli,434,Sasco Brook,1996,07-23
Sasco 9,1995-07-19T00:00:00Z,e.coli,434,Sasco Brook,1995,07-19
New 4,1998-08-14T00:00:00Z,e.coli,434,Greens Farms Brook,1998,08-14
Muddy 6,2019-06-20T00:00:00Z,e.coli,435,Muddy Brook,2019,06-20
Pussy Willow 2.5,2019-07-10T00:00:00Z,e.coli,435,Pussy Willow Brook,2019,07-10
West Saug 1,2019-09-12T00:00:00Z,e.coli,435,Saugatuck River,2019,09-12
Hunt Club 2,2021-07-20T00:00:00Z,e.coli,435,Sasco Brook,2021,07-20
Deadman 4,2020-07-09T00:00:00Z,e.coli,435,Deadman Brook,2020,07-09
Saugatuck 1,2020-07-06T00:00:00Z,e.coli,435,Saugatuck River,2020,07-06
West Saug 1,2020-06-24T00:00:00Z,e.coli,435,Saugatuck River,2020,06-24
Deadman 5,2022-08-10T00:00:00Z,e.coli,436,Deadman Brook,2022,08-10
Pussy Willow 4,2019-07-10T00:00:00Z,e.coli,437,Pussy Willow Brook,2019,07-10
Indian 2,2023-05-01T00:00:00Z,e.coli,437,Indian River,2023,05-01
New 3,2023-07-27T00:00:00Z,e.coli,437,Greens Farms Brook,2023,07-27
Poplar 3,2010-05-19T00:00:00Z,e.coli,440,Saugatuck River,2010,05-19
SG1,2011-05-24T00:00:00Z,e.coli,440,Saugatuck River,2011,05-24
Muddy 6,2018-09-24T00:00:00Z,e.coli,440,Muddy Brook,2018,09-24
Deadman 2,2018-06-14T00:00:00Z,e.coli,440,Deadman Brook,2018,06-14
Muddy 4,2012-06-20T00:00:00Z,e.coli,440,Muddy Brook,2012,06-20
Saugatuck 2,2016-06-16T00:00:00Z,e.coli,440,Saugatuck River,2016,06-16
Muddy 2,2017-08-24T00:00:00Z,e.coli,440,Muddy Brook,2017,08-24
Saugatuck 1,2018-07-19T00:00:00Z,e.coli,440,Saugatuck River,2018,07-19
Indian 1,2017-05-18T00:00:00Z,e.coli,440,Indian River,2017,05-18
Deadman 5,2013-07-29T00:00:00Z,e.coli,440,Deadman Brook,2013,07-29
Poplar 3,2011-07-28T00:00:00Z,e.coli,440,Saugatuck River,2011,07-28
Indian 1,2008-06-12T00:00:00Z,e.coli,440,Indian River,2008,06-12
Sasco 5,2005-07-13T00:00:00Z,e.coli,440,Sasco Brook,2005,07-13
Sasco 3,2002-08-06T00:00:00Z,e.coli,440,Sasco Brook,2002,08-06
Sasco 2,2016-06-29T00:00:00Z,e.coli,440,Sasco Brook,2016,06-29
Deadman 1,2018-08-07T00:00:00Z,e.coli,440,Deadman Brook,2018,08-07
Hunt Club 1,2023-08-09T00:00:00Z,e.coli,440,Sasco Brook,2023,08-09
Sasco 6,2000-08-01T00:00:00Z,e.coli,442,Sasco Brook,2000,08-01
Deadman 3.5,2022-06-13T00:00:00Z,e.coli,445,Deadman Brook,2022,06-13
Pussy Willow 2.5,2019-08-28T00:00:00Z,e.coli,449,Pussy Willow Brook,2019,08-28
Hunt Club 2,2021-09-14T00:00:00Z,e.coli,449,Sasco Brook,2021,09-14
Sasco 4,2003-05-29T00:00:00Z,e.coli,450,Sasco Brook,2003,05-29
Hunt Club 3,2014-08-14T00:00:00Z,e.coli,450,Sasco Brook,2014,08-14
Hunt Club 2,2001-06-14T00:00:00Z,e.coli,450,Sasco Brook,2001,06-14
Hunt Club 2,2015-09-18T00:00:00Z,e.coli,450,Sasco Brook,2015,09-18
Sasco 6,1999-07-01T00:00:00Z,e.coli,450,Sasco Brook,1999,07-01
New 1,1999-07-02T00:00:00Z,e.coli,450,Greens Farms Brook,1999,07-02
Indian 3,2022-09-21T00:00:00Z,e.coli,455,Indian River,2022,09-21
Sasco 3,2021-05-24T00:00:00Z,entero,175,Sasco Brook,2021,05-24
Deadman 5,2023-05-02T00:00:00Z,e.coli,456,Deadman Brook,2023,05-02
Deadman 9,2023-08-14T00:00:00Z,e.coli,456,Deadman Brook,2023,08-14
Muddy 3,2019-08-14T00:00:00Z,e.coli,457,Muddy Brook,2019,08-14
Sasco 6,1995-07-19T00:00:00Z,e.coli,458,Sasco Brook,1995,07-19
Pussy Willow 1,1997-07-17T00:00:00Z,e.coli,458,Pussy Willow Brook,1997,07-17
Saugatuck 0.5,2022-08-15T00:00:00Z,entero,175,Saugatuck River,2022,08-15
Hunt Club 2,2011-06-03T00:00:00Z,e.coli,460,Sasco Brook,2011,06-03
Deadman 2,2013-05-20T00:00:00Z,e.coli,460,Deadman Brook,2013,05-20
Poplar 2,2005-06-02T00:00:00Z,e.coli,460,Saugatuck River,2005,06-02
Hunt Club 3,2016-06-23T00:00:00Z,e.coli,460,Sasco Brook,2016,06-23
Muddy 3,2012-06-27T00:00:00Z,e.coli,460,Muddy Brook,2012,06-27
Sasco 6,2004-09-21T00:00:00Z,e.coli,460,Sasco Brook,2004,09-21
Muddy 2,2018-05-29T00:00:00Z,e.coli,460,Muddy Brook,2018,05-29
Muddy 3,2017-09-20T00:00:00Z,e.coli,460,Muddy Brook,2017,09-20
Sasco 4,2002-09-24T00:00:00Z,e.coli,460,Sasco Brook,2002,09-24
Sasco 3,2003-06-25T00:00:00Z,e.coli,460,Sasco Brook,2003,06-25
Sasco 6,2005-08-24T00:00:00Z,e.coli,460,Sasco Brook,2005,08-24
Hunt Club 4,2014-08-12T00:00:00Z,e.coli,460,Sasco Brook,2014,08-12
New 1.5,2016-06-08T00:00:00Z,e.coli,460,Greens Farms Brook,2016,06-08
Muddy 1,2008-06-30T00:00:00Z,e.coli,460,Muddy Brook,2008,06-30
Sasco 3,2016-06-01T00:00:00Z,e.coli,460,Sasco Brook,2016,06-01
Sasco 5,2011-09-27T00:00:00Z,e.coli,460,Sasco Brook,2011,09-27
Indian 2,2018-07-16T00:00:00Z,e.coli,460,Indian River,2018,07-16
Sasco 4,2014-08-25T00:00:00Z,e.coli,460,Sasco Brook,2014,08-25
Indian 1,2003-07-21T00:00:00Z,e.coli,460,Indian River,2003,07-21
Sasco 9,2016-07-18T00:00:00Z,e.coli,460,Sasco Brook,2016,07-18
Deadman 8,2013-07-16T00:00:00Z,e.coli,460,Deadman Brook,2013,07-16
Sasco 1,2001-06-16T00:00:00Z,e.coli,460,Sasco Brook,2001,06-16
Muddy 1,2019-06-04T00:00:00Z,e.coli,461,Muddy Brook,2019,06-04
Muddy 6,2019-09-09T00:00:00Z,e.coli,461,Muddy Brook,2019,09-09
Saugatuck 0.25,2019-08-01T00:00:00Z,entero,175,Saugatuck River,2019,08-01
Muddy 1,2019-07-31T00:00:00Z,e.coli,461,Muddy Brook,2019,07-31
Indian 1.5,2022-05-03T00:00:00Z,e.coli,461,Indian River,2022,05-03
Sasco 7,2021-06-01T00:00:00Z,e.coli,461,Sasco Brook,2021,06-01
Indian 1,2022-05-03T00:00:00Z,e.coli,461,Indian River,2022,05-03
Sasco 8,1996-07-15T00:00:00Z,e.coli,466,Sasco Brook,1996,07-15
New 1,1997-08-14T00:00:00Z,e.coli,466,Greens Farms Brook,1997,08-14
New 2,1999-07-14T00:00:00Z,e.coli,466,Greens Farms Brook,1999,07-14
New 1.5,2023-05-04T00:00:00Z,entero,183,Greens Farms Brook,2023,05-04
Sasco 4,2021-06-01T00:00:00Z,e.coli,224,Sasco Brook,2021,06-01
Sasco 4,2021-06-01T00:00:00Z,entero,183,Sasco Brook,2021,06-01
Sasco 1,2021-08-26T00:00:00Z,entero,183,Sasco Brook,2021,08-26
Pussy Willow 3,2014-09-16T00:00:00Z,e.coli,470,Pussy Willow Brook,2014,09-16
Sasco 3,2021-06-01T00:00:00Z,entero,185,Sasco Brook,2021,06-01
Muddy 2,2018-05-30T00:00:00Z,e.coli,470,Muddy Brook,2018,05-30
Muddy 1,2017-06-26T00:00:00Z,e.coli,470,Muddy Brook,2017,06-26
Muddy 4,2012-05-30T00:00:00Z,e.coli,470,Muddy Brook,2012,05-30
Hunt Club 3,2011-08-18T00:00:00Z,e.coli,470,Sasco Brook,2011,08-18
Sasco 4,2003-08-12T00:00:00Z,e.coli,470,Sasco Brook,2003,08-12
Sasco 1,2001-06-28T00:00:00Z,e.coli,470,Sasco Brook,2001,06-28
Hunt Club 2,2011-06-22T00:00:00Z,e.coli,470,Sasco Brook,2011,06-22
Hunt Club 2,2023-07-27T00:00:00Z,e.coli,475,Sasco Brook,2023,07-27
Deadman 3,2022-06-13T00:00:00Z,e.coli,476,Deadman Brook,2022,06-13
New 3,2023-09-26T00:00:00Z,e.coli,476,Greens Farms Brook,2023,09-26
Deadman 8,2023-05-22T00:00:00Z,e.coli,476,Deadman Brook,2023,05-22
Indian 1,2023-06-08T00:00:00Z,e.coli,476,Indian River,2023,06-08
Indian 1,2023-06-08T00:00:00Z,entero,288,Indian River,2023,06-08
Deadman 3.5,2023-08-09T00:00:00Z,e.coli,476,Deadman Brook,2023,08-09
Sasco 9,1997-07-03T00:00:00Z,e.coli,478,Sasco Brook,1997,07-03
Sasco 1,2001-05-25T00:00:00Z,e.coli,480,Sasco Brook,2001,05-25
Saugatuck 1,2016-05-25T00:00:00Z,e.coli,480,Saugatuck River,2016,05-25
Sasco 3,2001-05-19T00:00:00Z,e.coli,480,Sasco Brook,2001,05-19
Pussy Willow 2,2013-06-17T00:00:00Z,e.coli,480,Pussy Willow Brook,2013,06-17
Muddy 3,2018-06-18T00:00:00Z,e.coli,480,Muddy Brook,2018,06-18
Deadman 3,2018-07-09T00:00:00Z,e.coli,480,Deadman Brook,2018,07-09
Sasco 3,2003-06-12T00:00:00Z,e.coli,480,Sasco Brook,2003,06-12
Hunt Club 2,2002-09-10T00:00:00Z,e.coli,480,Sasco Brook,2002,09-10
Muddy 4,2017-06-21T00:00:00Z,e.coli,480,Muddy Brook,2017,06-21
Sasco 9,2011-05-31T00:00:00Z,e.coli,480,Sasco Brook,2011,05-31
Sasco 4,2001-06-14T00:00:00Z,e.coli,480,Sasco Brook,2001,06-14
New 1,2016-06-08T00:00:00Z,e.coli,480,Greens Farms Brook,2016,06-08
Poplar 1.5,2009-08-25T00:00:00Z,e.coli,480,Saugatuck River,2009,08-25
Sasco 1,2001-07-12T00:00:00Z,e.coli,480,Sasco Brook,2001,07-12
Sasco 3,2022-09-21T00:00:00Z,e.coli,273,Sasco Brook,2022,09-21
Sasco 3,2022-09-21T00:00:00Z,entero,187,Sasco Brook,2022,09-21
Sasco 1,2001-05-05T00:00:00Z,e.coli,480,Sasco Brook,2001,05-05
Hunt Club 2,2015-09-17T00:00:00Z,e.coli,480,Sasco Brook,2015,09-17
Hunt Club 2,1998-05-16T00:00:00Z,e.coli,482,Sasco Brook,1998,05-16
New 3,1998-07-07T00:00:00Z,e.coli,482,Greens Farms Brook,1998,07-07
Pussy Willow 3,1998-07-14T00:00:00Z,e.coli,482,Pussy Willow Brook,1998,07-14
Saugatuck 0.5,2020-08-13T00:00:00Z,entero,187,Saugatuck River,2020,08-13
Sasco 6,1999-06-21T00:00:00Z,e.coli,482,Sasco Brook,1999,06-21
Sasco 2,2019-06-04T00:00:00Z,entero,187,Sasco Brook,2019,06-04
Sasco 9,1995-06-06T00:00:00Z,e.coli,488,Sasco Brook,1995,06-06
Saugatuck 1,2019-08-01T00:00:00Z,e.coli,488,Saugatuck River,2019,08-01
Hunt Club 2,2021-08-09T00:00:00Z,e.coli,488,Sasco Brook,2021,08-09
Deadman 5,2020-06-25T00:00:00Z,e.coli,488,Deadman Brook,2020,06-25
Indian 3.1,2022-08-10T00:00:00Z,e.coli,727,Indian River,2022,08-10
Stony 4,2020-06-23T00:00:00Z,e.coli,488,Stony Brook,2020,06-23
Sasco 1,1999-06-17T00:00:00Z,e.coli,489,Sasco Brook,1999,06-17
Hunt Club 2,2014-06-23T00:00:00Z,e.coli,490,Sasco Brook,2014,06-23
Pussy Willow 4,2013-06-17T00:00:00Z,e.coli,490,Pussy Willow Brook,2013,06-17
Stony 1.5,2020-09-02T00:00:00Z,e.coli,3106,Stony Brook,2020,09-02
Muddy 1,2016-06-08T00:00:00Z,e.coli,490,Muddy Brook,2016,06-08
Hunt Club 5,2014-06-17T00:00:00Z,e.coli,490,Sasco Brook,2014,06-17
Hunt Club 4,2014-08-14T00:00:00Z,e.coli,490,Sasco Brook,2014,08-14
Sasco 7,2015-06-16T00:00:00Z,e.coli,490,Sasco Brook,2015,06-16
Deadman 2,2018-06-18T00:00:00Z,e.coli,490,Deadman Brook,2018,06-18
Muddy 6,2009-07-30T00:00:00Z,e.coli,490,Muddy Brook,2009,07-30
Hunt Club 1,2023-07-27T00:00:00Z,e.coli,493,Sasco Brook,2023,07-27
Deadman 3.5,2023-05-22T00:00:00Z,e.coli,496,Deadman Brook,2023,05-22
New 2,2023-09-26T00:00:00Z,e.coli,496,Greens Farms Brook,2023,09-26
New 2,2023-09-26T00:00:00Z,entero,748,Greens Farms Brook,2023,09-26
Stony 4,2023-05-22T00:00:00Z,e.coli,496,Stony Brook,2023,05-22
Deadman 7,2021-06-07T00:00:00Z,e.coli,496,Deadman Brook,2021,06-07
Sasco 6,2022-08-01T00:00:00Z,e.coli,496,Sasco Brook,2022,08-01
Sasco 4,1995-06-29T00:00:00Z,e.coli,497,Sasco Brook,1995,06-29
Pussy Willow 4,1998-08-03T00:00:00Z,e.coli,497,Pussy Willow Brook,1998,08-03
Indian 1.5,2023-05-01T00:00:00Z,e.coli,498,Indian River,2023,05-01
Stony 4,2023-05-01T00:00:00Z,e.coli,498,Stony Brook,2023,05-01
Pussy Willow 2.5,2019-08-05T00:00:00Z,e.coli,498,Pussy Willow Brook,2019,08-05
Sasco 9,2003-09-29T00:00:00Z,e.coli,500,Sasco Brook,2003,09-29
Saugatuck 2,2011-05-24T00:00:00Z,e.coli,500,Saugatuck River,2011,05-24
Hunt Club 1,2013-06-12T00:00:00Z,e.coli,500,Sasco Brook,2013,06-12
New 4,2013-09-19T00:00:00Z,e.coli,500,Greens Farms Brook,2013,09-19
Deadman 9,2012-09-28T00:00:00Z,e.coli,500,Deadman Brook,2012,09-28
Pussy Willow 3,2014-09-30T00:00:00Z,e.coli,500,Pussy Willow Brook,2014,09-30
Deadman 1,2012-09-25T00:00:00Z,e.coli,500,Deadman Brook,2012,09-25
Hunt Club 2,2001-08-30T00:00:00Z,e.coli,500,Sasco Brook,2001,08-30
Muddy 0.5,2016-06-08T00:00:00Z,e.coli,500,Muddy Brook,2016,06-08
Pussy Willow 4,2014-09-30T00:00:00Z,e.coli,500,Pussy Willow Brook,2014,09-30
Sasco 3,2001-09-19T00:00:00Z,e.coli,500,Sasco Brook,2001,09-19
Sasco 9,2005-09-21T00:00:00Z,e.coli,500,Sasco Brook,2005,09-21
New 2,2012-08-14T00:00:00Z,e.coli,500,Greens Farms Brook,2012,08-14
West Saug 1,2005-07-07T00:00:00Z,e.coli,500,Saugatuck River,2005,07-07
Hunt Club 4,2015-08-12T00:00:00Z,e.coli,500,Sasco Brook,2015,08-12
Muddy 3,2018-08-07T00:00:00Z,e.coli,500,Muddy Brook,2018,08-07
Pussy Willow 1,2011-09-26T00:00:00Z,e.coli,500,Pussy Willow Brook,2011,09-26
Sasco 2,2023-08-09T00:00:00Z,entero,197,Sasco Brook,2023,08-09
Deadman 7,2018-08-07T00:00:00Z,e.coli,500,Deadman Brook,2018,08-07
New 0.5,2012-08-21T00:00:00Z,e.coli,500,Greens Farms Brook,2012,08-21
Sasco 3,2002-07-08T00:00:00Z,e.coli,500,Sasco Brook,2002,07-08
SG1,2005-09-01T00:00:00Z,e.coli,500,Saugatuck River,2005,09-01
Sasco 2,2014-06-30T00:00:00Z,e.coli,500,Sasco Brook,2014,06-30
New 2,2023-08-29T00:00:00Z,e.coli,501,Greens Farms Brook,2023,08-29
New 2,2023-08-29T00:00:00Z,entero,1354,Greens Farms Brook,2023,08-29
Indian 3,2022-05-03T00:00:00Z,e.coli,501,Indian River,2022,05-03
Hunt Club 2,1998-07-14T00:00:00Z,e.coli,505,Sasco Brook,1998,07-14
Sasco 6,2000-06-27T00:00:00Z,e.coli,505,Sasco Brook,2000,06-27
New 0.5,2012-05-22T00:00:00Z,e.coli,510,Greens Farms Brook,2012,05-22
Hunt Club 1,2011-08-19T00:00:00Z,e.coli,510,Sasco Brook,2011,08-19
New 0.5,2012-06-26T00:00:00Z,e.coli,510,Greens Farms Brook,2012,06-26
Sasco 3,2000-05-30T00:00:00Z,e.coli,513,Sasco Brook,2000,05-30
Muddy 1,1998-07-06T00:00:00Z,e.coli,513,Muddy Brook,1998,07-06
Sasco 9,2000-08-01T00:00:00Z,e.coli,513,Sasco Brook,2000,08-01
Muddy 4,2019-07-09T00:00:00Z,e.coli,517,Muddy Brook,2019,07-09
Hunt Club 1,2021-06-01T00:00:00Z,e.coli,517,Sasco Brook,2021,06-01
Deadman 7,2022-09-15T00:00:00Z,e.coli,517,Deadman Brook,2022,09-15
Deadman 2,2022-09-15T00:00:00Z,e.coli,517,Deadman Brook,2022,09-15
Muddy 4,2022-08-15T00:00:00Z,e.coli,517,Muddy Brook,2022,08-15
Muddy 1,2022-06-30T00:00:00Z,e.coli,517,Muddy Brook,2022,06-30
Deadman 5,2013-05-20T00:00:00Z,e.coli,520,Deadman Brook,2013,05-20
Muddy 3,2018-09-24T00:00:00Z,e.coli,520,Muddy Brook,2018,09-24
Hunt Club 2,2005-09-07T00:00:00Z,e.coli,520,Sasco Brook,2005,09-07
Hunt Club 2,2011-05-31T00:00:00Z,e.coli,520,Sasco Brook,2011,05-31
Muddy 2,2017-06-12T00:00:00Z,e.coli,520,Muddy Brook,2017,06-12
Indian 2,2017-06-14T00:00:00Z,e.coli,520,Indian River,2017,06-14
Pussy Willow 1,2012-06-11T00:00:00Z,e.coli,520,Pussy Willow Brook,2012,06-11
Pussy Willow 3,2012-08-13T00:00:00Z,e.coli,520,Pussy Willow Brook,2012,08-13
Indian 3,2008-07-31T00:00:00Z,e.coli,520,Indian River,2008,07-31
Sasco 5,2003-07-07T00:00:00Z,e.coli,520,Sasco Brook,2003,07-07
SG1,2010-05-19T00:00:00Z,e.coli,520,Saugatuck River,2010,05-19
Hunt Club 3,2016-06-22T00:00:00Z,e.coli,520,Sasco Brook,2016,06-22
Stony 2,2023-09-20T00:00:00Z,e.coli,520,Stony Brook,2023,09-20
Indian 2,2022-08-15T00:00:00Z,e.coli,520,Indian River,2022,08-15
Pussy Willow 2,2019-06-03T00:00:00Z,e.coli,521,Pussy Willow Brook,2019,06-03
Indian 1,2022-06-07T00:00:00Z,e.coli,522,Indian River,2022,06-07
Sasco 6,2021-09-01T00:00:00Z,e.coli,522,Sasco Brook,2021,09-01
Sasco 9,1999-08-09T00:00:00Z,e.coli,529,Sasco Brook,1999,08-09
Sasco 2,1995-07-21T00:00:00Z,e.coli,529,Sasco Brook,1995,07-21
Sasco 6,1998-08-11T00:00:00Z,e.coli,529,Sasco Brook,1998,08-11
New 2,1997-07-31T00:00:00Z,e.coli,529,Greens Farms Brook,1997,07-31
Indian 1.5,2022-06-21T00:00:00Z,e.coli,529,Indian River,2022,06-21
Deadman 8,2018-09-10T00:00:00Z,e.coli,530,Deadman Brook,2018,09-10
Lamplight 1,2017-05-30T00:00:00Z,e.coli,530,Pussy Willow Brook,2017,05-30
Hunt Club 2,2015-06-18T00:00:00Z,e.coli,530,Sasco Brook,2015,06-18
Hunt Club 2,2013-06-20T00:00:00Z,e.coli,530,Sasco Brook,2013,06-20
Pussy Willow 4,2014-09-16T00:00:00Z,e.coli,530,Pussy Willow Brook,2014,09-16
Stony 2,2013-09-18T00:00:00Z,e.coli,540,Stony Brook,2013,09-18
Pussy Willow 1.5,2019-06-12T00:00:00Z,e.coli,435,Pussy Willow Brook,2019,06-12
Sasco 4,2002-06-03T00:00:00Z,e.coli,540,Sasco Brook,2002,06-03
Indian 3,2018-06-13T00:00:00Z,e.coli,540,Indian River,2018,06-13
Sasco 7,2015-06-29T00:00:00Z,e.coli,540,Sasco Brook,2015,06-29
Stony 2,2018-09-25T00:00:00Z,e.coli,540,Stony Brook,2018,09-25
Deadman 7,2018-07-09T00:00:00Z,e.coli,540,Deadman Brook,2018,07-09
Indian 1,2018-05-31T00:00:00Z,e.coli,540,Indian River,2018,05-31
Hunt Club 4,2010-06-21T00:00:00Z,e.coli,540,Sasco Brook,2010,06-21
Sasco 3,2016-09-26T00:00:00Z,e.coli,540,Sasco Brook,2016,09-26
Sasco 8,2015-06-17T00:00:00Z,e.coli,540,Sasco Brook,2015,06-17
Saugatuck 1,2016-06-02T00:00:00Z,e.coli,540,Saugatuck River,2016,06-02
Deadman 1,2022-05-17T00:00:00Z,entero,213,Deadman Brook,2022,05-17
Sasco 6,2011-05-31T00:00:00Z,e.coli,540,Sasco Brook,2011,05-31
Lamplight 1,2006-06-14T00:00:00Z,e.coli,540,Pussy Willow Brook,2006,06-14
Deadman 3,2013-07-15T00:00:00Z,e.coli,540,Deadman Brook,2013,07-15
Sasco 3,2016-07-18T00:00:00Z,e.coli,540,Sasco Brook,2016,07-18
Sasco 2,2016-08-08T00:00:00Z,e.coli,540,Sasco Brook,2016,08-08
Sasco 1,2001-06-26T00:00:00Z,e.coli,540,Sasco Brook,2001,06-26
Sasco 4,2002-08-21T00:00:00Z,e.coli,540,Sasco Brook,2002,08-21
Indian 3,2018-06-14T00:00:00Z,e.coli,540,Indian River,2018,06-14
New 1,1998-07-15T00:00:00Z,e.coli,544,Greens Farms Brook,1998,07-15
New 2,1998-07-15T00:00:00Z,e.coli,544,Greens Farms Brook,1998,07-15
Deadman 3,2021-06-15T00:00:00Z,e.coli,545,Deadman Brook,2021,06-15
Stony 3,2019-07-24T00:00:00Z,e.coli,546,Stony Brook,2019,07-24
Saugatuck 0.75,2021-07-12T00:00:00Z,entero,213,Saugatuck River,2021,07-12
Stony 5,2020-05-28T00:00:00Z,e.coli,548,Stony Brook,2020,05-28
Muddy 2,2019-05-06T00:00:00Z,e.coli,548,Muddy Brook,2019,05-06
Pussy Willow 4,2019-05-22T00:00:00Z,e.coli,548,Pussy Willow Brook,2019,05-22
Hunt Club 1,2019-08-14T00:00:00Z,e.coli,548,Sasco Brook,2019,08-14
Saugatuck 1,2018-09-25T00:00:00Z,e.coli,550,Saugatuck River,2018,09-25
Hunt Club 2,2001-06-12T00:00:00Z,e.coli,550,Sasco Brook,2001,06-12
New 3,2012-06-26T00:00:00Z,e.coli,550,Greens Farms Brook,2012,06-26
Hunt Club 3,2015-06-19T00:00:00Z,e.coli,550,Sasco Brook,2015,06-19
Deadman 3,2013-07-02T00:00:00Z,e.coli,550,Deadman Brook,2013,07-02
Muddy 6,2006-07-24T00:00:00Z,e.coli,550,Muddy Brook,2006,07-24
Hunt Club 4,2015-09-17T00:00:00Z,e.coli,550,Sasco Brook,2015,09-17
Indian 1.5,2022-06-07T00:00:00Z,e.coli,551,Indian River,2022,06-07
Hunt Club 2,1997-05-15T00:00:00Z,e.coli,552,Sasco Brook,1997,05-15
Sasco 8,1996-06-20T00:00:00Z,e.coli,560,Sasco Brook,1996,06-20
New 1,1997-08-22T00:00:00Z,e.coli,560,Greens Farms Brook,1997,08-22
Saugatuck 0.5,2020-09-03T00:00:00Z,entero,216,Saugatuck River,2020,09-03
Pussy Willow 5,2012-06-04T00:00:00Z,e.coli,560,Pussy Willow Brook,2012,06-04
Saugatuck 0.25,2019-06-05T00:00:00Z,entero,216,Saugatuck River,2019,06-05
Sasco 9,2003-06-23T00:00:00Z,e.coli,560,Sasco Brook,2003,06-23
Deadman 4,2018-09-10T00:00:00Z,e.coli,560,Deadman Brook,2018,09-10
Hunt Club 2,2018-06-20T00:00:00Z,e.coli,560,Sasco Brook,2018,06-20
Saugatuck 0.75,2022-07-25T00:00:00Z,entero,226,Saugatuck River,2022,07-25
Sasco 9,2004-09-21T00:00:00Z,e.coli,560,Sasco Brook,2004,09-21
Muddy 2,2018-06-14T00:00:00Z,e.coli,560,Muddy Brook,2018,06-14
Stony 1,2023-08-17T00:00:00Z,e.coli,58,Stony Brook,2023,08-17
Stony 1,2023-08-17T00:00:00Z,entero,228,Stony Brook,2023,08-17
Sasco 9,2004-08-23T00:00:00Z,e.coli,560,Sasco Brook,2004,08-23
Indian 1,2014-09-24T00:00:00Z,e.coli,560,Indian River,2014,09-24
Sasco 4,2003-06-12T00:00:00Z,e.coli,560,Sasco Brook,2003,06-12
Saugatuck 0.5,2021-07-12T00:00:00Z,entero,231,Saugatuck River,2021,07-12
Deadman 5,2018-06-18T00:00:00Z,e.coli,560,Deadman Brook,2018,06-18
Lamplight 1,2006-05-17T00:00:00Z,e.coli,560,Pussy Willow Brook,2006,05-17
Indian 1,2006-06-22T00:00:00Z,e.coli,560,Indian River,2006,06-22
Poplar 4,2017-07-11T00:00:00Z,e.coli,560,Saugatuck River,2017,07-11
Sasco 8,2016-08-01T00:00:00Z,e.coli,560,Sasco Brook,2016,08-01
Poplar 4,2009-08-25T00:00:00Z,e.coli,560,Saugatuck River,2009,08-25
West Saug 1,2005-09-01T00:00:00Z,e.coli,560,Saugatuck River,2005,09-01
Poplar 4,2016-08-15T00:00:00Z,e.coli,560,Saugatuck River,2016,08-15
Stony 1,2022-08-15T00:00:00Z,e.coli,1454,Stony Brook,2022,08-15
Stony 1,2022-08-15T00:00:00Z,entero,233,Stony Brook,2022,08-15
Hunt Club 2,1995-07-17T00:00:00Z,e.coli,576,Sasco Brook,1995,07-17
Sasco 6,1997-06-23T00:00:00Z,e.coli,576,Sasco Brook,1997,06-23
Hunt Club 2,1995-07-13T00:00:00Z,e.coli,576,Sasco Brook,1995,07-13
Muddy 1,2019-05-06T00:00:00Z,e.coli,579,Muddy Brook,2019,05-06
New 3,2019-06-12T00:00:00Z,e.coli,579,Greens Farms Brook,2019,06-12
Sasco 7,2021-06-15T00:00:00Z,e.coli,579,Sasco Brook,2021,06-15
Sasco 3,2003-05-29T00:00:00Z,e.coli,580,Sasco Brook,2003,05-29
Saugatuck 1,2011-05-19T00:00:00Z,e.coli,580,Saugatuck River,2011,05-19
Pussy Willow 5,2014-09-16T00:00:00Z,e.coli,580,Pussy Willow Brook,2014,09-16
Sasco 2,2021-08-09T00:00:00Z,entero,240,Sasco Brook,2021,08-09
Poplar 2,2011-05-19T00:00:00Z,e.coli,580,Saugatuck River,2011,05-19
Hunt Club 5,2013-06-12T00:00:00Z,e.coli,580,Sasco Brook,2013,06-12
Pussy Willow 5,2012-05-29T00:00:00Z,e.coli,580,Pussy Willow Brook,2012,05-29
Hunt Club 1,2014-08-15T00:00:00Z,e.coli,580,Sasco Brook,2014,08-15
Sasco 7,2016-06-01T00:00:00Z,e.coli,580,Sasco Brook,2016,06-01
West Saug 1,2006-06-22T00:00:00Z,e.coli,580,Saugatuck River,2006,06-22
Hunt Club 2,2016-08-10T00:00:00Z,e.coli,580,Sasco Brook,2016,08-10
New 2,2012-07-31T00:00:00Z,e.coli,580,Greens Farms Brook,2012,07-31
Sasco 4,2003-06-25T00:00:00Z,e.coli,580,Sasco Brook,2003,06-25
Indian 3,2007-08-09T00:00:00Z,e.coli,580,Indian River,2007,08-09
New 1,2012-08-21T00:00:00Z,e.coli,580,Greens Farms Brook,2012,08-21
Indian 1,2016-06-02T00:00:00Z,e.coli,580,Indian River,2016,06-02
Sasco 3,2002-07-16T00:00:00Z,e.coli,580,Sasco Brook,2002,07-16
Sasco 2,2018-07-16T00:00:00Z,e.coli,580,Sasco Brook,2018,07-16
Hunt Club 2,2004-06-21T00:00:00Z,e.coli,580,Sasco Brook,2004,06-21
Stony 3,2023-05-22T00:00:00Z,e.coli,582,Stony Brook,2023,05-22
Sasco 6,2023-09-12T00:00:00Z,e.coli,582,Sasco Brook,2023,09-12
Deadman 2,2021-06-15T00:00:00Z,e.coli,582,Deadman Brook,2021,06-15
Sasco 2,2021-07-20T00:00:00Z,entero,246,Sasco Brook,2021,07-20
Stony 3,2020-09-02T00:00:00Z,e.coli,582,Stony Brook,2020,09-02
Saugatuck 0.5,2020-06-24T00:00:00Z,entero,247,Saugatuck River,2020,06-24
Muddy 4,1999-06-29T00:00:00Z,e.coli,583,Muddy Brook,1999,06-29
SG1,2008-06-06T00:00:00Z,e.coli,590,Saugatuck River,2008,06-06
Sasco 9,1996-06-21T00:00:00Z,e.coli,591,Sasco Brook,1996,06-21
New 4,1998-08-04T00:00:00Z,e.coli,591,Greens Farms Brook,1998,08-04
Deadman 3.5,2023-08-14T00:00:00Z,e.coli,597,Deadman Brook,2023,08-14
Deadman 1,2013-05-20T00:00:00Z,e.coli,600,Deadman Brook,2013,05-20
Hunt Club 1,2010-06-11T00:00:00Z,e.coli,600,Sasco Brook,2010,06-11
Indian 1,2007-06-14T00:00:00Z,e.coli,600,Indian River,2007,06-14
Pussy Willow 4,2012-06-11T00:00:00Z,e.coli,600,Pussy Willow Brook,2012,06-11
Muddy 6,2017-09-20T00:00:00Z,e.coli,600,Muddy Brook,2017,09-20
Muddy 2,2017-09-05T00:00:00Z,e.coli,600,Muddy Brook,2017,09-05
Muddy 1,2017-06-21T00:00:00Z,e.coli,600,Muddy Brook,2017,06-21
Sasco 4,2010-06-08T00:00:00Z,e.coli,600,Sasco Brook,2010,06-08
Sasco 3,2003-07-22T00:00:00Z,e.coli,600,Sasco Brook,2003,07-22
Deadman 2,2013-07-15T00:00:00Z,e.coli,600,Deadman Brook,2013,07-15
Deadman 1,2013-07-15T00:00:00Z,e.coli,600,Deadman Brook,2013,07-15
New 3,2012-07-17T00:00:00Z,e.coli,600,Greens Farms Brook,2012,07-17
New 1,2006-08-16T00:00:00Z,e.coli,600,Greens Farms Brook,2006,08-16
Sasco 9,2013-07-24T00:00:00Z,e.coli,600,Sasco Brook,2013,07-24
Sasco 2,2018-06-20T00:00:00Z,e.coli,600,Sasco Brook,2018,06-20
Sasco 3,2002-08-21T00:00:00Z,e.coli,600,Sasco Brook,2002,08-21
Indian 2,2023-09-20T00:00:00Z,e.coli,602,Indian River,2023,09-20
Sasco 8,1995-07-27T00:00:00Z,e.coli,607,Sasco Brook,1995,07-27
New 3,1997-07-11T00:00:00Z,e.coli,607,Greens Farms Brook,1997,07-11
Saugatuck 1,2007-07-18T00:00:00Z,e.coli,610,Saugatuck River,2007,07-18
Muddy 1,2019-06-20T00:00:00Z,e.coli,613,Muddy Brook,2019,06-20
New 4,2019-06-12T00:00:00Z,e.coli,613,Greens Farms Brook,2019,06-12
Stony 2,2023-08-30T00:00:00Z,e.coli,613,Stony Brook,2023,08-30
Sasco 9,1996-07-15T00:00:00Z,e.coli,615,Sasco Brook,1996,07-15
Pussy Willow 5,2019-09-04T00:00:00Z,e.coli,615,Pussy Willow Brook,2019,09-04
Pussy Willow 4,2019-09-04T00:00:00Z,e.coli,615,Pussy Willow Brook,2019,09-04
Stony 5,2023-05-22T00:00:00Z,e.coli,615,Stony Brook,2023,05-22
Deadman 7,2023-08-14T00:00:00Z,e.coli,615,Deadman Brook,2023,08-14
Deadman 3,2021-07-15T00:00:00Z,e.coli,615,Deadman Brook,2021,07-15
Stony 2,2020-09-02T00:00:00Z,e.coli,615,Stony Brook,2020,09-02
Muddy 1,2017-05-31T00:00:00Z,e.coli,620,Muddy Brook,2017,05-31
Hunt Club 2,2011-05-25T00:00:00Z,e.coli,620,Sasco Brook,2011,05-25
Pussy Willow 1,2006-09-27T00:00:00Z,e.coli,620,Pussy Willow Brook,2006,09-27
West Saug 1,2006-06-08T00:00:00Z,e.coli,620,Saugatuck River,2006,06-08
Poplar 3,2009-06-12T00:00:00Z,e.coli,620,Saugatuck River,2009,06-12
Muddy 3,2012-08-08T00:00:00Z,e.coli,620,Muddy Brook,2012,08-08
Deadman 1,2023-05-31T00:00:00Z,entero,256,Deadman Brook,2023,05-31
Stony 4,2019-07-24T00:00:00Z,e.coli,620,Stony Brook,2019,07-24
Sasco 4,2014-07-07T00:00:00Z,e.coli,620,Sasco Brook,2014,07-07
Sasco 4,2002-07-22T00:00:00Z,e.coli,620,Sasco Brook,2002,07-22
Sasco 6,1997-06-19T00:00:00Z,e.coli,623,Sasco Brook,1997,06-19
Pussy Willow 3,1998-08-03T00:00:00Z,e.coli,623,Pussy Willow Brook,1998,08-03
Muddy 1,2017-05-30T00:00:00Z,e.coli,630,Muddy Brook,2017,05-30
Sasco 8,2014-08-14T00:00:00Z,e.coli,630,Sasco Brook,2014,08-14
Muddy 3,2008-08-05T00:00:00Z,e.coli,630,Muddy Brook,2008,08-05
Lamplight 1,2008-07-10T00:00:00Z,e.coli,630,Pussy Willow Brook,2008,07-10
Sasco 9,2023-09-12T00:00:00Z,e.coli,630,Sasco Brook,2023,09-12
Sasco 3,1995-07-19T00:00:00Z,e.coli,631,Sasco Brook,1995,07-19
Hunt Club 2,1995-08-11T00:00:00Z,e.coli,638,Sasco Brook,1995,08-11
Sasco 8,1996-07-18T00:00:00Z,e.coli,638,Sasco Brook,1996,07-18
Saugatuck 0.25,2021-07-12T00:00:00Z,entero,256,Saugatuck River,2021,07-12
New 4,1997-07-21T00:00:00Z,e.coli,638,Greens Farms Brook,1997,07-21
New 3,1998-08-04T00:00:00Z,e.coli,638,Greens Farms Brook,1998,08-04
Pussy Willow 5,2014-09-23T00:00:00Z,e.coli,640,Pussy Willow Brook,2014,09-23
Sasco 3,2018-06-07T00:00:00Z,e.coli,640,Sasco Brook,2018,06-07
Muddy 4,2018-06-18T00:00:00Z,e.coli,640,Muddy Brook,2018,06-18
Poplar 2,2011-05-20T00:00:00Z,e.coli,640,Saugatuck River,2011,05-20
Sasco 1,2018-06-07T00:00:00Z,e.coli,640,Sasco Brook,2018,06-07
Indian 1,2016-05-19T00:00:00Z,e.coli,640,Indian River,2016,05-19
Muddy 2,2018-06-18T00:00:00Z,e.coli,640,Muddy Brook,2018,06-18
Hunt Club 3,2015-06-16T00:00:00Z,e.coli,640,Sasco Brook,2015,06-16
New 1,2006-06-14T00:00:00Z,e.coli,640,Greens Farms Brook,2006,06-14
Pussy Willow 1,2016-06-01T00:00:00Z,e.coli,640,Pussy Willow Brook,2016,06-01
Sasco 3,2016-06-29T00:00:00Z,e.coli,640,Sasco Brook,2016,06-29
Muddy 1,2008-06-09T00:00:00Z,e.coli,640,Muddy Brook,2008,06-09
New 1,2006-07-26T00:00:00Z,e.coli,640,Greens Farms Brook,2006,07-26
Indian 1,2005-07-21T00:00:00Z,e.coli,640,Indian River,2005,07-21
Sasco 8,2010-08-18T00:00:00Z,e.coli,640,Sasco Brook,2010,08-18
Deadman 8,2022-06-02T00:00:00Z,e.coli,649,Deadman Brook,2022,06-02
Hunt Club 2,2022-07-14T00:00:00Z,e.coli,649,Sasco Brook,2022,07-14
Deadman 2,2022-07-05T00:00:00Z,e.coli,649,Deadman Brook,2022,07-05
Hunt Club 1,2022-07-28T00:00:00Z,e.coli,649,Sasco Brook,2022,07-28
Deadman 2,2022-08-10T00:00:00Z,e.coli,649,Deadman Brook,2022,08-10
Saugatuck 1,2019-05-30T00:00:00Z,e.coli,649,Saugatuck River,2019,05-30
Sasco 6,2003-06-23T00:00:00Z,e.coli,650,Sasco Brook,2003,06-23
Muddy 3,2011-09-30T00:00:00Z,e.coli,650,Muddy Brook,2011,09-30
Hunt Club 3,2012-08-15T00:00:00Z,e.coli,650,Sasco Brook,2012,08-15
Sasco 4,2002-08-27T00:00:00Z,e.coli,650,Sasco Brook,2002,08-27
Indian 1.5,2023-06-08T00:00:00Z,e.coli,651,Indian River,2023,06-08
Deadman 5,2023-05-31T00:00:00Z,e.coli,651,Deadman Brook,2023,05-31
Deadman 2,2021-08-05T00:00:00Z,e.coli,651,Deadman Brook,2021,08-05
Stony 4,2020-07-21T00:00:00Z,e.coli,651,Stony Brook,2020,07-21
Sasco 3,1995-07-06T00:00:00Z,e.coli,654,Sasco Brook,1995,07-06
Muddy 1,2008-05-29T00:00:00Z,e.coli,660,Muddy Brook,2008,05-29
Lamplight 1,2017-06-05T00:00:00Z,e.coli,660,Pussy Willow Brook,2017,06-05
Hunt Club 2,2015-06-29T00:00:00Z,e.coli,660,Sasco Brook,2015,06-29
Indian 3,2005-07-07T00:00:00Z,e.coli,660,Indian River,2005,07-07
Deadman 8,2018-07-25T00:00:00Z,e.coli,660,Deadman Brook,2018,07-25
Indian 3,2007-07-12T00:00:00Z,e.coli,660,Indian River,2007,07-12
Poplar 4,2009-06-12T00:00:00Z,e.coli,670,Saugatuck River,2009,06-12
Sasco 4,2022-08-22T00:00:00Z,e.coli,731,Sasco Brook,2022,08-22
Sasco 4,2022-08-22T00:00:00Z,entero,272,Sasco Brook,2022,08-22
Stony 5,2019-07-24T00:00:00Z,e.coli,676,Stony Brook,2019,07-24
New 2,1999-07-02T00:00:00Z,e.coli,678,Greens Farms Brook,1999,07-02
Indian 2,2016-06-09T00:00:00Z,e.coli,680,Indian River,2016,06-09
Muddy 5,2018-09-10T00:00:00Z,e.coli,680,Muddy Brook,2018,09-10
Muddy 3,2018-09-24T00:00:00Z,e.coli,680,Muddy Brook,2018,09-24
Hunt Club 2,2014-06-17T00:00:00Z,e.coli,680,Sasco Brook,2014,06-17
Poplar 2,2006-07-06T00:00:00Z,e.coli,680,Saugatuck River,2006,07-06
Sasco 6,2003-07-07T00:00:00Z,e.coli,680,Sasco Brook,2003,07-07
Sasco 7,2016-08-01T00:00:00Z,e.coli,680,Sasco Brook,2016,08-01
New 1,2012-08-14T00:00:00Z,e.coli,680,Greens Farms Brook,2012,08-14
Sasco 6,2001-08-09T00:00:00Z,e.coli,680,Sasco Brook,2001,08-09
New 4,2013-09-12T00:00:00Z,e.coli,680,Greens Farms Brook,2013,09-12
Sasco 3,2016-07-28T00:00:00Z,e.coli,680,Sasco Brook,2016,07-28
Sasco 7,2010-08-18T00:00:00Z,e.coli,680,Sasco Brook,2010,08-18
Sasco 9,1998-08-11T00:00:00Z,e.coli,685,Sasco Brook,1998,08-11
Sasco 4,2000-06-26T00:00:00Z,e.coli,685,Sasco Brook,2000,06-26
Sasco 9,1997-06-19T00:00:00Z,e.coli,685,Sasco Brook,1997,06-19
Muddy 3,2022-06-07T00:00:00Z,e.coli,687,Muddy Brook,2022,06-07
New 2,2023-06-26T00:00:00Z,e.coli,687,Greens Farms Brook,2023,06-26
New 2,2023-06-26T00:00:00Z,entero,275,Greens Farms Brook,2023,06-26
Muddy 2,2019-08-14T00:00:00Z,e.coli,687,Muddy Brook,2019,08-14
Stony 2,2019-09-24T00:00:00Z,e.coli,689,Stony Brook,2019,09-24
Stony 2,2019-07-16T00:00:00Z,e.coli,689,Stony Brook,2019,07-16
Stony 5,2023-05-01T00:00:00Z,e.coli,690,Stony Brook,2023,05-01
Deadman 7,2020-06-25T00:00:00Z,e.coli,690,Deadman Brook,2020,06-25
Deadman 5,2023-08-14T00:00:00Z,e.coli,690,Deadman Brook,2023,08-14
Deadman 8,2023-09-05T00:00:00Z,e.coli,690,Deadman Brook,2023,09-05
Deadman 3.5,2023-07-17T00:00:00Z,e.coli,690,Deadman Brook,2023,07-17
Pussy Willow 1,2006-07-26T00:00:00Z,e.coli,690,Pussy Willow Brook,2006,07-26
Pussy Willow 1,1998-08-03T00:00:00Z,e.coli,693,Pussy Willow Brook,1998,08-03
Sasco 4,1999-06-18T00:00:00Z,e.coli,693,Sasco Brook,1999,06-18
Poplar 2,2007-09-13T00:00:00Z,e.coli,700,Saugatuck River,2007,09-13
Muddy 1,2006-06-14T00:00:00Z,e.coli,700,Muddy Brook,2006,06-14
Hunt Club 4,2015-06-19T00:00:00Z,e.coli,700,Sasco Brook,2015,06-19
Sasco 3,2021-07-20T00:00:00Z,e.coli,122,Sasco Brook,2021,07-20
Sasco 3,2021-07-20T00:00:00Z,entero,275,Sasco Brook,2021,07-20
Sasco 6,2004-08-23T00:00:00Z,e.coli,700,Sasco Brook,2004,08-23
Sasco 2,2021-08-26T00:00:00Z,entero,275,Sasco Brook,2021,08-26
Muddy 2,2017-08-10T00:00:00Z,e.coli,700,Muddy Brook,2017,08-10
Hunt Club 2,2013-07-08T00:00:00Z,e.coli,700,Sasco Brook,2013,07-08
Hunt Club 3,2015-06-17T00:00:00Z,e.coli,700,Sasco Brook,2015,06-17
New 2,2006-08-16T00:00:00Z,e.coli,700,Greens Farms Brook,2006,08-16
Sasco 3,2001-06-14T00:00:00Z,e.coli,700,Sasco Brook,2001,06-14
Deadman 4,2013-07-01T00:00:00Z,e.coli,700,Deadman Brook,2013,07-01
New 4,2006-07-12T00:00:00Z,e.coli,700,Greens Farms Brook,2006,07-12
Pussy Willow 1,2006-08-16T00:00:00Z,e.coli,700,Pussy Willow Brook,2006,08-16
Sasco 3,2002-08-27T00:00:00Z,e.coli,700,Sasco Brook,2002,08-27
Lamplight 1,2012-07-25T00:00:00Z,e.coli,700,Pussy Willow Brook,2012,07-25
Sasco 8,1995-08-07T00:00:00Z,e.coli,701,Sasco Brook,1995,08-07
Sasco 7,1995-07-27T00:00:00Z,e.coli,701,Sasco Brook,1995,07-27
Sasco 1,1999-08-09T00:00:00Z,e.coli,709,Sasco Brook,1999,08-09
Indian 3,2005-06-16T00:00:00Z,e.coli,710,Indian River,2005,06-16
Indian 3,2023-07-18T00:00:00Z,e.coli,716,Indian River,2023,07-18
Hunt Club 2,1995-07-07T00:00:00Z,e.coli,717,Sasco Brook,1995,07-07
Hunt Club 2,1995-07-11T00:00:00Z,e.coli,717,Sasco Brook,1995,07-11
Hunt Club 2,1995-07-10T00:00:00Z,e.coli,717,Sasco Brook,1995,07-10
Sasco 2,1996-06-14T00:00:00Z,e.coli,717,Sasco Brook,1996,06-14
Hunt Club 2,1997-07-31T00:00:00Z,e.coli,717,Sasco Brook,1997,07-31
Sasco 8,2000-08-09T00:00:00Z,e.coli,717,Sasco Brook,2000,08-09
Pussy Willow 2,2012-06-04T00:00:00Z,e.coli,720,Pussy Willow Brook,2012,06-04
Poplar 2,2011-05-24T00:00:00Z,e.coli,720,Saugatuck River,2011,05-24
Muddy 4,2012-09-20T00:00:00Z,e.coli,720,Muddy Brook,2012,09-20
Hunt Club 1,2015-06-29T00:00:00Z,e.coli,720,Sasco Brook,2015,06-29
Hunt Club 1,2016-06-23T00:00:00Z,e.coli,720,Sasco Brook,2016,06-23
Indian 2,2003-07-15T00:00:00Z,e.coli,720,Indian River,2003,07-15
Muddy 1,2016-06-01T00:00:00Z,e.coli,720,Muddy Brook,2016,06-01
Muddy 2,2017-06-26T00:00:00Z,e.coli,720,Muddy Brook,2017,06-26
Hunt Club 2,2014-07-09T00:00:00Z,e.coli,720,Sasco Brook,2014,07-09
West Saug 1,2005-08-18T00:00:00Z,e.coli,720,Saugatuck River,2005,08-18
Sasco 5,2004-09-02T00:00:00Z,e.coli,720,Sasco Brook,2004,09-02
Sasco 3,2004-07-27T00:00:00Z,e.coli,720,Sasco Brook,2004,07-27
SG1,2010-06-02T00:00:00Z,e.coli,720,Saugatuck River,2010,06-02
Sasco 9,2023-07-05T00:00:00Z,e.coli,722,Sasco Brook,2023,07-05
Muddy 4,2022-06-30T00:00:00Z,e.coli,727,Muddy Brook,2022,06-30
Muddy 4,2022-08-10T00:00:00Z,e.coli,727,Muddy Brook,2022,08-10
Stony 4,2023-06-26T00:00:00Z,e.coli,727,Stony Brook,2023,06-26
Pussy Willow 3,2019-06-12T00:00:00Z,e.coli,727,Pussy Willow Brook,2019,06-12
Deadman 3,2022-09-15T00:00:00Z,e.coli,727,Deadman Brook,2022,09-15
Muddy 1,2019-08-14T00:00:00Z,e.coli,727,Muddy Brook,2019,08-14
Stony 2,2022-08-15T00:00:00Z,e.coli,727,Stony Brook,2022,08-15
Sasco 7,2022-08-01T00:00:00Z,e.coli,727,Sasco Brook,2022,08-01
Hunt Club 2,2015-06-16T00:00:00Z,e.coli,730,Sasco Brook,2015,06-16
Hunt Club 2,2020-08-13T00:00:00Z,e.coli,731,Sasco Brook,2020,08-13
Deadman 3.5,2020-08-24T00:00:00Z,e.coli,731,Deadman Brook,2020,08-24
Deadman 2,2020-07-23T00:00:00Z,e.coli,731,Deadman Brook,2020,07-23
Sasco 4,1999-06-24T00:00:00Z,e.coli,733,Sasco Brook,1999,06-24
New 1,2023-07-27T00:00:00Z,entero,278,Greens Farms Brook,2023,07-27
Hunt Club 2,2013-06-05T00:00:00Z,e.coli,740,Sasco Brook,2013,06-05
Deadman 1,2021-07-26T00:00:00Z,entero,285,Deadman Brook,2021,07-26
Saugatuck 2,2018-09-13T00:00:00Z,e.coli,740,Saugatuck River,2018,09-13
Sasco 7,2014-08-14T00:00:00Z,e.coli,740,Sasco Brook,2014,08-14
Sasco 1,2003-07-09T00:00:00Z,e.coli,740,Sasco Brook,2003,07-09
Indian 1,2018-07-17T00:00:00Z,e.coli,740,Indian River,2018,07-17
New 3,1997-07-31T00:00:00Z,e.coli,740,Greens Farms Brook,1997,07-31
Sasco 9,1996-06-20T00:00:00Z,e.coli,748,Sasco Brook,1996,06-20
Muddy 3,2008-07-29T00:00:00Z,e.coli,750,Muddy Brook,2008,07-29
New 2,2012-07-17T00:00:00Z,e.coli,750,Greens Farms Brook,2012,07-17
New 4,2006-08-23T00:00:00Z,e.coli,750,Greens Farms Brook,2006,08-23
Poplar 2,2008-06-06T00:00:00Z,e.coli,750,Saugatuck River,2008,06-06
Deadman 3,2023-07-17T00:00:00Z,e.coli,757,Deadman Brook,2023,07-17
Muddy 2,2017-05-31T00:00:00Z,e.coli,760,Muddy Brook,2017,05-31
Hunt Club 3,2012-05-25T00:00:00Z,e.coli,760,Sasco Brook,2012,05-25
Sasco 9,2011-05-24T00:00:00Z,e.coli,760,Sasco Brook,2011,05-24
Muddy 1,2008-06-18T00:00:00Z,e.coli,760,Muddy Brook,2008,06-18
Muddy 4,2017-08-24T00:00:00Z,e.coli,760,Muddy Brook,2017,08-24
Muddy 2,2017-09-20T00:00:00Z,e.coli,760,Muddy Brook,2017,09-20
Sasco 5,2011-05-31T00:00:00Z,e.coli,760,Sasco Brook,2011,05-31
Sasco 9,2005-06-29T00:00:00Z,e.coli,760,Sasco Brook,2005,06-29
Sasco 3,2023-09-06T00:00:00Z,e.coli,203,Sasco Brook,2023,09-06
Sasco 3,2023-09-06T00:00:00Z,entero,288,Sasco Brook,2023,09-06
Deadman 2,2018-07-25T00:00:00Z,e.coli,760,Deadman Brook,2018,07-25
Hunt Club 4,2012-06-22T00:00:00Z,e.coli,760,Sasco Brook,2012,06-22
New 4,1998-06-26T00:00:00Z,e.coli,764,Greens Farms Brook,1998,06-26
Pussy Willow 2.5,2019-06-12T00:00:00Z,e.coli,770,Pussy Willow Brook,2019,06-12
Hunt Club 2,2010-06-25T00:00:00Z,e.coli,770,Sasco Brook,2010,06-25
Sasco 7,2019-06-20T00:00:00Z,e.coli,770,Sasco Brook,2019,06-20
Hunt Club 1,2021-06-29T00:00:00Z,e.coli,770,Sasco Brook,2021,06-29
Deadman 8,2020-07-23T00:00:00Z,e.coli,770,Deadman Brook,2020,07-23
Deadman 3.5,2022-08-10T00:00:00Z,e.coli,770,Deadman Brook,2022,08-10
Deadman 2,2021-07-15T00:00:00Z,e.coli,775,Deadman Brook,2021,07-15
Deadman 5,2020-07-23T00:00:00Z,e.coli,775,Deadman Brook,2020,07-23
Stony 3,2023-05-01T00:00:00Z,e.coli,775,Stony Brook,2023,05-01
Muddy 3,2022-08-15T00:00:00Z,e.coli,775,Muddy Brook,2022,08-15
Deadman 3,2023-08-09T00:00:00Z,e.coli,775,Deadman Brook,2023,08-09
Poplar 1.5,2010-05-19T00:00:00Z,e.coli,780,Saugatuck River,2010,05-19
Pussy Willow 4,2012-06-04T00:00:00Z,e.coli,780,Pussy Willow Brook,2012,06-04
Deadman 5,2018-07-09T00:00:00Z,e.coli,780,Deadman Brook,2018,07-09
New 1.5,2023-09-26T00:00:00Z,entero,292,Greens Farms Brook,2023,09-26
Deadman 5,2013-08-12T00:00:00Z,e.coli,780,Deadman Brook,2013,08-12
Indian 3,2005-09-01T00:00:00Z,e.coli,780,Indian River,2005,09-01
Muddy 1,2018-07-25T00:00:00Z,e.coli,780,Muddy Brook,2018,07-25
Sasco 3,2019-09-16T00:00:00Z,entero,295,Sasco Brook,2019,09-16
Stony 2,2019-07-24T00:00:00Z,e.coli,789,Stony Brook,2019,07-24
Sasco 5,2003-06-23T00:00:00Z,e.coli,790,Sasco Brook,2003,06-23
Hunt Club 2,1995-09-23T00:00:00Z,e.coli,795,Sasco Brook,1995,09-23
Sasco 2,1996-06-25T00:00:00Z,e.coli,795,Sasco Brook,1996,06-25
Hunt Club 2,1995-06-30T00:00:00Z,e.coli,795,Sasco Brook,1995,06-30
Sasco 4,1995-06-15T00:00:00Z,e.coli,795,Sasco Brook,1995,06-15
Sasco 3,1995-06-15T00:00:00Z,e.coli,795,Sasco Brook,1995,06-15
Sasco 2,2023-07-27T00:00:00Z,entero,298,Sasco Brook,2023,07-27
Sasco 3,1998-08-18T00:00:00Z,e.coli,795,Sasco Brook,1998,08-18
Sasco 3,1995-08-10T00:00:00Z,e.coli,795,Sasco Brook,1995,08-10
Sasco 4,1995-08-02T00:00:00Z,e.coli,795,Sasco Brook,1995,08-02
Hunt Club 2,1995-06-08T00:00:00Z,e.coli,795,Sasco Brook,1995,06-08
New 2,1997-06-23T00:00:00Z,e.coli,795,Greens Farms Brook,1997,06-23
Muddy 3,1998-08-18T00:00:00Z,e.coli,795,Muddy Brook,1998,08-18
Indian 1.75,2022-08-10T00:00:00Z,e.coli,1120,Indian River,2022,08-10
Deadman 3,2021-08-31T00:00:00Z,e.coli,796,Deadman Brook,2021,08-31
Sasco 5,2003-09-29T00:00:00Z,e.coli,800,Sasco Brook,2003,09-29
Deadman 5,2018-09-10T00:00:00Z,e.coli,800,Deadman Brook,2018,09-10
Deadman 7,2012-09-21T00:00:00Z,e.coli,800,Deadman Brook,2012,09-21
Sasco 3,2013-09-17T00:00:00Z,e.coli,800,Sasco Brook,2013,09-17
SG1,2006-06-08T00:00:00Z,e.coli,800,Saugatuck River,2006,06-08
Saugatuck 0.25,2022-06-08T00:00:00Z,entero,301,Saugatuck River,2022,06-08
Hunt Club 2,2001-08-16T00:00:00Z,e.coli,800,Sasco Brook,2001,08-16
New 2,2013-09-19T00:00:00Z,e.coli,800,Greens Farms Brook,2013,09-19
Poplar 1,2016-07-05T00:00:00Z,e.coli,800,Saugatuck River,2016,07-05
Sasco 9,2003-07-21T00:00:00Z,e.coli,800,Sasco Brook,2003,07-21
New 2,2012-08-21T00:00:00Z,e.coli,800,Greens Farms Brook,2012,08-21
Sasco 1,2019-05-06T00:00:00Z,entero,305,Sasco Brook,2019,05-06
Sasco 9,2011-06-10T00:00:00Z,e.coli,800,Sasco Brook,2011,06-10
Muddy 0.5,2016-06-01T00:00:00Z,e.coli,800,Muddy Brook,2016,06-01
Indian 1,2006-07-20T00:00:00Z,e.coli,800,Indian River,2006,07-20
Lamplight 1,2016-06-08T00:00:00Z,e.coli,800,Pussy Willow Brook,2016,06-08
Sasco 3,2003-07-09T00:00:00Z,e.coli,800,Sasco Brook,2003,07-09
Sasco 3,2002-07-30T00:00:00Z,e.coli,800,Sasco Brook,2002,07-30
Hunt Club 4,2012-06-25T00:00:00Z,e.coli,800,Sasco Brook,2012,06-25
Sasco 4,2012-09-18T00:00:00Z,e.coli,800,Sasco Brook,2012,09-18
Hunt Club 1,2016-06-22T00:00:00Z,e.coli,800,Sasco Brook,2016,06-22
Indian 1.5,2023-08-02T00:00:00Z,e.coli,806,Indian River,2023,08-02
Muddy 6,2017-05-31T00:00:00Z,e.coli,810,Muddy Brook,2017,05-31
Sasco 4,1995-06-01T00:00:00Z,e.coli,811,Sasco Brook,1995,06-01
Pussy Willow 5,2019-06-03T00:00:00Z,e.coli,816,Pussy Willow Brook,2019,06-03
Muddy 4,2019-06-20T00:00:00Z,e.coli,816,Muddy Brook,2019,06-20
Muddy 2,2019-07-31T00:00:00Z,e.coli,816,Muddy Brook,2019,07-31
Hunt Club 1,2021-07-20T00:00:00Z,e.coli,816,Sasco Brook,2021,07-20
Hunt Club 2,2022-07-28T00:00:00Z,e.coli,816,Sasco Brook,2022,07-28
Stony 3,2020-06-11T00:00:00Z,e.coli,816,Stony Brook,2020,06-11
Muddy 2,2022-06-30T00:00:00Z,e.coli,816,Muddy Brook,2022,06-30
Indian 1,2008-05-08T00:00:00Z,e.coli,820,Indian River,2008,05-08
Muddy 0.5,2017-06-05T00:00:00Z,e.coli,820,Muddy Brook,2017,06-05
Sasco 2,2021-06-01T00:00:00Z,entero,314,Sasco Brook,2021,06-01
Hunt Club 3,2016-06-20T00:00:00Z,e.coli,820,Sasco Brook,2016,06-20
Sasco 1,2003-06-12T00:00:00Z,e.coli,820,Sasco Brook,2003,06-12
Deadman 1,2022-08-24T00:00:00Z,entero,314,Deadman Brook,2022,08-24
Saugatuck 0.5,2019-08-01T00:00:00Z,entero,318,Saugatuck River,2019,08-01
Indian 1,2018-07-16T00:00:00Z,e.coli,820,Indian River,2018,07-16
Indian 1,2023-05-23T00:00:00Z,e.coli,821,Indian River,2023,05-23
New 3,2023-08-29T00:00:00Z,e.coli,821,Greens Farms Brook,2023,08-29
New 3,2023-08-17T00:00:00Z,e.coli,821,Greens Farms Brook,2023,08-17
Deadman 3.5,2021-06-15T00:00:00Z,e.coli,821,Deadman Brook,2021,06-15
Deadman 7,2021-07-26T00:00:00Z,e.coli,821,Deadman Brook,2021,07-26
Sasco 9,2022-08-01T00:00:00Z,e.coli,821,Sasco Brook,2022,08-01
Hunt Club 1,2021-09-01T00:00:00Z,e.coli,821,Sasco Brook,2021,09-01
Sasco 6,1997-07-03T00:00:00Z,e.coli,827,Sasco Brook,1997,07-03
Pussy Willow 4,1999-07-07T00:00:00Z,e.coli,827,Pussy Willow Brook,1999,07-07
Indian 1.75,2022-08-29T00:00:00Z,e.coli,211,Indian River,2022,08-29
Deadman 7,2023-07-17T00:00:00Z,e.coli,832,Deadman Brook,2023,07-17
Indian 1,2017-06-06T00:00:00Z,e.coli,840,Indian River,2017,06-06
Muddy 0.5,2017-05-30T00:00:00Z,e.coli,840,Muddy Brook,2017,05-30
Hunt Club 2,2011-06-07T00:00:00Z,e.coli,840,Sasco Brook,2011,06-07
New 1,2023-05-30T00:00:00Z,entero,318,Greens Farms Brook,2023,05-30
Indian 3,2005-08-04T00:00:00Z,e.coli,840,Indian River,2005,08-04
Sasco 4,2004-07-27T00:00:00Z,e.coli,840,Sasco Brook,2004,07-27
Sasco 4,2004-07-01T00:00:00Z,e.coli,840,Sasco Brook,2004,07-01
New 1,2012-09-19T00:00:00Z,e.coli,840,Greens Farms Brook,2012,09-19
Sasco 3,2016-08-08T00:00:00Z,e.coli,840,Sasco Brook,2016,08-08
Indian 1,2018-06-14T00:00:00Z,e.coli,840,Indian River,2018,06-14
Sasco 7,1995-08-07T00:00:00Z,e.coli,842,Sasco Brook,1995,08-07
Indian 3,2022-06-21T00:00:00Z,e.coli,857,Indian River,2022,06-21
Muddy 6,2006-05-25T00:00:00Z,e.coli,860,Muddy Brook,2006,05-25
Indian 1,2017-05-25T00:00:00Z,e.coli,860,Indian River,2017,05-25
Sasco 9,2011-05-19T00:00:00Z,e.coli,860,Sasco Brook,2011,05-19
Muddy 6,2006-09-27T00:00:00Z,e.coli,860,Muddy Brook,2006,09-27
SG1,2011-05-19T00:00:00Z,e.coli,860,Saugatuck River,2011,05-19
New 2,2006-06-14T00:00:00Z,e.coli,860,Greens Farms Brook,2006,06-14
Hunt Club 3,2015-06-29T00:00:00Z,e.coli,860,Sasco Brook,2015,06-29
Sasco 5,2004-09-21T00:00:00Z,e.coli,860,Sasco Brook,2004,09-21
Sasco 2,2021-09-14T00:00:00Z,entero,322,Sasco Brook,2021,09-14
Muddy 4,2018-08-07T00:00:00Z,e.coli,860,Muddy Brook,2018,08-07
Deadman 1,2023-05-22T00:00:00Z,entero,327,Deadman Brook,2023,05-22
Hunt Club 2,2005-07-25T00:00:00Z,e.coli,860,Sasco Brook,2005,07-25
New 1,1997-07-21T00:00:00Z,e.coli,866,Greens Farms Brook,1997,07-21
Hunt Club 2,2019-08-14T00:00:00Z,e.coli,866,Sasco Brook,2019,08-14
Muddy 4,2019-08-14T00:00:00Z,e.coli,866,Muddy Brook,2019,08-14
Hunt Club 1,2022-07-14T00:00:00Z,e.coli,866,Sasco Brook,2022,07-14
Indian 3,2022-08-10T00:00:00Z,e.coli,866,Indian River,2022,08-10
Muddy 3,2022-08-10T00:00:00Z,e.coli,866,Muddy Brook,2022,08-10
Deadman 3.5,2020-08-12T00:00:00Z,e.coli,870,Deadman Brook,2020,08-12
Deadman 1,2022-08-10T00:00:00Z,entero,328,Deadman Brook,2022,08-10
Sasco 3,2023-08-09T00:00:00Z,e.coli,398,Sasco Brook,2023,08-09
Sasco 3,2023-08-09T00:00:00Z,entero,331,Sasco Brook,2023,08-09
Indian 1,2023-05-01T00:00:00Z,e.coli,870,Indian River,2023,05-01
Deadman 2,2023-08-09T00:00:00Z,e.coli,870,Deadman Brook,2023,08-09
Sasco 7,2023-09-12T00:00:00Z,e.coli,870,Sasco Brook,2023,09-12
Deadman 2,2023-08-14T00:00:00Z,e.coli,870,Deadman Brook,2023,08-14
Deadman 4,2023-07-17T00:00:00Z,e.coli,870,Deadman Brook,2023,07-17
Hunt Club 2,1995-07-25T00:00:00Z,e.coli,874,Sasco Brook,1995,07-25
Sasco 4,1999-07-15T00:00:00Z,e.coli,874,Sasco Brook,1999,07-15
Pussy Willow 2,1997-07-14T00:00:00Z,e.coli,874,Pussy Willow Brook,1997,07-14
Sasco 1,2019-09-09T00:00:00Z,entero,331,Sasco Brook,2019,09-09
Pussy Willow 2,1998-07-31T00:00:00Z,e.coli,874,Pussy Willow Brook,1998,07-31
Sasco 1,1999-07-01T00:00:00Z,e.coli,874,Sasco Brook,1999,07-01
Pussy Willow 4,1999-07-23T00:00:00Z,e.coli,874,Pussy Willow Brook,1999,07-23
Poplar 2,2006-06-08T00:00:00Z,e.coli,880,Saugatuck River,2006,06-08
Hunt Club 2,2015-06-17T00:00:00Z,e.coli,880,Sasco Brook,2015,06-17
Hunt Club 2,2004-07-12T00:00:00Z,e.coli,880,Sasco Brook,2004,07-12
Muddy 1,1998-06-29T00:00:00Z,e.coli,889,Muddy Brook,1998,06-29
Indian 1,2008-09-25T00:00:00Z,e.coli,900,Indian River,2008,09-25
Muddy 4,2013-06-14T00:00:00Z,e.coli,900,Muddy Brook,2013,06-14
Muddy 4,2018-09-10T00:00:00Z,e.coli,900,Muddy Brook,2018,09-10
Hunt Club 3,2014-08-15T00:00:00Z,e.coli,900,Sasco Brook,2014,08-15
Pussy Willow 2,2014-09-30T00:00:00Z,e.coli,900,Pussy Willow Brook,2014,09-30
Hunt Club 4,2012-06-20T00:00:00Z,e.coli,900,Sasco Brook,2012,06-20
Indian 1,2008-06-26T00:00:00Z,e.coli,900,Indian River,2008,06-26
Deadman 1,2013-07-02T00:00:00Z,e.coli,900,Deadman Brook,2013,07-02
Hunt Club 4,2012-08-15T00:00:00Z,e.coli,900,Sasco Brook,2012,08-15
Pussy Willow 5,2012-08-13T00:00:00Z,e.coli,900,Pussy Willow Brook,2012,08-13
Poplar 2,2016-07-26T00:00:00Z,e.coli,900,Saugatuck River,2016,07-26
Deadman 2,2013-08-13T00:00:00Z,e.coli,900,Deadman Brook,2013,08-13
Sasco 9,2003-08-02T00:00:00Z,e.coli,900,Sasco Brook,2003,08-02
Sasco 3,2001-08-30T00:00:00Z,e.coli,900,Sasco Brook,2001,08-30
Lamplight 1,2011-09-29T00:00:00Z,e.coli,900,Pussy Willow Brook,2011,09-29
Sasco 2,2022-07-28T00:00:00Z,entero,336,Sasco Brook,2022,07-28
Sasco 4,2001-07-17T00:00:00Z,e.coli,900,Sasco Brook,2001,07-17
Hunt Club 2,2010-07-01T00:00:00Z,e.coli,900,Sasco Brook,2010,07-01
Sasco 2,2014-09-02T00:00:00Z,e.coli,900,Sasco Brook,2014,09-02
Sasco 3,2014-09-02T00:00:00Z,e.coli,900,Sasco Brook,2014,09-02
Sasco 6,1996-06-21T00:00:00Z,e.coli,905,Sasco Brook,1996,06-21
Hunt Club 2,2023-08-17T00:00:00Z,e.coli,913,Sasco Brook,2023,08-17
Hunt Club 2,2011-05-19T00:00:00Z,e.coli,920,Sasco Brook,2011,05-19
Muddy 6,2008-06-23T00:00:00Z,e.coli,920,Muddy Brook,2008,06-23
New 1,2016-06-01T00:00:00Z,e.coli,920,Greens Farms Brook,2016,06-01
Sasco 6,2005-06-29T00:00:00Z,e.coli,920,Sasco Brook,2005,06-29
Stony 1,2023-09-20T00:00:00Z,e.coli,293,Stony Brook,2023,09-20
Stony 1,2023-09-20T00:00:00Z,entero,345,Stony Brook,2023,09-20
Muddy 3,2008-07-08T00:00:00Z,e.coli,920,Muddy Brook,2008,07-08
Sasco 2,1995-07-05T00:00:00Z,e.coli,921,Sasco Brook,1995,07-05
Sasco 6,1996-06-20T00:00:00Z,e.coli,921,Sasco Brook,1996,06-20
Pussy Willow 2,1997-08-15T00:00:00Z,e.coli,921,Pussy Willow Brook,1997,08-15
Deadman 2,2020-06-02T00:00:00Z,e.coli,921,Deadman Brook,2020,06-02
Deadman 3,2020-06-02T00:00:00Z,e.coli,921,Deadman Brook,2020,06-02
Hunt Club 1,2021-08-09T00:00:00Z,e.coli,921,Sasco Brook,2021,08-09
Sasco 9,2022-07-28T00:00:00Z,e.coli,921,Sasco Brook,2022,07-28
Muddy 2,2022-05-17T00:00:00Z,e.coli,921,Muddy Brook,2022,05-17
Muddy 1,2022-09-20T00:00:00Z,e.coli,921,Muddy Brook,2022,09-20
Pussy Willow 4,2019-06-12T00:00:00Z,e.coli,921,Pussy Willow Brook,2019,06-12
Muddy 2,2019-06-20T00:00:00Z,e.coli,921,Muddy Brook,2019,06-20
Sasco 9,2021-09-01T00:00:00Z,e.coli,922,Sasco Brook,2021,09-01
Deadman 5,2020-07-09T00:00:00Z,e.coli,922,Deadman Brook,2020,07-09
Deadman 7,2023-05-31T00:00:00Z,e.coli,922,Deadman Brook,2023,05-31
Indian 1,2023-08-17T00:00:00Z,e.coli,922,Indian River,2023,08-17
Indian 1,2023-08-17T00:00:00Z,entero,183,Indian River,2023,08-17
Poplar 2,2010-05-19T00:00:00Z,e.coli,940,Saugatuck River,2010,05-19
Sasco 4,2023-09-06T00:00:00Z,e.coli,420,Sasco Brook,2023,09-06
Sasco 4,2023-09-06T00:00:00Z,entero,345,Sasco Brook,2023,09-06
Sasco 5,2004-08-23T00:00:00Z,e.coli,940,Sasco Brook,2004,08-23
Muddy 3,2017-06-21T00:00:00Z,e.coli,940,Muddy Brook,2017,06-21
Muddy 2,2017-06-21T00:00:00Z,e.coli,940,Muddy Brook,2017,06-21
Muddy 3,2012-07-18T00:00:00Z,e.coli,940,Muddy Brook,2012,07-18
Deadman 5,2018-07-25T00:00:00Z,e.coli,950,Deadman Brook,2018,07-25
Deadman 5,2018-08-07T00:00:00Z,e.coli,950,Deadman Brook,2018,08-07
Lamplight 1,2008-07-21T00:00:00Z,e.coli,950,Pussy Willow Brook,2008,07-21
Sasco 4,1995-07-13T00:00:00Z,e.coli,952,Sasco Brook,1995,07-13
New 3,1997-06-23T00:00:00Z,e.coli,952,Greens Farms Brook,1997,06-23
New 2,1997-07-11T00:00:00Z,e.coli,952,Greens Farms Brook,1997,07-11
Muddy 1,1999-07-23T00:00:00Z,e.coli,952,Muddy Brook,1999,07-23
Sasco 1,2000-08-07T00:00:00Z,e.coli,952,Sasco Brook,2000,08-07
Indian 1.5,2023-07-18T00:00:00Z,e.coli,953,Indian River,2023,07-18
Hunt Club 2,2020-08-12T00:00:00Z,e.coli,958,Sasco Brook,2020,08-12
Sasco 6,2011-05-24T00:00:00Z,e.coli,960,Sasco Brook,2011,05-24
Lamplight 1,2012-05-23T00:00:00Z,e.coli,960,Pussy Willow Brook,2012,05-23
Hunt Club 5,2015-06-29T00:00:00Z,e.coli,960,Sasco Brook,2015,06-29
Sasco 1,2021-09-14T00:00:00Z,entero,359,Sasco Brook,2021,09-14
Sasco 3,2019-05-06T00:00:00Z,entero,359,Sasco Brook,2019,05-06
Saugatuck 2,2017-06-20T00:00:00Z,e.coli,960,Saugatuck River,2017,06-20
Deadman 4,2018-07-25T00:00:00Z,e.coli,960,Deadman Brook,2018,07-25
West Saug 1,2005-07-21T00:00:00Z,e.coli,960,Saugatuck River,2005,07-21
Stony 3,2022-08-01T00:00:00Z,e.coli,961,Stony Brook,2022,08-01
Sasco 4,2012-09-25T00:00:00Z,e.coli,966,Sasco Brook,2012,09-25
New 2,1997-07-16T00:00:00Z,e.coli,968,Greens Farms Brook,1997,07-16
Sasco 3,2023-08-17T00:00:00Z,e.coli,145,Sasco Brook,2023,08-17
Sasco 3,2023-08-17T00:00:00Z,entero,359,Sasco Brook,2023,08-17
Sasco 4,1999-06-17T00:00:00Z,e.coli,976,Sasco Brook,1999,06-17
New 2,1997-07-02T00:00:00Z,e.coli,976,Greens Farms Brook,1997,07-02
Stony 2,2023-05-01T00:00:00Z,e.coli,977,Stony Brook,2023,05-01
Sasco 2,2019-05-06T00:00:00Z,entero,364,Sasco Brook,2019,05-06
Deadman 3,2023-08-14T00:00:00Z,e.coli,977,Deadman Brook,2023,08-14
Indian 2,2022-06-30T00:00:00Z,e.coli,977,Indian River,2022,06-30
Deadman 4,2020-09-02T00:00:00Z,e.coli,977,Deadman Brook,2020,09-02
Deadman 3,2020-07-09T00:00:00Z,e.coli,977,Deadman Brook,2020,07-09
Hunt Club 1,2020-08-13T00:00:00Z,e.coli,977,Sasco Brook,2020,08-13
Sasco 6,2011-05-19T00:00:00Z,e.coli,980,Sasco Brook,2011,05-19
Pussy Willow 5,2019-07-10T00:00:00Z,e.coli,980,Pussy Willow Brook,2019,07-10
Hunt Club 3,2016-08-18T00:00:00Z,e.coli,980,Sasco Brook,2016,08-18
Sasco 9,2022-07-14T00:00:00Z,e.coli,980,Sasco Brook,2022,07-14
Sasco 4,1998-06-23T00:00:00Z,e.coli,983,Sasco Brook,1998,06-23
Indian 1,2022-06-21T00:00:00Z,e.coli,984,Indian River,2022,06-21
Sasco 6,1995-06-27T00:00:00Z,e.coli,990,Sasco Brook,1995,06-27
Hunt Club 2,2023-09-12T00:00:00Z,e.coli,992,Sasco Brook,2023,09-12
Sasco 4,1999-07-01T00:00:00Z,e.coli,999,Sasco Brook,1999,07-01
Muddy 3,2017-05-31T00:00:00Z,e.coli,1000,Muddy Brook,2017,05-31
Hunt Club 2,2011-05-24T00:00:00Z,e.coli,1000,Sasco Brook,2011,05-24
West Saug 1,2018-09-25T00:00:00Z,e.coli,1000,Saugatuck River,2018,09-25
Sasco 2,2023-06-13T00:00:00Z,entero,365,Sasco Brook,2023,06-13
Poplar 1,2016-07-26T00:00:00Z,e.coli,1000,Saugatuck River,2016,07-26
Pussy Willow 3,2006-08-16T00:00:00Z,e.coli,1000,Pussy Willow Brook,2006,08-16
Hunt Club 2,2011-08-19T00:00:00Z,e.coli,1000,Sasco Brook,2011,08-19
Hunt Club 2,2015-08-12T00:00:00Z,e.coli,1000,Sasco Brook,2015,08-12
Poplar 3,2010-06-01T00:00:00Z,e.coli,1000,Saugatuck River,2010,06-01
West Saug 1,2017-06-20T00:00:00Z,e.coli,1000,Saugatuck River,2017,06-20
Poplar 4,2011-08-04T00:00:00Z,e.coli,1000,Saugatuck River,2011,08-04
Deadman 1,2021-08-05T00:00:00Z,entero,374,Deadman Brook,2021,08-05
Pussy Willow 3,2010-07-27T00:00:00Z,e.coli,1000,Pussy Willow Brook,2010,07-27
Sasco 1,2021-06-01T00:00:00Z,entero,377,Sasco Brook,2021,06-01
New 4,2006-08-16T00:00:00Z,e.coli,1000,Greens Farms Brook,2006,08-16
Sasco 4,2023-08-17T00:00:00Z,e.coli,152,Sasco Brook,2023,08-17
Sasco 4,2023-08-17T00:00:00Z,entero,379,Sasco Brook,2023,08-17
Sasco 4,2002-07-16T00:00:00Z,e.coli,1000,Sasco Brook,2002,07-16
Sasco 3,2001-07-17T00:00:00Z,e.coli,1000,Sasco Brook,2001,07-17
Stony 1,2023-06-26T00:00:00Z,e.coli,922,Stony Brook,2023,06-26
Stony 1,2023-06-26T00:00:00Z,entero,379,Stony Brook,2023,06-26
Sasco 2,2014-07-28T00:00:00Z,e.coli,1000,Sasco Brook,2014,07-28
Muddy 4,2008-08-05T00:00:00Z,e.coli,1000,Muddy Brook,2008,08-05
Sasco 2,2014-08-28T00:00:00Z,e.coli,1000,Sasco Brook,2014,08-28
Sasco 7,2023-06-13T00:00:00Z,e.coli,1011,Sasco Brook,2023,06-13
Stony 3,2022-06-08T00:00:00Z,e.coli,1011,Stony Brook,2022,06-08
Indian 3,2023-09-20T00:00:00Z,e.coli,1019,Indian River,2023,09-20
Indian 3,2003-07-15T00:00:00Z,e.coli,1020,Indian River,2003,07-15
Indian 3,2008-07-10T00:00:00Z,e.coli,1020,Indian River,2008,07-10
Hunt Club 4,2016-08-01T00:00:00Z,e.coli,1020,Sasco Brook,2016,08-01
Sasco 3,2004-07-01T00:00:00Z,e.coli,1020,Sasco Brook,2004,07-01
Hunt Club 2,1995-07-12T00:00:00Z,e.coli,1031,Sasco Brook,1995,07-12
Sasco 4,1995-09-21T00:00:00Z,e.coli,1031,Sasco Brook,1995,09-21
Sasco 4,1998-07-27T00:00:00Z,e.coli,1031,Sasco Brook,1998,07-27
Hunt Club 2,1997-06-05T00:00:00Z,e.coli,1031,Sasco Brook,1997,06-05
Muddy 3,1998-07-29T00:00:00Z,e.coli,1031,Muddy Brook,1998,07-29
Indian 3,2022-06-30T00:00:00Z,e.coli,1034,Indian River,2022,06-30
Hunt Club 2,2022-09-08T00:00:00Z,e.coli,1034,Sasco Brook,2022,09-08
Indian 2,2022-08-29T00:00:00Z,e.coli,1034,Indian River,2022,08-29
Deadman 5,2023-07-17T00:00:00Z,e.coli,1034,Deadman Brook,2023,07-17
Sasco 8,2016-08-29T00:00:00Z,e.coli,1040,Sasco Brook,2016,08-29
Muddy 6,2022-09-20T00:00:00Z,e.coli,1045,Muddy Brook,2022,09-20
Indian 3,2022-08-29T00:00:00Z,e.coli,1045,Indian River,2022,08-29
Indian 2,2022-05-17T00:00:00Z,e.coli,1046,Indian River,2022,05-17
Stony 5,2022-08-01T00:00:00Z,e.coli,1046,Stony Brook,2022,08-01
New 1.5,1997-07-08T00:00:00Z,e.coli,1046,Greens Farms Brook,1997,07-08
Sasco 4,1999-06-21T00:00:00Z,e.coli,1046,Sasco Brook,1999,06-21
Stony 2,2023-05-22T00:00:00Z,e.coli,1049,Stony Brook,2023,05-22
Hunt Club 2,2005-06-08T00:00:00Z,e.coli,1060,Sasco Brook,2005,06-08
New 1.5,2016-06-01T00:00:00Z,e.coli,1060,Greens Farms Brook,2016,06-01
Sasco 9,2003-07-07T00:00:00Z,e.coli,1060,Sasco Brook,2003,07-07
Sasco 2,2014-07-14T00:00:00Z,e.coli,1060,Sasco Brook,2014,07-14
Sasco 3,2002-07-23T00:00:00Z,e.coli,1060,Sasco Brook,2002,07-23
Sasco 3,2019-06-20T00:00:00Z,entero,383,Sasco Brook,2019,06-20
Deadman 4,2013-05-20T00:00:00Z,e.coli,1080,Deadman Brook,2013,05-20
Saugatuck 2,2011-05-19T00:00:00Z,e.coli,1080,Saugatuck River,2011,05-19
Stony 1,2020-09-22T00:00:00Z,entero,388,Stony Brook,2020,09-22
Deadman 2,2023-09-05T00:00:00Z,e.coli,1095,Deadman Brook,2023,09-05
Sasco 1,2021-08-09T00:00:00Z,entero,388,Sasco Brook,2021,08-09
Hunt Club 5,2016-06-15T00:00:00Z,e.coli,1100,Sasco Brook,2016,06-15
Hunt Club 2,2004-09-02T00:00:00Z,e.coli,1100,Sasco Brook,2004,09-02
Sasco 3,2001-06-04T00:00:00Z,e.coli,1100,Sasco Brook,2001,06-04
Muddy 3,2012-05-30T00:00:00Z,e.coli,1100,Muddy Brook,2012,05-30
Lamplight 1,2017-06-12T00:00:00Z,e.coli,1100,Pussy Willow Brook,2017,06-12
Sasco 3,2001-06-16T00:00:00Z,e.coli,1100,Sasco Brook,2001,06-16
Indian 1.5,2022-09-21T00:00:00Z,e.coli,1102,Indian River,2022,09-21
Sasco 7,1996-06-28T00:00:00Z,e.coli,1109,Sasco Brook,1996,06-28
Hunt Club 2,1995-08-01T00:00:00Z,e.coli,1109,Sasco Brook,1995,08-01
Hunt Club 2,1995-07-21T00:00:00Z,e.coli,1109,Sasco Brook,1995,07-21
Sasco 4,1999-07-12T00:00:00Z,e.coli,1109,Sasco Brook,1999,07-12
New 4,1998-07-31T00:00:00Z,e.coli,1109,Greens Farms Brook,1998,07-31
Muddy 2,1998-08-05T00:00:00Z,e.coli,1109,Muddy Brook,1998,08-05
Indian 1,2023-09-20T00:00:00Z,e.coli,1119,Indian River,2023,09-20
Indian 1,2023-09-20T00:00:00Z,entero,422,Indian River,2023,09-20
Sasco 7,2022-06-23T00:00:00Z,e.coli,1120,Sasco Brook,2022,06-23
Indian 3,2022-06-07T00:00:00Z,e.coli,1120,Indian River,2022,06-07
Sasco 6,2022-09-08T00:00:00Z,e.coli,1120,Sasco Brook,2022,09-08
Indian 2,2022-08-10T00:00:00Z,e.coli,1120,Indian River,2022,08-10
Sasco 7,2019-05-06T00:00:00Z,e.coli,1120,Sasco Brook,2019,05-06
New 4,2013-09-26T00:00:00Z,e.coli,1120,Greens Farms Brook,2013,09-26
Muddy 6,2019-08-14T00:00:00Z,e.coli,1120,Muddy Brook,2019,08-14
Muddy 5,2019-08-14T00:00:00Z,e.coli,1120,Muddy Brook,2019,08-14
Sasco 2,1996-07-10T00:00:00Z,e.coli,1125,Sasco Brook,1996,07-10
Poplar 4,2009-06-09T00:00:00Z,e.coli,1140,Saugatuck River,2009,06-09
Hunt Club 4,2012-05-25T00:00:00Z,e.coli,1140,Sasco Brook,2012,05-25
Sasco 9,1996-06-10T00:00:00Z,e.coli,1140,Sasco Brook,1996,06-10
Indian 1,2023-07-18T00:00:00Z,e.coli,1159,Indian River,2023,07-18
Indian 1,2023-07-18T00:00:00Z,entero,2012,Indian River,2023,07-18
Sasco 7,2023-07-05T00:00:00Z,e.coli,1159,Sasco Brook,2023,07-05
Sasco 4,2022-09-08T00:00:00Z,e.coli,1298,Sasco Brook,2022,09-08
Sasco 4,2022-09-08T00:00:00Z,entero,399,Sasco Brook,2022,09-08
Saugatuck 1,2022-09-14T00:00:00Z,e.coli,1159,Saugatuck River,2022,09-14
Deadman 2,2020-06-25T00:00:00Z,e.coli,1159,Deadman Brook,2020,06-25
Sasco 3,2001-05-25T00:00:00Z,e.coli,1160,Sasco Brook,2001,05-25
Muddy 6,2018-09-10T00:00:00Z,e.coli,1160,Muddy Brook,2018,09-10
Sasco 6,2012-05-25T00:00:00Z,e.coli,1160,Sasco Brook,2012,05-25
Saugatuck 1,2018-09-13T00:00:00Z,e.coli,1160,Saugatuck River,2018,09-13
Sasco 3,2018-07-16T00:00:00Z,e.coli,1160,Sasco Brook,2018,07-16
Stony 1,2023-07-18T00:00:00Z,e.coli,54,Stony Brook,2023,07-18
Stony 1,2023-07-18T00:00:00Z,entero,408,Stony Brook,2023,07-18
Sasco 3,1999-06-17T00:00:00Z,e.coli,1187,Sasco Brook,1999,06-17
Hunt Club 2,1995-07-14T00:00:00Z,e.coli,1187,Sasco Brook,1995,07-14
Pussy Willow 2,1999-07-13T00:00:00Z,e.coli,1187,Pussy Willow Brook,1999,07-13
New 1.5,2023-05-30T00:00:00Z,entero,410,Greens Farms Brook,2023,05-30
Hunt Club 2,2012-05-25T00:00:00Z,e.coli,1200,Sasco Brook,2012,05-25
New 1,2012-05-22T00:00:00Z,e.coli,1200,Greens Farms Brook,2012,05-22
Muddy 1,2008-06-05T00:00:00Z,e.coli,1200,Muddy Brook,2008,06-05
Hunt Club 2,2002-06-11T00:00:00Z,e.coli,1200,Sasco Brook,2002,06-11
Hunt Club 1,2014-06-23T00:00:00Z,e.coli,1200,Sasco Brook,2014,06-23
Hunt Club 2,2001-06-28T00:00:00Z,e.coli,1200,Sasco Brook,2001,06-28
New 2,2006-07-12T00:00:00Z,e.coli,1200,Greens Farms Brook,2006,07-12
Pussy Willow 1,2010-06-17T00:00:00Z,e.coli,1200,Pussy Willow Brook,2010,06-17
Deadman 3,2018-08-30T00:00:00Z,e.coli,1200,Deadman Brook,2018,08-30
Sasco 5,2013-07-24T00:00:00Z,e.coli,1200,Sasco Brook,2013,07-24
Sasco 3,2001-07-16T00:00:00Z,e.coli,1200,Sasco Brook,2001,07-16
Pussy Willow 4,2012-07-02T00:00:00Z,e.coli,1200,Pussy Willow Brook,2012,07-02
Hunt Club 4,2015-09-18T00:00:00Z,e.coli,1200,Sasco Brook,2015,09-18
Hunt Club 2,1995-07-06T00:00:00Z,e.coli,1203,Sasco Brook,1995,07-06
Hunt Club 1,2021-06-15T00:00:00Z,e.coli,1203,Sasco Brook,2021,06-15
Sasco 3,2019-08-14T00:00:00Z,entero,411,Sasco Brook,2019,08-14
Sasco 7,2022-09-08T00:00:00Z,e.coli,1203,Sasco Brook,2022,09-08
Hunt Club 1,2021-08-26T00:00:00Z,e.coli,1203,Sasco Brook,2021,08-26
Sasco 4,2000-07-17T00:00:00Z,e.coli,1211,Sasco Brook,2000,07-17
Sasco 4,1999-06-28T00:00:00Z,e.coli,1219,Sasco Brook,1999,06-28
Pussy Willow 1,1998-07-06T00:00:00Z,e.coli,1219,Pussy Willow Brook,1998,07-06
New 4,1998-08-19T00:00:00Z,e.coli,1219,Greens Farms Brook,1998,08-19
Deadman 3.5,2018-09-10T00:00:00Z,e.coli,1220,Deadman Brook,2018,09-10
Sasco 2,2023-08-17T00:00:00Z,entero,416,Sasco Brook,2023,08-17
Hunt Club 2,2011-06-08T00:00:00Z,e.coli,1220,Sasco Brook,2011,06-08
Sasco 4,2021-08-26T00:00:00Z,e.coli,149,Sasco Brook,2021,08-26
Sasco 4,2021-08-26T00:00:00Z,entero,416,Sasco Brook,2021,08-26
Saugatuck 0.75,2022-06-08T00:00:00Z,entero,420,Saugatuck River,2022,06-08
Pussy Willow 2,2019-08-05T00:00:00Z,e.coli,1226,Pussy Willow Brook,2019,08-05
Indian 1,2023-06-26T00:00:00Z,e.coli,1226,Indian River,2023,06-26
Indian 1,2023-06-26T00:00:00Z,entero,504,Indian River,2023,06-26
Saugatuck 0.5,2022-09-14T00:00:00Z,entero,420,Saugatuck River,2022,09-14
Indian 1,2022-06-30T00:00:00Z,e.coli,1226,Indian River,2022,06-30
Sasco 9,2022-09-08T00:00:00Z,e.coli,1226,Sasco Brook,2022,09-08
Deadman 2,2022-06-13T00:00:00Z,e.coli,1226,Deadman Brook,2022,06-13
Indian 1,2005-06-16T00:00:00Z,e.coli,1230,Indian River,2005,06-16
Sasco 4,2022-06-23T00:00:00Z,e.coli,299,Sasco Brook,2022,06-23
Sasco 4,2022-06-23T00:00:00Z,entero,426,Sasco Brook,2022,06-23
Sasco 2,1995-06-29T00:00:00Z,e.coli,1234,Sasco Brook,1995,06-29
Sasco 5,2011-05-24T00:00:00Z,e.coli,1240,Sasco Brook,2011,05-24
Pussy Willow 4,2010-08-05T00:00:00Z,e.coli,1240,Pussy Willow Brook,2010,08-05
Indian 1,2016-05-26T00:00:00Z,e.coli,1240,Indian River,2016,05-26
Sasco 6,1996-06-10T00:00:00Z,e.coli,1241,Sasco Brook,1996,06-10
Deadman 7,2018-07-25T00:00:00Z,e.coli,1250,Deadman Brook,2018,07-25
Sasco 9,2012-05-25T00:00:00Z,e.coli,1260,Sasco Brook,2012,05-25
Stony 1,2020-08-19T00:00:00Z,entero,426,Stony Brook,2020,08-19
Indian 1,2007-09-13T00:00:00Z,e.coli,1260,Indian River,2007,09-13
Sasco 4,1999-07-13T00:00:00Z,e.coli,1266,Sasco Brook,1999,07-13
Sasco 3,2000-07-12T00:00:00Z,e.coli,1266,Sasco Brook,2000,07-12
Muddy 1,2006-05-10T00:00:00Z,e.coli,1280,Muddy Brook,2006,05-10
New 1.5,2023-08-29T00:00:00Z,entero,428,Greens Farms Brook,2023,08-29
Sasco 3,2012-09-18T00:00:00Z,e.coli,1280,Sasco Brook,2012,09-18
New 2,1997-08-06T00:00:00Z,e.coli,1282,Greens Farms Brook,1997,08-06
Deadman 5,2021-06-15T00:00:00Z,e.coli,1298,Deadman Brook,2021,06-15
Deadman 3.5,2022-08-24T00:00:00Z,e.coli,1298,Deadman Brook,2022,08-24
Indian 3,2022-05-17T00:00:00Z,e.coli,1300,Indian River,2022,05-17
Hunt Club 2,2022-06-23T00:00:00Z,e.coli,1300,Sasco Brook,2022,06-23
Deadman 9,2020-09-02T00:00:00Z,e.coli,1300,Deadman Brook,2020,09-02
Stony 4,2020-06-11T00:00:00Z,e.coli,1300,Stony Brook,2020,06-11
Pussy Willow 5,2019-05-22T00:00:00Z,e.coli,1300,Pussy Willow Brook,2019,05-22
Pussy Willow 4,2013-06-14T00:00:00Z,e.coli,1300,Pussy Willow Brook,2013,06-14
Muddy 4,2019-09-26T00:00:00Z,e.coli,1300,Muddy Brook,2019,09-26
Muddy 3,2019-09-26T00:00:00Z,e.coli,1300,Muddy Brook,2019,09-26
Hunt Club 3,2012-07-20T00:00:00Z,e.coli,1300,Sasco Brook,2012,07-20
Deadman 1,2021-06-07T00:00:00Z,entero,435,Deadman Brook,2021,06-07
Sasco 3,2018-09-27T00:00:00Z,e.coli,1300,Sasco Brook,2018,09-27
Muddy 4,2011-09-30T00:00:00Z,e.coli,1300,Muddy Brook,2011,09-30
Lamplight 1,2019-06-12T00:00:00Z,e.coli,1300,Pussy Willow Brook,2019,06-12
Deadman 1,2021-08-31T00:00:00Z,entero,441,Deadman Brook,2021,08-31
Pussy Willow 3,2006-08-23T00:00:00Z,e.coli,1300,Pussy Willow Brook,2006,08-23
Deadman 7,2018-06-18T00:00:00Z,e.coli,1300,Deadman Brook,2018,06-18
Stony 1.5,2020-08-19T00:00:00Z,entero,1250,Stony Brook,2020,08-19
Stony 1.5,2020-08-19T00:00:00Z,e.coli,356,Stony Brook,2020,08-19
Pussy Willow 4,2012-08-13T00:00:00Z,e.coli,1300,Pussy Willow Brook,2012,08-13
Indian 3,2003-08-11T00:00:00Z,e.coli,1300,Indian River,2003,08-11
Sasco 4,2002-07-08T00:00:00Z,e.coli,1300,Sasco Brook,2002,07-08
Sasco 1,2001-07-26T00:00:00Z,e.coli,1300,Sasco Brook,2001,07-26
Sasco 3,2001-06-26T00:00:00Z,e.coli,1300,Sasco Brook,2001,06-26
Lamplight 1,2008-06-16T00:00:00Z,e.coli,1300,Pussy Willow Brook,2008,06-16
Hunt Club 2,2023-08-09T00:00:00Z,e.coli,1302,Sasco Brook,2023,08-09
Stony 2,2022-09-14T00:00:00Z,e.coli,1313,Stony Brook,2022,09-14
Sasco 3,1998-06-23T00:00:00Z,e.coli,1313,Sasco Brook,1998,06-23
Muddy 3,1998-08-21T00:00:00Z,e.coli,1313,Muddy Brook,1998,08-21
Indian 2,2023-06-26T00:00:00Z,e.coli,1317,Indian River,2023,06-26
Sasco 3,2016-08-29T00:00:00Z,e.coli,1340,Sasco Brook,2016,08-29
Sasco 1,2001-08-13T00:00:00Z,e.coli,1340,Sasco Brook,2001,08-13
Hunt Club 2,1995-09-28T00:00:00Z,e.coli,1344,Sasco Brook,1995,09-28
Hunt Club 2,1995-06-03T00:00:00Z,e.coli,1344,Sasco Brook,1995,06-03
Hunt Club 2,2000-07-25T00:00:00Z,e.coli,1344,Sasco Brook,2000,07-25
Deadman 2,2018-09-10T00:00:00Z,e.coli,1360,Deadman Brook,2018,09-10
New 1,2006-09-13T00:00:00Z,e.coli,1360,Greens Farms Brook,2006,09-13
Hunt Club 2,2004-07-01T00:00:00Z,e.coli,1360,Sasco Brook,2004,07-01
Deadman 4,2022-06-13T00:00:00Z,e.coli,1373,Deadman Brook,2022,06-13
Deadman 9,2023-05-22T00:00:00Z,e.coli,1373,Deadman Brook,2023,05-22
Muddy 3,2022-06-30T00:00:00Z,e.coli,1373,Muddy Brook,2022,06-30
Deadman 4,2023-08-09T00:00:00Z,e.coli,1373,Deadman Brook,2023,08-09
Deadman 7,2023-07-05T00:00:00Z,e.coli,1373,Deadman Brook,2023,07-05
New 2,1997-08-14T00:00:00Z,e.coli,1376,Greens Farms Brook,1997,08-14
Hunt Club 1,2023-09-12T00:00:00Z,e.coli,1379,Sasco Brook,2023,09-12
Indian 2,2023-07-18T00:00:00Z,e.coli,1379,Indian River,2023,07-18
Sasco 4,2001-05-08T00:00:00Z,e.coli,1380,Sasco Brook,2001,05-08
Muddy 3,2012-06-20T00:00:00Z,e.coli,1380,Muddy Brook,2012,06-20
Sasco 8,1995-08-17T00:00:00Z,e.coli,1391,Sasco Brook,1995,08-17
Sasco 7,1995-08-17T00:00:00Z,e.coli,1391,Sasco Brook,1995,08-17
Muddy 3,2013-06-14T00:00:00Z,e.coli,1400,Muddy Brook,2013,06-14
Hunt Club 2,2001-07-12T00:00:00Z,e.coli,1400,Sasco Brook,2001,07-12
Sasco 7,2018-09-27T00:00:00Z,e.coli,1400,Sasco Brook,2018,09-27
Hunt Club 5,2015-06-16T00:00:00Z,e.coli,1400,Sasco Brook,2015,06-16
Hunt Club 2,2014-06-18T00:00:00Z,e.coli,1400,Sasco Brook,2014,06-18
Muddy 3,2017-07-24T00:00:00Z,e.coli,1400,Muddy Brook,2017,07-24
Stony 1,2022-05-23T00:00:00Z,e.coli,461,Stony Brook,2022,05-23
Stony 1,2022-05-23T00:00:00Z,entero,465,Stony Brook,2022,05-23
Hunt Club 5,2014-06-23T00:00:00Z,e.coli,1400,Sasco Brook,2014,06-23
Saugatuck 1,2011-08-10T00:00:00Z,e.coli,1400,Saugatuck River,2011,08-10
Muddy 1,2006-08-16T00:00:00Z,e.coli,1400,Muddy Brook,2006,08-16
Sasco 4,2001-09-06T00:00:00Z,e.coli,1400,Sasco Brook,2001,09-06
Sasco 4,2001-09-06T00:00:00Z,entero,110,Sasco Brook,2001,09-06
Deadman 1,2021-09-14T00:00:00Z,entero,472,Deadman Brook,2021,09-14
Muddy 6,2008-07-24T00:00:00Z,e.coli,1400,Muddy Brook,2008,07-24
Hunt Club 2,2013-07-24T00:00:00Z,e.coli,1400,Sasco Brook,2013,07-24
Poplar 4,2016-07-26T00:00:00Z,e.coli,1400,Saugatuck River,2016,07-26
Muddy 2,2018-07-25T00:00:00Z,e.coli,1400,Muddy Brook,2018,07-25
New 1,2012-05-29T00:00:00Z,e.coli,1400,Greens Farms Brook,2012,05-29
Sasco 4,2003-07-22T00:00:00Z,e.coli,1400,Sasco Brook,2003,07-22
Lamplight 1,2016-06-01T00:00:00Z,e.coli,1400,Pussy Willow Brook,2016,06-01
Deadman 4,2021-06-15T00:00:00Z,e.coli,1414,Deadman Brook,2021,06-15
New 0.5,2023-06-13T00:00:00Z,entero,472,Greens Farms Brook,2023,06-13
Sasco 9,2023-06-13T00:00:00Z,e.coli,1414,Sasco Brook,2023,06-13
Stony 3,2019-05-30T00:00:00Z,e.coli,1414,Stony Brook,2019,05-30
West Saug 1,2019-05-30T00:00:00Z,e.coli,1414,Saugatuck River,2019,05-30
Muddy 3,2019-06-20T00:00:00Z,e.coli,1414,Muddy Brook,2019,06-20
Muddy 5,2019-08-20T00:00:00Z,e.coli,1414,Muddy Brook,2019,08-20
Muddy 1,2008-07-15T00:00:00Z,e.coli,1420,Muddy Brook,2008,07-15
Pussy Willow 4,1999-07-13T00:00:00Z,e.coli,1423,Pussy Willow Brook,1999,07-13
Indian 1,2006-06-08T00:00:00Z,e.coli,1440,Indian River,2006,06-08
Sasco 4,2014-08-28T00:00:00Z,e.coli,1440,Sasco Brook,2014,08-28
Sasco 4,2023-08-09T00:00:00Z,e.coli,240,Sasco Brook,2023,08-09
Sasco 4,2023-08-09T00:00:00Z,entero,472,Sasco Brook,2023,08-09
Sasco 6,2023-07-05T00:00:00Z,e.coli,1454,Sasco Brook,2023,07-05
Hunt Club 2,2022-09-21T00:00:00Z,e.coli,1454,Sasco Brook,2022,09-21
Hunt Club 2,2022-08-01T00:00:00Z,e.coli,1454,Sasco Brook,2022,08-01
Deadman 2,2020-07-09T00:00:00Z,e.coli,1454,Deadman Brook,2020,07-09
Saugatuck 0.75,2018-09-13T00:00:00Z,e.coli,1460,Saugatuck River,2018,09-13
Indian 2,2018-09-26T00:00:00Z,e.coli,1460,Indian River,2018,09-26
Sasco 7,2016-08-29T00:00:00Z,e.coli,1460,Sasco Brook,2016,08-29
Sasco 5,2005-06-29T00:00:00Z,e.coli,1460,Sasco Brook,2005,06-29
Sasco 3,2016-09-12T00:00:00Z,e.coli,1460,Sasco Brook,2016,09-12
Sasco 3,2021-08-26T00:00:00Z,e.coli,275,Sasco Brook,2021,08-26
Sasco 3,2021-08-26T00:00:00Z,entero,480,Sasco Brook,2021,08-26
Sasco 3,1995-06-29T00:00:00Z,e.coli,1462,Sasco Brook,1995,06-29
Sasco 1,2022-08-01T00:00:00Z,entero,480,Sasco Brook,2022,08-01
Hunt Club 2,2016-06-20T00:00:00Z,e.coli,1480,Sasco Brook,2016,06-20
Saugatuck 0.5,2022-08-01T00:00:00Z,entero,481,Saugatuck River,2022,08-01
Sasco 1,2019-06-20T00:00:00Z,entero,481,Sasco Brook,2019,06-20
Deadman 3,2018-09-10T00:00:00Z,e.coli,1500,Deadman Brook,2018,09-10
Deadman 10,2012-09-28T00:00:00Z,e.coli,1500,Deadman Brook,2012,09-28
Hunt Club 2,2012-07-20T00:00:00Z,e.coli,1500,Sasco Brook,2012,07-20
Saugatuck 0.25,2020-06-24T00:00:00Z,entero,496,Saugatuck River,2020,06-24
Saugatuck 0.5,2018-09-13T00:00:00Z,e.coli,1500,Saugatuck River,2018,09-13
Lamplight 1,2008-06-05T00:00:00Z,e.coli,1500,Pussy Willow Brook,2008,06-05
Hunt Club 4,2010-06-23T00:00:00Z,e.coli,1500,Sasco Brook,2010,06-23
Saugatuck 2,2005-09-15T00:00:00Z,e.coli,1500,Saugatuck River,2005,09-15
Deadman 10,2013-06-03T00:00:00Z,e.coli,1500,Deadman Brook,2013,06-03
Lamplight 1,2012-06-20T00:00:00Z,e.coli,1500,Pussy Willow Brook,2012,06-20
Sasco 3,2014-07-28T00:00:00Z,e.coli,1500,Sasco Brook,2014,07-28
Hunt Club 1,2016-08-10T00:00:00Z,e.coli,1500,Sasco Brook,2016,08-10
Muddy 3,2008-07-15T00:00:00Z,e.coli,1500,Muddy Brook,2008,07-15
Hunt Club 2,1995-08-07T00:00:00Z,e.coli,1501,Sasco Brook,1995,08-07
Sasco 1,2000-08-14T00:00:00Z,e.coli,1501,Sasco Brook,2000,08-14
Sasco 1,2000-08-14T00:00:00Z,entero,132,Sasco Brook,2000,08-14
Pussy Willow 2,1999-07-07T00:00:00Z,e.coli,1501,Pussy Willow Brook,1999,07-07
Sasco 3,2023-07-27T00:00:00Z,e.coli,217,Sasco Brook,2023,07-27
Sasco 3,2023-07-27T00:00:00Z,entero,504,Sasco Brook,2023,07-27
New 4,1998-07-07T00:00:00Z,e.coli,1517,Greens Farms Brook,1998,07-07
Saugatuck 0.25,2018-09-13T00:00:00Z,e.coli,1520,Saugatuck River,2018,09-13
Indian 1,2005-07-07T00:00:00Z,e.coli,1520,Indian River,2005,07-07
Sasco 3,2001-05-01T00:00:00Z,e.coli,1530,Sasco Brook,2001,05-01
Pussy Willow 1,1997-08-05T00:00:00Z,e.coli,1532,Pussy Willow Brook,1997,08-05
Sasco 4,2001-05-25T00:00:00Z,e.coli,1540,Sasco Brook,2001,05-25
Deadman 4,2023-08-14T00:00:00Z,e.coli,1540,Deadman Brook,2023,08-14
Deadman 3.5,2023-07-05T00:00:00Z,e.coli,1540,Deadman Brook,2023,07-05
Deadman 3,2022-08-10T00:00:00Z,e.coli,1540,Deadman Brook,2022,08-10
Deadman 1,2022-09-15T00:00:00Z,entero,520,Deadman Brook,2022,09-15
Indian 1,2019-09-25T00:00:00Z,e.coli,1553,Indian River,2019,09-25
Deadman 3,2022-07-05T00:00:00Z,e.coli,1553,Deadman Brook,2022,07-05
Sasco 3,2022-09-08T00:00:00Z,e.coli,1140,Sasco Brook,2022,09-08
Sasco 3,2022-09-08T00:00:00Z,entero,528,Sasco Brook,2022,09-08
Muddy 3,2022-06-21T00:00:00Z,e.coli,1553,Muddy Brook,2022,06-21
Sasco 6,2023-06-13T00:00:00Z,e.coli,1553,Sasco Brook,2023,06-13
Stony 4,2023-08-30T00:00:00Z,e.coli,1553,Stony Brook,2023,08-30
Muddy 1,2018-09-10T00:00:00Z,e.coli,1560,Muddy Brook,2018,09-10
Sasco 4,2023-07-27T00:00:00Z,e.coli,290,Sasco Brook,2023,07-27
Sasco 4,2023-07-27T00:00:00Z,entero,528,Sasco Brook,2023,07-27
Sasco 4,2003-09-11T00:00:00Z,e.coli,1560,Sasco Brook,2003,09-11
Sasco 3,2004-09-02T00:00:00Z,e.coli,1560,Sasco Brook,2004,09-02
Sasco 8,2010-06-23T00:00:00Z,e.coli,1560,Sasco Brook,2010,06-23
Sasco 7,1996-07-18T00:00:00Z,e.coli,1580,Sasco Brook,1996,07-18
Saugatuck 0.25,2019-05-06T00:00:00Z,entero,537,Saugatuck River,2019,05-06
Hunt Club 2,1996-06-28T00:00:00Z,e.coli,1580,Sasco Brook,1996,06-28
Pussy Willow 1,1997-08-21T00:00:00Z,e.coli,1580,Pussy Willow Brook,1997,08-21
Pussy Willow 2,1997-08-21T00:00:00Z,e.coli,1580,Pussy Willow Brook,1997,08-21
New 3,1997-08-22T00:00:00Z,e.coli,1580,Greens Farms Brook,1997,08-22
Sasco 3,2022-08-22T00:00:00Z,e.coli,383,Sasco Brook,2022,08-22
Sasco 3,2022-08-22T00:00:00Z,entero,546,Sasco Brook,2022,08-22
Stony 3,2022-09-14T00:00:00Z,e.coli,1583,Stony Brook,2022,09-14
Muddy 3,2017-06-26T00:00:00Z,e.coli,1600,Muddy Brook,2017,06-26
Muddy 4,2017-06-26T00:00:00Z,e.coli,1600,Muddy Brook,2017,06-26
Muddy 6,2017-07-24T00:00:00Z,e.coli,1600,Muddy Brook,2017,07-24
Sasco 6,2018-09-27T00:00:00Z,e.coli,1600,Sasco Brook,2018,09-27
Hunt Club 4,2015-08-10T00:00:00Z,e.coli,1600,Sasco Brook,2015,08-10
Deadman 1,2012-09-18T00:00:00Z,e.coli,1600,Deadman Brook,2012,09-18
Muddy 6,2006-08-03T00:00:00Z,e.coli,1600,Muddy Brook,2006,08-03
Sasco 9,2001-07-26T00:00:00Z,e.coli,1600,Sasco Brook,2001,07-26
Sasco 5,2005-08-10T00:00:00Z,e.coli,1600,Sasco Brook,2005,08-10
Muddy 6,2006-08-03T00:00:00Z,e.coli,1600,Muddy Brook,2006,08-03
Sasco 6,1995-06-26T00:00:00Z,e.coli,1619,Sasco Brook,1995,06-26
New 4,1997-06-23T00:00:00Z,e.coli,1619,Greens Farms Brook,1997,06-23
Sasco 9,1995-09-14T00:00:00Z,e.coli,1631,Sasco Brook,1995,09-14
Sasco 2,2019-08-14T00:00:00Z,entero,563,Sasco Brook,2019,08-14
Deadman 3.5,2020-07-23T00:00:00Z,e.coli,1633,Deadman Brook,2020,07-23
New 1.5,2023-06-26T00:00:00Z,entero,563,Greens Farms Brook,2023,06-26
Deadman 2,2023-07-17T00:00:00Z,e.coli,1633,Deadman Brook,2023,07-17
Hunt Club 2,1997-05-29T00:00:00Z,e.coli,1642,Sasco Brook,1997,05-29
Muddy 4,2017-07-24T00:00:00Z,e.coli,1650,Muddy Brook,2017,07-24
Sasco 4,2021-06-15T00:00:00Z,e.coli,496,Sasco Brook,2021,06-15
Sasco 4,2021-06-15T00:00:00Z,entero,573,Sasco Brook,2021,06-15
Hunt Club 2,1999-06-17T00:00:00Z,e.coli,1658,Sasco Brook,1999,06-17
Hunt Club 2,2004-05-17T00:00:00Z,e.coli,1700,Sasco Brook,2004,05-17
Muddy 4,2014-09-25T00:00:00Z,e.coli,1700,Muddy Brook,2014,09-25
Deadman 1,2023-09-27T00:00:00Z,entero,581,Deadman Brook,2023,09-27
Hunt Club 2,2004-08-23T00:00:00Z,e.coli,1700,Sasco Brook,2004,08-23
New 3,2012-06-12T00:00:00Z,e.coli,1700,Greens Farms Brook,2012,06-12
Hunt Club 1,2015-06-16T00:00:00Z,e.coli,1700,Sasco Brook,2015,06-16
Hunt Club 2,2013-06-18T00:00:00Z,e.coli,1700,Sasco Brook,2013,06-18
New 1,2012-06-26T00:00:00Z,e.coli,1700,Greens Farms Brook,2012,06-26
Sasco 6,2001-07-26T00:00:00Z,e.coli,1700,Sasco Brook,2001,07-26
Sasco 4,2021-08-09T00:00:00Z,e.coli,232,Sasco Brook,2021,08-09
Sasco 4,2021-08-09T00:00:00Z,entero,602,Sasco Brook,2021,08-09
Sasco 3,2001-08-22T00:00:00Z,e.coli,1700,Sasco Brook,2001,08-22
Sasco 3,2001-06-28T00:00:00Z,e.coli,1700,Sasco Brook,2001,06-28
Sasco 4,2014-07-14T00:00:00Z,e.coli,1700,Sasco Brook,2014,07-14
Sasco 3,2001-08-29T00:00:00Z,e.coli,1700,Sasco Brook,2001,08-29
Sasco 2,2023-09-12T00:00:00Z,entero,612,Sasco Brook,2023,09-12
Sasco 3,2022-06-23T00:00:00Z,e.coli,649,Sasco Brook,2022,06-23
Sasco 3,2022-06-23T00:00:00Z,entero,620,Sasco Brook,2022,06-23
Sasco 3,2022-07-14T00:00:00Z,e.coli,93,Sasco Brook,2022,07-14
Sasco 3,2022-07-14T00:00:00Z,entero,638,Sasco Brook,2022,07-14
Deadman 5,2023-07-05T00:00:00Z,e.coli,1733,Deadman Brook,2023,07-05
Deadman 8,2023-07-05T00:00:00Z,e.coli,1733,Deadman Brook,2023,07-05
Muddy 4,2022-09-20T00:00:00Z,e.coli,1733,Muddy Brook,2022,09-20
Hunt Club 2,2021-06-15T00:00:00Z,e.coli,1733,Sasco Brook,2021,06-15
Indian 1,2022-09-21T00:00:00Z,e.coli,1733,Indian River,2022,09-21
Hunt Club 2,2021-08-26T00:00:00Z,e.coli,1733,Sasco Brook,2021,08-26
Deadman 5,2020-09-02T00:00:00Z,e.coli,1733,Deadman Brook,2020,09-02
Sasco 2,2019-06-20T00:00:00Z,entero,657,Sasco Brook,2019,06-20
Deadman 7,2020-07-09T00:00:00Z,e.coli,1733,Deadman Brook,2020,07-09
Stony 4,2019-05-30T00:00:00Z,e.coli,1733,Stony Brook,2019,05-30
Pussy Willow 5,2019-06-12T00:00:00Z,e.coli,1733,Pussy Willow Brook,2019,06-12
Pussy Willow 2,2019-06-17T00:00:00Z,e.coli,1733,Pussy Willow Brook,2019,06-17
Sasco 3,1999-07-08T00:00:00Z,e.coli,1736,Sasco Brook,1999,07-08
New 3,2012-09-19T00:00:00Z,e.coli,1740,Greens Farms Brook,2012,09-19
Sasco 4,1995-07-19T00:00:00Z,e.coli,1752,Sasco Brook,1995,07-19
Stony 1,2022-06-14T00:00:00Z,e.coli,328,Stony Brook,2022,06-14
Stony 1,2022-06-14T00:00:00Z,entero,663,Stony Brook,2022,06-14
New 3,1997-07-08T00:00:00Z,e.coli,1760,Greens Farms Brook,1997,07-08
New 4,1997-07-31T00:00:00Z,e.coli,1768,Greens Farms Brook,1997,07-31
Deadman 1,2022-07-05T00:00:00Z,entero,670,Deadman Brook,2022,07-05
Hunt Club 2,2004-06-14T00:00:00Z,e.coli,1800,Sasco Brook,2004,06-14
Saugatuck 0.75,2022-09-14T00:00:00Z,entero,677,Saugatuck River,2022,09-14
Muddy 2,2017-07-24T00:00:00Z,e.coli,1800,Muddy Brook,2017,07-24
Stony 1,2022-08-01T00:00:00Z,e.coli,267,Stony Brook,2022,08-01
Stony 1,2022-08-01T00:00:00Z,entero,677,Stony Brook,2022,08-01
Pussy Willow 4,2012-08-20T00:00:00Z,e.coli,1800,Pussy Willow Brook,2012,08-20
Deadman 1,2021-07-15T00:00:00Z,entero,717,Deadman Brook,2021,07-15
Lamplight 1,2006-08-16T00:00:00Z,e.coli,1800,Pussy Willow Brook,2006,08-16
Sasco 4,2001-08-22T00:00:00Z,e.coli,1800,Sasco Brook,2001,08-22
Lamplight 1,2008-08-04T00:00:00Z,e.coli,1800,Pussy Willow Brook,2008,08-04
Pussy Willow 3,2009-06-04T00:00:00Z,e.coli,1800,Pussy Willow Brook,2009,06-04
Sasco 7,2000-08-07T00:00:00Z,e.coli,1815,Sasco Brook,2000,08-07
SG1,2009-06-09T00:00:00Z,e.coli,1820,Saugatuck River,2009,06-09
Sasco 6,2010-06-23T00:00:00Z,e.coli,1820,Sasco Brook,2010,06-23
Indian 1,2018-06-13T00:00:00Z,e.coli,1840,Indian River,2018,06-13
Indian 1.5,2023-06-26T00:00:00Z,e.coli,1842,Indian River,2023,06-26
Indian 1.5,2022-06-30T00:00:00Z,e.coli,1842,Indian River,2022,06-30
Hunt Club 2,2020-08-17T00:00:00Z,e.coli,1842,Sasco Brook,2020,08-17
Hunt Club 1,2022-08-01T00:00:00Z,e.coli,1842,Sasco Brook,2022,08-01
Pussy Willow 2,2019-09-25T00:00:00Z,e.coli,1842,Pussy Willow Brook,2019,09-25
Pussy Willow 2,2019-09-04T00:00:00Z,e.coli,1842,Pussy Willow Brook,2019,09-04
Pussy Willow 4,2019-08-05T00:00:00Z,e.coli,1842,Pussy Willow Brook,2019,08-05
Sasco 3,1999-06-21T00:00:00Z,e.coli,1846,Sasco Brook,1999,06-21
Sasco 4,2004-09-02T00:00:00Z,e.coli,1860,Sasco Brook,2004,09-02
Sasco 8,1996-06-10T00:00:00Z,e.coli,1878,Sasco Brook,1996,06-10
New 4,1997-07-02T00:00:00Z,e.coli,1893,Greens Farms Brook,1997,07-02
Pussy Willow 3,1998-07-31T00:00:00Z,e.coli,1893,Pussy Willow Brook,1998,07-31
Muddy 2,1998-08-07T00:00:00Z,e.coli,1893,Muddy Brook,1998,08-07
Sasco 2,2022-06-23T00:00:00Z,entero,727,Sasco Brook,2022,06-23
Pussy Willow 3,2013-06-14T00:00:00Z,e.coli,1900,Pussy Willow Brook,2013,06-14
Deadman 1,2023-05-02T00:00:00Z,entero,733,Deadman Brook,2023,05-02
Sasco 8,2018-09-27T00:00:00Z,e.coli,1900,Sasco Brook,2018,09-27
New 1,2012-06-12T00:00:00Z,e.coli,1900,Greens Farms Brook,2012,06-12
Sasco 3,2022-07-28T00:00:00Z,e.coli,172,Sasco Brook,2022,07-28
Sasco 3,2022-07-28T00:00:00Z,entero,733,Sasco Brook,2022,07-28
Muddy 6,2018-07-25T00:00:00Z,e.coli,1900,Muddy Brook,2018,07-25
Indian 2,2003-08-11T00:00:00Z,e.coli,1900,Indian River,2003,08-11
Sasco 4,2001-08-16T00:00:00Z,e.coli,1900,Sasco Brook,2001,08-16
Hunt Club 3,2012-06-25T00:00:00Z,e.coli,1900,Sasco Brook,2012,06-25
Hunt Club 2,1998-06-09T00:00:00Z,e.coli,1925,Sasco Brook,1998,06-09
Sasco 4,2000-07-11T00:00:00Z,e.coli,1956,Sasco Brook,2000,07-11
Indian 3,2023-06-26T00:00:00Z,e.coli,1961,Indian River,2023,06-26
Deadman 3,2023-07-05T00:00:00Z,e.coli,1961,Deadman Brook,2023,07-05
Deadman 7,2020-09-02T00:00:00Z,e.coli,1961,Deadman Brook,2020,09-02
Stony 4,2022-09-14T00:00:00Z,e.coli,1961,Stony Brook,2022,09-14
Deadman 4,2020-08-24T00:00:00Z,e.coli,1961,Deadman Brook,2020,08-24
Sasco 6,1999-05-20T00:00:00Z,e.coli,1972,Sasco Brook,1999,05-20
Sasco 6,1995-09-22T00:00:00Z,e.coli,1972,Sasco Brook,1995,09-22
Sasco 1,1999-08-16T00:00:00Z,e.coli,1972,Sasco Brook,1999,08-16
Hunt Club 2,1995-06-01T00:00:00Z,e.coli,1972,Sasco Brook,1995,06-01
New 1.5,2023-07-27T00:00:00Z,entero,749,Greens Farms Brook,2023,07-27
Pussy Willow 4,1998-08-18T00:00:00Z,e.coli,1972,Pussy Willow Brook,1998,08-18
Saugatuck 1,2017-06-20T00:00:00Z,e.coli,1980,Saugatuck River,2017,06-20
Pussy Willow 4,2019-06-03T00:00:00Z,e.coli,1986,Pussy Willow Brook,2019,06-03
Stony 3,2019-06-11T00:00:00Z,e.coli,1986,Stony Brook,2019,06-11
Muddy 6,2019-07-09T00:00:00Z,e.coli,1986,Muddy Brook,2019,07-09
Muddy 3,2019-07-31T00:00:00Z,e.coli,1986,Muddy Brook,2019,07-31
Saugatuck 2,2019-07-18T00:00:00Z,e.coli,1986,Saugatuck River,2019,07-18
Muddy 6,2022-06-21T00:00:00Z,e.coli,1986,Muddy Brook,2022,06-21
Hunt Club 2,2023-06-13T00:00:00Z,e.coli,1986,Sasco Brook,2023,06-13
Deadman 7,2020-06-02T00:00:00Z,e.coli,1986,Deadman Brook,2020,06-02
Indian 1.5,2022-08-10T00:00:00Z,e.coli,1986,Indian River,2022,08-10
Sasco 3,2021-08-09T00:00:00Z,e.coli,345,Sasco Brook,2021,08-09
Sasco 3,2021-08-09T00:00:00Z,entero,771,Sasco Brook,2021,08-09
Muddy 4,2018-06-14T00:00:00Z,e.coli,2000,Muddy Brook,2018,06-14
Sasco 2,2018-06-07T00:00:00Z,e.coli,2000,Sasco Brook,2018,06-07
Hunt Club 2,2002-09-03T00:00:00Z,e.coli,2000,Sasco Brook,2002,09-03
Sasco 9,2018-09-27T00:00:00Z,e.coli,2000,Sasco Brook,2018,09-27
Indian 2,2018-06-13T00:00:00Z,e.coli,2000,Indian River,2018,06-13
Muddy 6,2006-08-23T00:00:00Z,e.coli,2000,Muddy Brook,2006,08-23
Pussy Willow 2,2006-08-16T00:00:00Z,e.coli,2000,Pussy Willow Brook,2006,08-16
Muddy 6,2006-07-26T00:00:00Z,e.coli,2000,Muddy Brook,2006,07-26
Muddy 5,2017-07-24T00:00:00Z,e.coli,2000,Muddy Brook,2017,07-24
Hunt Club 3,2016-08-01T00:00:00Z,e.coli,2000,Sasco Brook,2016,08-01
Hunt Club 2,2016-08-01T00:00:00Z,e.coli,2000,Sasco Brook,2016,08-01
Sasco 7,2015-08-12T00:00:00Z,e.coli,2000,Sasco Brook,2015,08-12
Hunt Club 3,2015-08-11T00:00:00Z,e.coli,2000,Sasco Brook,2015,08-11
Hunt Club 4,2016-08-18T00:00:00Z,e.coli,2000,Sasco Brook,2016,08-18
Saugatuck 1,2005-09-15T00:00:00Z,e.coli,2000,Saugatuck River,2005,09-15
Hunt Club 1,2016-08-01T00:00:00Z,e.coli,2000,Sasco Brook,2016,08-01
West Saug 1,2007-08-09T00:00:00Z,e.coli,2000,Saugatuck River,2007,08-09
Stony 1,2023-06-13T00:00:00Z,e.coli,355,Stony Brook,2023,06-13
Stony 1,2023-06-13T00:00:00Z,entero,798,Stony Brook,2023,06-13
Sasco 3,2001-08-01T00:00:00Z,e.coli,2000,Sasco Brook,2001,08-01
Sasco 4,2002-08-20T00:00:00Z,e.coli,2000,Sasco Brook,2002,08-20
Pussy Willow 4,2009-07-08T00:00:00Z,e.coli,2000,Pussy Willow Brook,2009,07-08
Pussy Willow 4,2012-07-23T00:00:00Z,e.coli,2000,Pussy Willow Brook,2012,07-23
Indian 2,2018-06-14T00:00:00Z,e.coli,2000,Indian River,2018,06-14
Pussy Willow 4,2010-06-17T00:00:00Z,e.coli,2040,Pussy Willow Brook,2010,06-17
Sasco 1,2003-07-22T00:00:00Z,e.coli,2040,Sasco Brook,2003,07-22
Muddy 2,2018-09-10T00:00:00Z,e.coli,2050,Muddy Brook,2018,09-10
Sasco 7,1996-08-01T00:00:00Z,e.coli,2050,Sasco Brook,1996,08-01
Sasco 3,1998-07-27T00:00:00Z,e.coli,2050,Sasco Brook,1998,07-27
Sasco 4,1999-07-08T00:00:00Z,e.coli,2050,Sasco Brook,1999,07-08
New 4,1997-07-16T00:00:00Z,e.coli,2050,Greens Farms Brook,1997,07-16
Muddy 4,1999-07-20T00:00:00Z,e.coli,2050,Muddy Brook,1999,07-20
Pussy Willow 2,2010-06-17T00:00:00Z,e.coli,2060,Pussy Willow Brook,2010,06-17
Pussy Willow 2,1999-06-30T00:00:00Z,e.coli,2066,Pussy Willow Brook,1999,06-30
Hunt Club 1,2022-09-08T00:00:00Z,e.coli,2069,Sasco Brook,2022,09-08
Pussy Willow 2,2010-08-05T00:00:00Z,e.coli,2080,Pussy Willow Brook,2010,08-05
Hunt Club 2,1995-08-17T00:00:00Z,e.coli,2089,Sasco Brook,1995,08-17
Stony 2,2020-08-12T00:00:00Z,e.coli,2092,Stony Brook,2020,08-12
Sasco 3,2021-06-29T00:00:00Z,e.coli,323,Sasco Brook,2021,06-29
Sasco 3,2021-06-29T00:00:00Z,entero,813,Sasco Brook,2021,06-29
Sasco 7,2014-06-20T00:00:00Z,e.coli,2100,Sasco Brook,2014,06-20
Hunt Club 2,2012-08-15T00:00:00Z,e.coli,2100,Sasco Brook,2012,08-15
Sasco 3,2021-06-15T00:00:00Z,entero,833,Sasco Brook,2021,06-15
Stony 1,2022-09-14T00:00:00Z,e.coli,1164,Stony Brook,2022,09-14
Stony 1,2022-09-14T00:00:00Z,entero,836,Stony Brook,2022,09-14
Pussy Willow 2,2006-07-12T00:00:00Z,e.coli,2100,Pussy Willow Brook,2006,07-12
Indian 1,2018-09-26T00:00:00Z,e.coli,2100,Indian River,2018,09-26
Indian 1,2007-06-28T00:00:00Z,e.coli,2100,Indian River,2007,06-28
Sasco 3,2001-07-30T00:00:00Z,e.coli,2100,Sasco Brook,2001,07-30
Muddy 4,2008-07-25T00:00:00Z,e.coli,2100,Muddy Brook,2008,07-25
Sasco 2,1995-07-26T00:00:00Z,e.coli,2113,Sasco Brook,1995,07-26
Sasco 3,1999-08-04T00:00:00Z,e.coli,2129,Sasco Brook,1999,08-04
Hunt Club 1,2020-08-12T00:00:00Z,e.coli,2143,Sasco Brook,2020,08-12
Indian 3,2003-07-21T00:00:00Z,e.coli,2160,Indian River,2003,07-21
Sasco 4,1995-08-10T00:00:00Z,e.coli,2176,Sasco Brook,1995,08-10
Muddy 3,2022-09-20T00:00:00Z,e.coli,2190,Muddy Brook,2022,09-20
Hunt Club 2,2023-09-06T00:00:00Z,e.coli,2190,Sasco Brook,2023,09-06
Sasco 4,1999-07-19T00:00:00Z,e.coli,2199,Sasco Brook,1999,07-19
Hunt Club 1,2014-06-17T00:00:00Z,e.coli,2200,Sasco Brook,2014,06-17
Hunt Club 1,2015-06-17T00:00:00Z,e.coli,2200,Sasco Brook,2015,06-17
Hunt Club 3,2014-08-12T00:00:00Z,e.coli,2200,Sasco Brook,2014,08-12
Hunt Club 2,2001-06-18T00:00:00Z,e.coli,2200,Sasco Brook,2001,06-18
Sasco 3,2023-09-12T00:00:00Z,e.coli,996,Sasco Brook,2023,09-12
Sasco 3,2023-09-12T00:00:00Z,entero,884,Sasco Brook,2023,09-12
Sasco 4,2022-07-14T00:00:00Z,e.coli,190,Sasco Brook,2022,07-14
Sasco 4,2022-07-14T00:00:00Z,entero,906,Sasco Brook,2022,07-14
Stony 1,2020-07-13T00:00:00Z,entero,906,Stony Brook,2020,07-13
Sasco 4,2022-07-28T00:00:00Z,e.coli,921,Sasco Brook,2022,07-28
Sasco 4,2022-07-28T00:00:00Z,entero,909,Sasco Brook,2022,07-28
Sasco 3,2018-06-20T00:00:00Z,e.coli,2200,Sasco Brook,2018,06-20
Poplar 3,2011-08-04T00:00:00Z,e.coli,2200,Saugatuck River,2011,08-04
Muddy 4,2008-07-07T00:00:00Z,e.coli,2200,Muddy Brook,2008,07-07
Muddy 4,2008-07-15T00:00:00Z,e.coli,2200,Muddy Brook,2008,07-15
Sasco 7,1996-06-06T00:00:00Z,e.coli,2207,Sasco Brook,1996,06-06
New 3,1997-08-06T00:00:00Z,e.coli,2207,Greens Farms Brook,1997,08-06
New 4,1998-07-15T00:00:00Z,e.coli,2207,Greens Farms Brook,1998,07-15
New 4,1998-08-12T00:00:00Z,e.coli,2207,Greens Farms Brook,1998,08-12
Sasco 8,2000-08-07T00:00:00Z,e.coli,2207,Sasco Brook,2000,08-07
Pussy Willow 3,2010-06-17T00:00:00Z,e.coli,2220,Pussy Willow Brook,2010,06-17
Sasco 1,1999-06-21T00:00:00Z,e.coli,2238,Sasco Brook,1999,06-21
Deadman 4,2023-07-05T00:00:00Z,e.coli,2240,Deadman Brook,2023,07-05
Deadman 2,2023-07-05T00:00:00Z,e.coli,2240,Deadman Brook,2023,07-05
Pussy Willow 2,2019-08-28T00:00:00Z,e.coli,2240,Pussy Willow Brook,2019,08-28
New 4,1997-08-06T00:00:00Z,e.coli,2254,Greens Farms Brook,1997,08-06
New 1,1997-07-16T00:00:00Z,e.coli,2285,Greens Farms Brook,1997,07-16
New 3,1997-08-14T00:00:00Z,e.coli,2285,Greens Farms Brook,1997,08-14
New 3,1998-07-31T00:00:00Z,e.coli,2285,Greens Farms Brook,1998,07-31
New 3,1998-08-12T00:00:00Z,e.coli,2285,Greens Farms Brook,1998,08-12
Sasco 3,2000-08-01T00:00:00Z,e.coli,2285,Sasco Brook,2000,08-01
Pussy Willow 2,2013-06-14T00:00:00Z,e.coli,2300,Pussy Willow Brook,2013,06-14
Poplar 1.5,2009-06-12T00:00:00Z,e.coli,2300,Saugatuck River,2009,06-12
Hunt Club 5,2014-06-18T00:00:00Z,e.coli,2300,Sasco Brook,2014,06-18
Hunt Club 2,2016-06-29T00:00:00Z,e.coli,2300,Sasco Brook,2016,06-29
Deadman 1,2018-09-10T00:00:00Z,e.coli,2300,Deadman Brook,2018,09-10
Hunt Club 2,2001-06-26T00:00:00Z,e.coli,2300,Sasco Brook,2001,06-26
Pussy Willow 1,2016-06-06T00:00:00Z,e.coli,2300,Pussy Willow Brook,2016,06-06
Indian 3,2018-09-26T00:00:00Z,e.coli,2300,Indian River,2018,09-26
Sasco 1,1999-05-20T00:00:00Z,e.coli,2332,Sasco Brook,1999,05-20
Sasco 7,1996-06-19T00:00:00Z,e.coli,2364,Sasco Brook,1996,06-19
Sasco 4,1999-08-04T00:00:00Z,e.coli,2364,Sasco Brook,1999,08-04
Sasco 2,2021-09-01T00:00:00Z,entero,988,Sasco Brook,2021,09-01
New 2,1998-08-04T00:00:00Z,e.coli,2364,Greens Farms Brook,1998,08-04
Hunt Club 2,2002-06-17T00:00:00Z,e.coli,2400,Sasco Brook,2002,06-17
Hunt Club 2,2014-08-14T00:00:00Z,e.coli,2400,Sasco Brook,2014,08-14
Sasco 4,2021-06-29T00:00:00Z,e.coli,428,Sasco Brook,2021,06-29
Sasco 4,2021-06-29T00:00:00Z,entero,1019,Sasco Brook,2021,06-29
Pussy Willow 4,2012-09-20T00:00:00Z,e.coli,2400,Pussy Willow Brook,2012,09-20
Poplar 4,2016-07-05T00:00:00Z,e.coli,2400,Saugatuck River,2016,07-05
Stony 1,2023-08-02T00:00:00Z,e.coli,138,Stony Brook,2023,08-02
Stony 1,2023-08-02T00:00:00Z,entero,1022,Stony Brook,2023,08-02
Sasco 3,2003-07-29T00:00:00Z,e.coli,2400,Sasco Brook,2003,07-29
Indian 1,2007-08-09T00:00:00Z,e.coli,2400,Indian River,2007,08-09
Muddy 3,2008-07-22T00:00:00Z,e.coli,2400,Muddy Brook,2008,07-22
Muddy 4,2008-07-29T00:00:00Z,e.coli,2400,Muddy Brook,2008,07-29
Sasco 3,2019-07-09T00:00:00Z,entero,1043,Sasco Brook,2019,07-09
Hunt Club 2,2021-06-29T00:00:00Z,e.coli,2407,Sasco Brook,2021,06-29
Stony 5,2022-09-14T00:00:00Z,e.coli,2407,Stony Brook,2022,09-14
Hunt Club 2,2023-05-18T00:00:00Z,e.coli,2420,Sasco Brook,2023,05-18
Sasco 4,2023-09-12T00:00:00Z,e.coli,1164,Sasco Brook,2023,09-12
Sasco 4,2023-09-12T00:00:00Z,entero,1081,Sasco Brook,2023,09-12
Deadman 7,2020-05-21T00:00:00Z,e.coli,2420,Deadman Brook,2020,05-21
Hunt Club 2,2021-05-04T00:00:00Z,e.coli,2420,Sasco Brook,2021,05-04
Deadman 7,2021-05-04T00:00:00Z,e.coli,2420,Deadman Brook,2021,05-04
Deadman 2,2021-05-04T00:00:00Z,e.coli,2420,Deadman Brook,2021,05-04
Deadman 3.5,2021-05-04T00:00:00Z,e.coli,2420,Deadman Brook,2021,05-04
Deadman 3,2021-05-04T00:00:00Z,e.coli,2420,Deadman Brook,2021,05-04
Sasco 6,2021-05-04T00:00:00Z,e.coli,2420,Sasco Brook,2021,05-04
Sasco 7,2021-05-04T00:00:00Z,e.coli,2420,Sasco Brook,2021,05-04
Deadman 5,2021-05-04T00:00:00Z,e.coli,2420,Deadman Brook,2021,05-04
Hunt Club 1,2021-05-04T00:00:00Z,e.coli,2420,Sasco Brook,2021,05-04
Sasco 9,2021-05-04T00:00:00Z,e.coli,2420,Sasco Brook,2021,05-04
Indian 1.5,2022-05-17T00:00:00Z,e.coli,2420,Indian River,2022,05-17
Hunt Club 1,2022-06-23T00:00:00Z,e.coli,2420,Sasco Brook,2022,06-23
Deadman 2,2022-06-02T00:00:00Z,e.coli,2420,Deadman Brook,2022,06-02
Deadman 3,2022-06-02T00:00:00Z,e.coli,2420,Deadman Brook,2022,06-02
Deadman 3.5,2022-06-02T00:00:00Z,e.coli,2420,Deadman Brook,2022,06-02
Deadman 4,2022-06-02T00:00:00Z,e.coli,2420,Deadman Brook,2022,06-02
Deadman 5,2022-06-02T00:00:00Z,e.coli,2420,Deadman Brook,2022,06-02
Deadman 7,2022-06-02T00:00:00Z,e.coli,2420,Deadman Brook,2022,06-02
Hunt Club 1,2023-06-13T00:00:00Z,e.coli,2420,Sasco Brook,2023,06-13
New 3,2023-06-13T00:00:00Z,e.coli,2420,Greens Farms Brook,2023,06-13
Stony 1,2020-09-02T00:00:00Z,entero,1160,Stony Brook,2020,09-02
Muddy 2,2022-09-20T00:00:00Z,e.coli,2420,Muddy Brook,2022,09-20
Hunt Club 1,2022-06-09T00:00:00Z,e.coli,2420,Sasco Brook,2022,06-09
Sasco 6,2022-06-09T00:00:00Z,e.coli,2420,Sasco Brook,2022,06-09
Hunt Club 2,2022-06-09T00:00:00Z,e.coli,2420,Sasco Brook,2022,06-09
Sasco 7,2022-06-09T00:00:00Z,e.coli,2420,Sasco Brook,2022,06-09
Stony 5,2022-06-08T00:00:00Z,e.coli,2420,Stony Brook,2022,06-08
Sasco 9,2022-06-09T00:00:00Z,e.coli,2420,Sasco Brook,2022,06-09
Sasco 2,2021-06-15T00:00:00Z,entero,1198,Sasco Brook,2021,06-15
Stony 4,2022-06-08T00:00:00Z,e.coli,2420,Stony Brook,2022,06-08
Deadman 7,2022-07-05T00:00:00Z,e.coli,2420,Deadman Brook,2022,07-05
Deadman 8,2020-09-02T00:00:00Z,e.coli,2420,Deadman Brook,2020,09-02
Deadman 1,2023-09-05T00:00:00Z,entero,1259,Deadman Brook,2023,09-05
Stony 3,2023-08-30T00:00:00Z,e.coli,2420,Stony Brook,2023,08-30
Deadman 3.5,2022-08-30T00:00:00Z,e.coli,2420,Deadman Brook,2022,08-30
Deadman 1,2023-08-09T00:00:00Z,entero,1281,Deadman Brook,2023,08-09
Sasco 1,2021-06-15T00:00:00Z,entero,1291,Sasco Brook,2021,06-15
Stony 2,2020-07-21T00:00:00Z,e.coli,2420,Stony Brook,2020,07-21
Pussy Willow 2,2019-05-08T00:00:00Z,e.coli,2420,Pussy Willow Brook,2019,05-08
Stony 5,2019-05-30T00:00:00Z,e.coli,2420,Stony Brook,2019,05-30
Hunt Club 2,2019-06-20T00:00:00Z,e.coli,2420,Sasco Brook,2019,06-20
Muddy 6,2019-09-16T00:00:00Z,e.coli,2420,Muddy Brook,2019,09-16
Pussy Willow 5,2019-06-17T00:00:00Z,e.coli,2420,Pussy Willow Brook,2019,06-17
Stony 2,2019-05-30T00:00:00Z,e.coli,2420,Stony Brook,2019,05-30
Stony 5,2019-06-11T00:00:00Z,e.coli,2420,Stony Brook,2019,06-11
Stony 4,2019-06-11T00:00:00Z,e.coli,2420,Stony Brook,2019,06-11
Indian 1,2019-06-11T00:00:00Z,e.coli,2420,Indian River,2019,06-11
Indian 3,2019-06-11T00:00:00Z,e.coli,2420,Indian River,2019,06-11
Indian 2,2019-06-11T00:00:00Z,e.coli,2420,Indian River,2019,06-11
Muddy 5,2019-09-26T00:00:00Z,e.coli,2420,Muddy Brook,2019,09-26
Pussy Willow 2.5,2019-06-17T00:00:00Z,e.coli,2420,Pussy Willow Brook,2019,06-17
Pussy Willow 3,2019-06-17T00:00:00Z,e.coli,2420,Pussy Willow Brook,2019,06-17
Muddy 2,2019-09-26T00:00:00Z,e.coli,2420,Muddy Brook,2019,09-26
Pussy Willow 2,2019-07-10T00:00:00Z,e.coli,2420,Pussy Willow Brook,2019,07-10
Muddy 6,2019-09-26T00:00:00Z,e.coli,2420,Muddy Brook,2019,09-26
Muddy 3,2019-08-20T00:00:00Z,e.coli,2420,Muddy Brook,2019,08-20
Muddy 6,2019-08-20T00:00:00Z,e.coli,2420,Muddy Brook,2019,08-20
Muddy 4,2019-08-20T00:00:00Z,e.coli,2420,Muddy Brook,2019,08-20
Muddy 1,2019-08-20T00:00:00Z,e.coli,2420,Muddy Brook,2019,08-20
Sasco 7,2019-08-20T00:00:00Z,e.coli,2420,Sasco Brook,2019,08-20
Saugatuck 0.5,2019-07-18T00:00:00Z,entero,1396,Saugatuck River,2019,07-18
Muddy 2,2019-08-20T00:00:00Z,e.coli,2420,Muddy Brook,2019,08-20
Sasco 6,2019-08-20T00:00:00Z,e.coli,2420,Sasco Brook,2019,08-20
Sasco 9,2019-08-20T00:00:00Z,e.coli,2420,Sasco Brook,2019,08-20
Saugatuck 1,2019-07-18T00:00:00Z,e.coli,2420,Saugatuck River,2019,07-18
West Saug 1,2019-07-18T00:00:00Z,e.coli,2420,Saugatuck River,2019,07-18
Saugatuck 0.25,2019-05-30T00:00:00Z,entero,1483,Saugatuck River,2019,05-30
Hunt Club 2,1995-07-28T00:00:00Z,e.coli,2442,Sasco Brook,1995,07-28
Sasco 4,1995-08-31T00:00:00Z,e.coli,2442,Sasco Brook,1995,08-31
Pussy Willow 2,1997-08-05T00:00:00Z,e.coli,2450,Pussy Willow Brook,1997,08-05
Muddy 6,2022-08-15T00:00:00Z,e.coli,2453,Muddy Brook,2022,08-15
Stony 2,2022-09-06T00:00:00Z,e.coli,2489,Stony Brook,2022,09-06
Muddy 3,2017-08-24T00:00:00Z,e.coli,2500,Muddy Brook,2017,08-24
Sasco 2,2018-09-27T00:00:00Z,e.coli,2500,Sasco Brook,2018,09-27
Pussy Willow 3,2006-07-12T00:00:00Z,e.coli,2500,Pussy Willow Brook,2006,07-12
Sasco 6,2003-09-16T00:00:00Z,e.coli,2500,Sasco Brook,2003,09-16
Hunt Club 5,2010-06-23T00:00:00Z,e.coli,2500,Sasco Brook,2010,06-23
Indian 3,2007-06-28T00:00:00Z,e.coli,2500,Indian River,2007,06-28
Sasco 1,2001-06-18T00:00:00Z,e.coli,2500,Sasco Brook,2001,06-18
Stony 1.5/drain,2019-07-24T00:00:00Z,e.coli,2014,Stony Brook,2019,07-24
Sasco 3,2001-08-16T00:00:00Z,e.coli,2500,Sasco Brook,2001,08-16
Sasco 1,2001-06-22T00:00:00Z,e.coli,2500,Sasco Brook,2001,06-22
Pussy Willow 2,2009-06-04T00:00:00Z,e.coli,2500,Pussy Willow Brook,2009,06-04
New 4,1997-06-24T00:00:00Z,e.coli,2505,Greens Farms Brook,1997,06-24
Hunt Club 2,1995-07-19T00:00:00Z,e.coli,2521,Sasco Brook,1995,07-19
Muddy 3,1999-06-29T00:00:00Z,e.coli,2521,Muddy Brook,1999,06-29
New 2,1999-08-10T00:00:00Z,e.coli,2521,Greens Farms Brook,1999,08-10
Sasco 4,2000-08-01T00:00:00Z,e.coli,2521,Sasco Brook,2000,08-01
Sasco 4,1999-05-20T00:00:00Z,e.coli,2536,Sasco Brook,1999,05-20
Sasco 4,1995-07-06T00:00:00Z,e.coli,2583,Sasco Brook,1995,07-06
Stony 1,2023-05-01T00:00:00Z,e.coli,1226,Stony Brook,2023,05-01
Stony 1,2023-05-01T00:00:00Z,entero,1597,Stony Brook,2023,05-01
Sasco 4,1997-08-08T00:00:00Z,e.coli,2599,Sasco Brook,1997,08-08
Deadman 3,2023-09-05T00:00:00Z,e.coli,2599,Deadman Brook,2023,09-05
Deadman 9,2021-08-23T00:00:00Z,e.coli,2599,Deadman Brook,2021,08-23
Deadman 3.5,2020-07-09T00:00:00Z,e.coli,2599,Deadman Brook,2020,07-09
Poplar 4,2016-09-27T00:00:00Z,e.coli,2600,Saugatuck River,2016,09-27
New 1.5,2023-08-17T00:00:00Z,entero,1607,Greens Farms Brook,2023,08-17
Sasco 4,2001-09-12T00:00:00Z,e.coli,2600,Sasco Brook,2001,09-12
New 1.5,2016-06-06T00:00:00Z,e.coli,2600,Greens Farms Brook,2016,06-06
Muddy 5,2018-07-25T00:00:00Z,e.coli,2600,Muddy Brook,2018,07-25
Hunt Club 2,1995-08-16T00:00:00Z,e.coli,2631,Sasco Brook,1995,08-16
New 1,1997-06-26T00:00:00Z,e.coli,2678,Greens Farms Brook,1997,06-26
Hunt Club 2,2001-05-25T00:00:00Z,e.coli,2700,Sasco Brook,2001,05-25
Stony 1,2022-06-08T00:00:00Z,e.coli,517,Stony Brook,2022,06-08
Stony 1,2022-06-08T00:00:00Z,entero,1658,Stony Brook,2022,06-08
Sasco 1,2018-09-27T00:00:00Z,e.coli,2700,Sasco Brook,2018,09-27
Lamplight 1,2012-07-18T00:00:00Z,e.coli,2700,Pussy Willow Brook,2012,07-18
Sasco 3,2001-08-13T00:00:00Z,e.coli,2700,Sasco Brook,2001,08-13
New 1,2023-08-17T00:00:00Z,entero,1664,Greens Farms Brook,2023,08-17
Hunt Club 2,1998-08-04T00:00:00Z,e.coli,2701,Sasco Brook,1998,08-04
Sasco 3,1999-05-20T00:00:00Z,e.coli,2725,Sasco Brook,1999,05-20
New 4,1998-07-17T00:00:00Z,e.coli,2756,Greens Farms Brook,1998,07-17
Sasco 3,2000-06-07T00:00:00Z,e.coli,2772,Sasco Brook,2000,06-07
Sasco 8,1996-07-08T00:00:00Z,e.coli,2780,Sasco Brook,1996,07-08
Hunt Club 2,2002-06-03T00:00:00Z,e.coli,2800,Sasco Brook,2002,06-03
Hunt Club 1,2014-08-14T00:00:00Z,e.coli,2800,Sasco Brook,2014,08-14
Muddy 1,2006-07-12T00:00:00Z,e.coli,2800,Muddy Brook,2006,07-12
Sasco 3,2001-07-12T00:00:00Z,e.coli,2800,Sasco Brook,2001,07-12
Pussy Willow 1,2006-07-12T00:00:00Z,e.coli,2800,Pussy Willow Brook,2006,07-12
Lamplight 1,2012-05-30T00:00:00Z,e.coli,2800,Pussy Willow Brook,2012,05-30
Deadman 9,2013-06-03T00:00:00Z,e.coli,2800,Deadman Brook,2013,06-03
Sasco 3,2001-06-22T00:00:00Z,e.coli,2800,Sasco Brook,2001,06-22
Muddy 3,2022-08-29T00:00:00Z,e.coli,2827,Muddy Brook,2022,08-29
Hunt Club 2,2000-07-19T00:00:00Z,e.coli,2834,Sasco Brook,2000,07-19
New 4,1997-06-25T00:00:00Z,e.coli,2834,Greens Farms Brook,1997,06-25
Pussy Willow 1,1998-07-31T00:00:00Z,e.coli,2834,Pussy Willow Brook,1998,07-31
Sasco 3,2001-05-17T00:00:00Z,e.coli,2860,Sasco Brook,2001,05-17
Muddy 6,2006-06-14T00:00:00Z,e.coli,2880,Muddy Brook,2006,06-14
Stony 1,2020-06-23T00:00:00Z,entero,1935,Stony Brook,2020,06-23
New 2,2012-05-22T00:00:00Z,e.coli,2900,Greens Farms Brook,2012,05-22
Pussy Willow 1,2013-06-14T00:00:00Z,e.coli,2900,Pussy Willow Brook,2013,06-14
Pussy Willow 5,2013-06-14T00:00:00Z,e.coli,2900,Pussy Willow Brook,2013,06-14
Indian 3,2006-07-06T00:00:00Z,e.coli,2900,Indian River,2006,07-06
Indian 3,2006-07-20T00:00:00Z,e.coli,2900,Indian River,2006,07-20
Poplar 2,2007-08-09T00:00:00Z,e.coli,2900,Saugatuck River,2007,08-09
Pussy Willow 1,2010-07-27T00:00:00Z,e.coli,2900,Pussy Willow Brook,2010,07-27
SG1,2005-09-15T00:00:00Z,e.coli,2900,Saugatuck River,2005,09-15
Deadman 3,2018-07-25T00:00:00Z,e.coli,2900,Deadman Brook,2018,07-25
Stony 1,2023-05-22T00:00:00Z,e.coli,1373,Stony Brook,2023,05-22
Stony 1,2023-05-22T00:00:00Z,entero,2014,Stony Brook,2023,05-22
Saugatuck 1,2007-09-13T00:00:00Z,e.coli,2900,Saugatuck River,2007,09-13
Lamplight 1,2008-06-09T00:00:00Z,e.coli,2900,Pussy Willow Brook,2008,06-09
Sasco 8,1996-06-18T00:00:00Z,e.coli,2913,Sasco Brook,1996,06-18
New 4,1999-06-30T00:00:00Z,e.coli,2944,Greens Farms Brook,1999,06-30
Sasco 3,1995-07-06T00:00:00Z,e.coli,2991,Sasco Brook,1995,07-06
Sasco 4,2022-08-01T00:00:00Z,e.coli,1034,Sasco Brook,2022,08-01
Sasco 4,2022-08-01T00:00:00Z,entero,2064,Sasco Brook,2022,08-01
Sasco 5,2011-05-19T00:00:00Z,e.coli,3000,Sasco Brook,2011,05-19
Deadman 10,2012-09-21T00:00:00Z,e.coli,3000,Deadman Brook,2012,09-21
Hunt Club 2,2004-09-21T00:00:00Z,e.coli,3000,Sasco Brook,2004,09-21
Sasco 4,2001-06-18T00:00:00Z,e.coli,3000,Sasco Brook,2001,06-18
Hunt Club 4,2016-08-10T00:00:00Z,e.coli,3000,Sasco Brook,2016,08-10
Sasco 4,2001-06-28T00:00:00Z,e.coli,3000,Sasco Brook,2001,06-28
Saugatuck 0.75,2019-07-18T00:00:00Z,entero,2143,Saugatuck River,2019,07-18
Sasco 4,2000-07-03T00:00:00Z,e.coli,3054,Sasco Brook,2000,07-03
Sasco 3,1995-07-19T00:00:00Z,e.coli,3070,Sasco Brook,1995,07-19
Sasco 2,2022-08-01T00:00:00Z,entero,2282,Sasco Brook,2022,08-01
Saugatuck 0.75,2019-05-30T00:00:00Z,entero,2382,Saugatuck River,2019,05-30
New 2,2006-05-16T00:00:00Z,e.coli,3100,Greens Farms Brook,2006,05-16
Deadman 1,2021-06-15T00:00:00Z,entero,2382,Deadman Brook,2021,06-15
Hunt Club 4,2016-08-22T00:00:00Z,e.coli,3100,Sasco Brook,2016,08-22
Saugatuck 0.5,2022-06-08T00:00:00Z,entero,2481,Saugatuck River,2022,06-08
Sasco 4,2014-07-28T00:00:00Z,e.coli,3100,Sasco Brook,2014,07-28
Pussy Willow 4,2019-09-25T00:00:00Z,e.coli,3106,Pussy Willow Brook,2019,09-25
Indian 3,2022-08-15T00:00:00Z,e.coli,3106,Indian River,2022,08-15
Stony 4,2020-09-02T00:00:00Z,e.coli,3106,Stony Brook,2020,09-02
Deadman 7.3,2020-07-23T00:00:00Z,e.coli,3106,Deadman Brook,2020,07-23
Muddy 6,2022-06-30T00:00:00Z,e.coli,3106,Muddy Brook,2022,06-30
Indian 2,2023-06-13T00:00:00Z,e.coli,3106,Indian River,2023,06-13
Stony 3,2023-06-13T00:00:00Z,e.coli,3106,Stony Brook,2023,06-13
Sasco 4,1995-09-23T00:00:00Z,e.coli,3148,Sasco Brook,1995,09-23
Hunt Club 5,2013-06-20T00:00:00Z,e.coli,3200,Sasco Brook,2013,06-20
Sasco 3,2001-09-06T00:00:00Z,e.coli,3200,Sasco Brook,2001,09-06
Sasco 3,2001-09-06T00:00:00Z,entero,290,Sasco Brook,2001,09-06
Sasco 4,2001-07-26T00:00:00Z,e.coli,3200,Sasco Brook,2001,07-26
Hunt Club 2,1995-08-03T00:00:00Z,e.coli,3227,Sasco Brook,1995,08-03
Sasco 1,2000-08-01T00:00:00Z,e.coli,3227,Sasco Brook,2000,08-01
Sasco 1,2000-08-01T00:00:00Z,entero,3900,Sasco Brook,2000,08-01
Hunt Club 2,2014-08-15T00:00:00Z,e.coli,3300,Sasco Brook,2014,08-15
Sasco 4,2023-07-05T00:00:00Z,e.coli,1842,Sasco Brook,2023,07-05
Sasco 4,2023-07-05T00:00:00Z,entero,2602,Sasco Brook,2023,07-05
Hunt Club 2,2013-08-07T00:00:00Z,e.coli,3300,Sasco Brook,2013,08-07
Pussy Willow 2,2010-07-27T00:00:00Z,e.coli,3300,Pussy Willow Brook,2010,07-27
Muddy 4,2018-07-25T00:00:00Z,e.coli,3300,Muddy Brook,2018,07-25
Sasco 4,1999-08-16T00:00:00Z,e.coli,3305,Sasco Brook,1999,08-16
Sasco 4,2000-06-07T00:00:00Z,e.coli,3383,Sasco Brook,2000,06-07
Sasco 7,2000-08-09T00:00:00Z,e.coli,3383,Sasco Brook,2000,08-09
Saugatuck 0.75,2022-09-06T00:00:00Z,entero,2612,Saugatuck River,2022,09-06
Hunt Club 2,2015-08-13T00:00:00Z,e.coli,3400,Sasco Brook,2015,08-13
Indian 1,2003-08-11T00:00:00Z,e.coli,3400,Indian River,2003,08-11
Sasco 9,1999-06-21T00:00:00Z,e.coli,3415,Sasco Brook,1999,06-21
New 2,1997-07-08T00:00:00Z,e.coli,3462,Greens Farms Brook,1997,07-08
Sasco 4,2021-05-04T00:00:00Z,e.coli,2240,Sasco Brook,2021,05-04
Sasco 4,2021-05-04T00:00:00Z,entero,2755,Sasco Brook,2021,05-04
Deadman 7,2023-05-02T00:00:00Z,e.coli,3466,Deadman Brook,2023,05-02
Deadman 4,2023-09-27T00:00:00Z,e.coli,3466,Deadman Brook,2023,09-27
Deadman 7,2021-06-15T00:00:00Z,e.coli,3466,Deadman Brook,2021,06-15
Deadman 1,2022-06-13T00:00:00Z,entero,2909,Deadman Brook,2022,06-13
Poplar 1.5,2009-06-09T00:00:00Z,e.coli,3500,Saugatuck River,2009,06-09
New 2,2012-09-19T00:00:00Z,e.coli,3500,Greens Farms Brook,2012,09-19
Sasco 4,1996-06-10T00:00:00Z,e.coli,3517,Sasco Brook,1996,06-10
Deadman 1,2023-07-05T00:00:00Z,entero,2987,Deadman Brook,2023,07-05
Sasco 4,2023-06-13T00:00:00Z,e.coli,1733,Sasco Brook,2023,06-13
Sasco 4,2023-06-13T00:00:00Z,entero,3076,Sasco Brook,2023,06-13
Muddy 1,2015-06-01T00:00:00Z,e.coli,3540,Muddy Brook,2015,06-01
Sasco 3,2023-06-13T00:00:00Z,e.coli,1986,Sasco Brook,2023,06-13
Sasco 3,2023-06-13T00:00:00Z,entero,3076,Sasco Brook,2023,06-13
New 4,2006-05-16T00:00:00Z,e.coli,3600,Greens Farms Brook,2006,05-16
Hunt Club 2,2003-09-10T00:00:00Z,e.coli,3600,Sasco Brook,2003,09-10
Muddy 4,2015-06-01T00:00:00Z,e.coli,3600,Muddy Brook,2015,06-01
Sasco 3,2001-07-26T00:00:00Z,e.coli,3600,Sasco Brook,2001,07-26
Saugatuck 0.5,2019-05-30T00:00:00Z,entero,3255,Saugatuck River,2019,05-30
Sasco 2,2021-05-04T00:00:00Z,entero,3255,Sasco Brook,2021,05-04
Deadman 1,2018-07-25T00:00:00Z,e.coli,3600,Deadman Brook,2018,07-25
Lamplight 1,2009-09-11T00:00:00Z,e.coli,3600,Pussy Willow Brook,2009,09-11
New 4,1997-07-11T00:00:00Z,e.coli,3619,Greens Farms Brook,1997,07-11
Poplar 3,2016-09-27T00:00:00Z,e.coli,3620,Saugatuck River,2016,09-27
Sasco 3,2002-08-13T00:00:00Z,e.coli,3640,Sasco Brook,2002,08-13
Sasco 4,2021-09-01T00:00:00Z,e.coli,1373,Sasco Brook,2021,09-01
Sasco 4,2021-09-01T00:00:00Z,entero,3255,Sasco Brook,2021,09-01
Indian 1,2022-05-17T00:00:00Z,e.coli,3683,Indian River,2022,05-17
Hunt Club 2,2000-06-29T00:00:00Z,e.coli,3697,Sasco Brook,2000,06-29
Pussy Willow 4,1998-07-14T00:00:00Z,e.coli,3697,Pussy Willow Brook,1998,07-14
Sasco 3,2001-06-18T00:00:00Z,e.coli,3700,Sasco Brook,2001,06-18
Muddy 3,2018-07-25T00:00:00Z,e.coli,3700,Muddy Brook,2018,07-25
Sasco 3,1999-08-16T00:00:00Z,e.coli,3776,Sasco Brook,1999,08-16
Deadman 3,2013-08-13T00:00:00Z,e.coli,3800,Deadman Brook,2013,08-13
Hunt Club 2,2011-08-18T00:00:00Z,e.coli,3800,Sasco Brook,2011,08-18
Stony 1.5,2020-07-21T00:00:00Z,entero,581,Stony Brook,2020,07-21
Stony 1.5,2020-07-21T00:00:00Z,e.coli,977,Stony Brook,2020,07-21
New 3,2012-05-29T00:00:00Z,e.coli,3800,Greens Farms Brook,2012,05-29
Sasco 4,1999-09-30T00:00:00Z,e.coli,3807,Sasco Brook,1999,09-30
New 2,1999-06-30T00:00:00Z,e.coli,3823,Greens Farms Brook,1999,06-30
Muddy 2,1998-07-29T00:00:00Z,e.coli,3854,Muddy Brook,1998,07-29
Deadman 1,2023-08-14T00:00:00Z,entero,3448,Deadman Brook,2023,08-14
Sasco 9,2001-06-24T00:00:00Z,e.coli,3900,Sasco Brook,2001,06-24
Sasco 3,2021-05-04T00:00:00Z,entero,3654,Sasco Brook,2021,05-04
Muddy 6,2006-06-28T00:00:00Z,e.coli,3900,Muddy Brook,2006,06-28
Deadman 0.5,2021-07-01T00:00:00Z,e.coli,1373,Deadman Brook,2021,07-01
Deadman 0.5,2021-07-01T00:00:00Z,entero,41,Deadman Brook,2021,07-01
Poplar 3,2016-07-26T00:00:00Z,e.coli,3900,Saugatuck River,2016,07-26
Sasco 9,2011-06-24T00:00:00Z,e.coli,3900,Sasco Brook,2011,06-24
Indian 1,2022-08-10T00:00:00Z,e.coli,3922,Indian River,2022,08-10
Sasco 9,1995-09-23T00:00:00Z,e.coli,3932,Sasco Brook,1995,09-23
Sasco 3,1995-07-13T00:00:00Z,e.coli,3932,Sasco Brook,1995,07-13
Sasco 3,1995-08-10T00:00:00Z,e.coli,3932,Sasco Brook,1995,08-10
Stony 1.5,2020-08-12T00:00:00Z,entero,771,Stony Brook,2020,08-12
Stony 1.5,2020-08-12T00:00:00Z,e.coli,381,Stony Brook,2020,08-12
Indian 3,2023-06-13T00:00:00Z,e.coli,3973,Indian River,2023,06-13
Deadman 3.5,2020-09-02T00:00:00Z,e.coli,3973,Deadman Brook,2020,09-02
Hunt Club 3,2001-06-24T00:00:00Z,e.coli,4000,Sasco Brook,2001,06-24
Sasco 4,2002-09-03T00:00:00Z,e.coli,4000,Sasco Brook,2002,09-03
Sasco 1,2021-05-04T00:00:00Z,entero,4106,Sasco Brook,2021,05-04
Sasco 1,2002-09-03T00:00:00Z,e.coli,4000,Sasco Brook,2002,09-03
Hunt Club 2,2005-07-27T00:00:00Z,e.coli,4000,Sasco Brook,2005,07-27
Stony 1,2020-06-11T00:00:00Z,entero,4106,Stony Brook,2020,06-11
Saugatuck 0.25,2022-09-06T00:00:00Z,entero,4106,Saugatuck River,2022,09-06
Hunt Club 3,2011-06-24T00:00:00Z,e.coli,4000,Sasco Brook,2011,06-24
Hunt Club 2,1997-06-17T00:00:00Z,e.coli,4089,Sasco Brook,1997,06-17
Sasco 3,1999-07-26T00:00:00Z,e.coli,4089,Sasco Brook,1999,07-26
Sasco 5,2011-06-10T00:00:00Z,e.coli,4100,Sasco Brook,2011,06-10
Sasco 3,2001-08-07T00:00:00Z,e.coli,4100,Sasco Brook,2001,08-07
Saugatuck 0.5,2022-09-06T00:00:00Z,entero,4106,Saugatuck River,2022,09-06
Indian 1.5,2022-07-19T00:00:00Z,e.coli,4106,Indian River,2022,07-19
Sasco 3,2023-07-05T00:00:00Z,e.coli,1540,Sasco Brook,2023,07-05
Sasco 3,2023-07-05T00:00:00Z,entero,4352,Sasco Brook,2023,07-05
Deadman 1,2022-06-02T00:00:00Z,entero,4611,Deadman Brook,2022,06-02
Sasco 8,2010-08-24T00:00:00Z,e.coli,4200,Sasco Brook,2010,08-24
Sasco 9,1996-07-13T00:00:00Z,e.coli,4230,Sasco Brook,1996,07-13
Muddy 4,1998-08-12T00:00:00Z,e.coli,4246,Muddy Brook,1998,08-12
Muddy 1,1999-07-20T00:00:00Z,e.coli,4246,Muddy Brook,1999,07-20
Sasco 6,2001-06-24T00:00:00Z,e.coli,4300,Sasco Brook,2001,06-24
Sasco 4,2001-07-12T00:00:00Z,e.coli,4300,Sasco Brook,2001,07-12
Saugatuck 0.25,2019-07-18T00:00:00Z,entero,5172,Saugatuck River,2019,07-18
New 2,1997-08-22T00:00:00Z,e.coli,4325,Greens Farms Brook,1997,08-22
Hunt Club 2,2010-06-23T00:00:00Z,e.coli,4400,Sasco Brook,2010,06-23
Hunt Club 1,2014-06-18T00:00:00Z,e.coli,4400,Sasco Brook,2014,06-18
Sasco 6,2003-08-02T00:00:00Z,e.coli,4400,Sasco Brook,2003,08-02
Hunt Club 2,2012-06-22T00:00:00Z,e.coli,4400,Sasco Brook,2012,06-22
Hunt Club 2,2000-08-01T00:00:00Z,e.coli,4403,Sasco Brook,2000,08-01
Stony 1.5 Downstream,2022-07-28T00:00:00Z,e.coli,54,Stony Brook,2022,07-28
Stony 1.5 Downstream,2022-07-28T00:00:00Z,entero,250,Stony Brook,2022,07-28
Stony 1,2022-07-12T00:00:00Z,e.coli,1076,Stony Brook,2022,07-12
Stony 1,2022-07-12T00:00:00Z,entero,295,Stony Brook,2022,07-12
Deadman 1,2021-07-01T00:00:00Z,e.coli,870,Deadman Brook,2021,07-01
Deadman 1,2021-07-01T00:00:00Z,entero,327,Deadman Brook,2021,07-01
Stony 1,2022-07-21T00:00:00Z,e.coli,602,Stony Brook,2022,07-21
Stony 1,2022-07-21T00:00:00Z,entero,384,Stony Brook,2022,07-21
Stony 1.5,2022-07-28T00:00:00Z,e.coli,66,Stony Brook,2022,07-28
Stony 1.5,2022-07-28T00:00:00Z,entero,399,Stony Brook,2022,07-28
Stony 1.5,2020-09-22T00:00:00Z,entero,663,Stony Brook,2020,09-22
Stony 1.5,2020-09-02T00:00:00Z,entero,3076,Stony Brook,2020,09-02
Stony 2,2022-07-21T00:00:00Z,e.coli,30,Stony Brook,2022,07-21
Stony 2,2022-07-12T00:00:00Z,e.coli,32,Stony Brook,2022,07-12
Stony 1.7,2022-07-21T00:00:00Z,e.coli,34,Stony Brook,2022,07-21
Stony 2,2021-08-25T00:00:00Z,e.coli,52,Stony Brook,2021,08-25
Stony 1.7,2022-07-12T00:00:00Z,e.coli,75,Stony Brook,2022,07-12
Stony 1.5,2022-07-21T00:00:00Z,e.coli,105,Stony Brook,2022,07-21
Stony 1.6,2022-07-21T00:00:00Z,e.coli,106,Stony Brook,2022,07-21
Stony 1.5 Downstream,2022-08-16T00:00:00Z,e.coli,120,Stony Brook,2022,08-16
Stony 2.5,2021-08-25T00:00:00Z,e.coli,121,Stony Brook,2021,08-25
Stony 1,2021-08-25T00:00:00Z,e.coli,161,Stony Brook,2021,08-25
Stony 1.6,2022-07-12T00:00:00Z,e.coli,186,Stony Brook,2022,07-12
Stony 1.5,2021-08-25T00:00:00Z,e.coli,428,Stony Brook,2021,08-25
Deadman 2,2021-07-01T00:00:00Z,e.coli,775,Deadman Brook,2021,07-01
Deadman 1.6,2021-07-01T00:00:00Z,e.coli,1034,Deadman Brook,2021,07-01
Stony 1.5,2022-07-12T00:00:00Z,e.coli,1095,Stony Brook,2022,07-12
Stony 1.5 Downstream,2022-07-12T00:00:00Z,e.coli,1298,Stony Brook,2022,07-12
Deadman 1,2022-08-30T00:00:00Z,entero,5172,Deadman Brook,2022,08-30
Sasco 2,2023-07-05T00:00:00Z,entero,5794,Sasco Brook,2023,07-05
Sasco 3,2022-08-01T00:00:00Z,e.coli,1961,Sasco Brook,2022,08-01
Sasco 3,2022-08-01T00:00:00Z,entero,6131,Sasco Brook,2022,08-01
Deadman 1,2023-07-17T00:00:00Z,entero,8164,Deadman Brook,2023,07-17
Sasco 1,2023-07-05T00:00:00Z,entero,8164,Sasco Brook,2023,07-05
Sasco 2,2022-06-09T00:00:00Z,entero,10112,Sasco Brook,2022,06-09
New 1,2023-06-13T00:00:00Z,entero,11199,Greens Farms Brook,2023,06-13
New 1.5,2023-06-13T00:00:00Z,entero,14136,Greens Farms Brook,2023,06-13
Sasco 1,2022-06-09T00:00:00Z,entero,14136,Sasco Brook,2022,06-09
Stony 1,2023-08-30T00:00:00Z,e.coli,4839,Stony Brook,2023,08-30
Stony 1,2023-08-30T00:00:00Z,entero,14136,Stony Brook,2023,08-30
Sasco 3,2019-08-20T00:00:00Z,entero,17329,Sasco Brook,2019,08-20
Sasco 2,2019-08-20T00:00:00Z,entero,17329,Sasco Brook,2019,08-20
Deadman 1,2022-07-18T00:00:00Z,entero,19863,Deadman Brook,2022,07-18
Stony 1,2022-09-06T00:00:00Z,e.coli,8164,Stony Brook,2022,09-06
Stony 1,2022-09-06T00:00:00Z,entero,19863,Stony Brook,2022,09-06
Sasco 1,2019-08-20T00:00:00Z,entero,19863,Sasco Brook,2019,08-20
Sasco 3,2021-09-01T00:00:00Z,e.coli,4839,Sasco Brook,2021,09-01
Sasco 3,2021-09-01T00:00:00Z,entero,24196,Sasco Brook,2021,09-01
Deadman 1,2021-05-04T00:00:00Z,entero,24196,Deadman Brook,2021,05-04
Sasco 3,2022-06-09T00:00:00Z,e.coli,4839,Sasco Brook,2022,06-09
Sasco 3,2022-06-09T00:00:00Z,entero,24196,Sasco Brook,2022,06-09
Sasco 4,2022-06-09T00:00:00Z,e.coli,2420,Sasco Brook,2022,06-09
Sasco 4,2022-06-09T00:00:00Z,entero,24196,Sasco Brook,2022,06-09
Deadman 1,2021-08-23T00:00:00Z,entero,24196,Deadman Brook,2021,08-23
Stony 1,2019-05-30T00:00:00Z,e.coli,2420,Stony Brook,2019,05-30
Deadman 1,2021-05-26T00:00:00Z,e.coli,187,Deadman Brook,2021,05-26
New 1,2019-06-12T00:00:00Z,e.coli,452,Greens Farms Brook,2019,06-12
Stony 1,2019-05-23T00:00:00Z,e.coli,101,Stony Brook,2019,05-23
Stony 1,2019-05-21T00:00:00Z,e.coli,107,Stony Brook,2019,05-21
Stony 1,2019-06-11T00:00:00Z,e.coli,275,Stony Brook,2019,06-11
Stony 1,2019-07-24T00:00:00Z,e.coli,259,Stony Brook,2019,07-24
Stony 1,2022-07-07T00:00:00Z,e.coli,770,Stony Brook,2022,07-07
Stony 1,2019-09-24T00:00:00Z,e.coli,1120,Stony Brook,2019,09-24
Stony 1,2019-07-16T00:00:00Z,e.coli,387,Stony Brook,2019,07-16
Hunt Club 2,2001-07-10T00:00:00Z,e.coli,4600,Sasco Brook,2001,07-10
Saugatuck 1,2022-09-06T00:00:00Z,e.coli,4611,Saugatuck River,2022,09-06
Indian 3,2022-07-19T00:00:00Z,e.coli,4611,Indian River,2022,07-19
Sasco 3,2002-09-03T00:00:00Z,e.coli,4700,Sasco Brook,2002,09-03
Hunt Club 2,1998-06-22T00:00:00Z,e.coli,4795,Sasco Brook,1998,06-22
Hunt Club 2,2000-08-07T00:00:00Z,e.coli,4795,Sasco Brook,2000,08-07
Muddy 0.5,2016-06-06T00:00:00Z,e.coli,4800,Muddy Brook,2016,06-06
Pussy Willow 1,2009-06-04T00:00:00Z,e.coli,4800,Pussy Willow Brook,2009,06-04
Sasco 8,2010-08-23T00:00:00Z,e.coli,4800,Sasco Brook,2010,08-23
Pussy Willow 4,2019-06-17T00:00:00Z,e.coli,4839,Pussy Willow Brook,2019,06-17
Pussy Willow 4,2019-08-28T00:00:00Z,e.coli,4839,Pussy Willow Brook,2019,08-28
Pussy Willow 2.5,2019-07-23T00:00:00Z,e.coli,4839,Pussy Willow Brook,2019,07-23
Pussy Willow 4,2019-07-23T00:00:00Z,e.coli,4839,Pussy Willow Brook,2019,07-23
Pussy Willow 2,2019-07-23T00:00:00Z,e.coli,4839,Pussy Willow Brook,2019,07-23
Pussy Willow 5,2019-07-23T00:00:00Z,e.coli,4839,Pussy Willow Brook,2019,07-23
Deadman 4,2021-05-04T00:00:00Z,e.coli,4839,Deadman Brook,2021,05-04
Deadman 8,2021-08-23T00:00:00Z,e.coli,4839,Deadman Brook,2021,08-23
Indian 1.5,2022-08-29T00:00:00Z,e.coli,4839,Indian River,2022,08-29
Hunt Club 2,2023-07-05T00:00:00Z,e.coli,4839,Sasco Brook,2023,07-05
Indian 1.5,2023-06-13T00:00:00Z,e.coli,4839,Indian River,2023,06-13
Deadman 7,2022-06-13T00:00:00Z,e.coli,4839,Deadman Brook,2022,06-13
Deadman 5,2022-06-13T00:00:00Z,e.coli,4839,Deadman Brook,2022,06-13
Indian 1,2023-06-13T00:00:00Z,e.coli,4839,Indian River,2023,06-13
Stony 5,2023-06-13T00:00:00Z,e.coli,4839,Stony Brook,2023,06-13
Hunt Club 2,2021-09-01T00:00:00Z,e.coli,4839,Sasco Brook,2021,09-01
Stony 4,2023-06-13T00:00:00Z,e.coli,4839,Stony Brook,2023,06-13
Muddy 6,2022-08-10T00:00:00Z,e.coli,4839,Muddy Brook,2022,08-10
Deadman 7.3,2020-09-02T00:00:00Z,e.coli,4839,Deadman Brook,2020,09-02
Stony 4,2020-08-19T00:00:00Z,e.coli,4839,Stony Brook,2020,08-19
Deadman 7.1,2020-09-02T00:00:00Z,e.coli,4839,Deadman Brook,2020,09-02
Deadman 3,2020-09-02T00:00:00Z,e.coli,4839,Deadman Brook,2020,09-02
Hunt Club 1,2023-07-05T00:00:00Z,e.coli,4839,Sasco Brook,2023,07-05
Stony 3,2020-08-19T00:00:00Z,e.coli,4839,Stony Brook,2020,08-19
Deadman 7,2021-08-23T00:00:00Z,e.coli,4839,Deadman Brook,2021,08-23
Deadman 5,2021-08-23T00:00:00Z,e.coli,4839,Deadman Brook,2021,08-23
Deadman 4,2021-08-23T00:00:00Z,e.coli,4839,Deadman Brook,2021,08-23
Deadman 3.5,2021-08-23T00:00:00Z,e.coli,4839,Deadman Brook,2021,08-23
Deadman 9,2023-07-05T00:00:00Z,e.coli,4839,Deadman Brook,2023,07-05
Deadman 3,2020-07-23T00:00:00Z,e.coli,4839,Deadman Brook,2020,07-23
Muddy 3,2015-06-01T00:00:00Z,e.coli,4840,Muddy Brook,2015,06-01
Sasco 3,2003-09-16T00:00:00Z,e.coli,4900,Sasco Brook,2003,09-16
Lamplight 1,2006-07-12T00:00:00Z,e.coli,4900,Pussy Willow Brook,2006,07-12
Hunt Club 2,1995-05-02T00:00:00Z,e.coli,4952,Sasco Brook,1995,05-02
Hunt Club 2,1998-06-24T00:00:00Z,e.coli,4952,Sasco Brook,1998,06-24
Hunt Club 2,2011-06-10T00:00:00Z,e.coli,5000,Sasco Brook,2011,06-10
Sasco 6,2011-06-10T00:00:00Z,e.coli,5000,Sasco Brook,2011,06-10
Hunt Club 4,2014-08-13T00:00:00Z,e.coli,5000,Sasco Brook,2014,08-13
Sasco 8,2015-08-12T00:00:00Z,e.coli,5000,Sasco Brook,2015,08-12
Sasco 4,2001-08-30T00:00:00Z,e.coli,5000,Sasco Brook,2001,08-30
New 1,2006-07-12T00:00:00Z,e.coli,5000,Greens Farms Brook,2006,07-12
Pussy Willow 4,2012-05-21T00:00:00Z,e.coli,5100,Pussy Willow Brook,2012,05-21
Muddy 1,2016-06-06T00:00:00Z,e.coli,5100,Muddy Brook,2016,06-06
Hunt Club 2,2013-08-21T00:00:00Z,e.coli,5100,Sasco Brook,2013,08-21
Sasco 4,2002-08-06T00:00:00Z,e.coli,5100,Sasco Brook,2002,08-06
Lamplight 1,2008-09-04T00:00:00Z,e.coli,5100,Pussy Willow Brook,2008,09-04
Sasco 4,1999-07-26T00:00:00Z,e.coli,5109,Sasco Brook,1999,07-26
Hunt Club 2,1997-06-16T00:00:00Z,e.coli,5187,Sasco Brook,1997,06-16
Hunt Club 2,2014-08-12T00:00:00Z,e.coli,5200,Sasco Brook,2014,08-12
Sasco 7,2015-06-19T00:00:00Z,e.coli,5200,Sasco Brook,2015,06-19
Indian 1,2003-08-01T00:00:00Z,e.coli,5200,Indian River,2003,08-01
Muddy 6,2006-07-19T00:00:00Z,e.coli,5200,Muddy Brook,2006,07-19
Sasco 3,1999-08-09T00:00:00Z,e.coli,5266,Sasco Brook,1999,08-09
Pussy Willow 1,1999-06-30T00:00:00Z,e.coli,5281,Pussy Willow Brook,1999,06-30
Hunt Club 2,2005-06-29T00:00:00Z,e.coli,5300,Sasco Brook,2005,06-29
Stony 1,2019-06-04T00:00:00Z,e.coli,81,Stony Brook,2019,06-04
Muddy 3,1998-08-11T00:00:00Z,e.coli,5423,Muddy Brook,1998,08-11
Indian 2,2022-07-19T00:00:00Z,e.coli,5475,Indian River,2022,07-19
New 4,1997-08-14T00:00:00Z,e.coli,5501,Greens Farms Brook,1997,08-14
New 4,1997-07-08T00:00:00Z,e.coli,5579,Greens Farms Brook,1997,07-08
Sasco 5,1999-09-30T00:00:00Z,e.coli,5595,Sasco Brook,1999,09-30
Muddy 3,2015-06-15T00:00:00Z,e.coli,5600,Muddy Brook,2015,06-15
Sasco 7,2010-08-23T00:00:00Z,e.coli,5700,Sasco Brook,2010,08-23
Sasco 7,2010-08-24T00:00:00Z,e.coli,5700,Sasco Brook,2010,08-24
Sasco 3,1998-08-18T00:00:00Z,e.coli,5736,Sasco Brook,1998,08-18
Deadman 7,2018-09-10T00:00:00Z,e.coli,5800,Deadman Brook,2018,09-10
Hunt Club 2,2005-09-21T00:00:00Z,e.coli,5800,Sasco Brook,2005,09-21
Lamplight 1,2010-07-22T00:00:00Z,e.coli,5800,Pussy Willow Brook,2010,07-22
Deadman 8,2013-06-03T00:00:00Z,e.coli,5900,Deadman Brook,2013,06-03
Hunt Club 4,2015-08-11T00:00:00Z,e.coli,6000,Sasco Brook,2015,08-11
Sasco 4,2002-08-13T00:00:00Z,e.coli,6000,Sasco Brook,2002,08-13
Pussy Willow 4,1998-08-25T00:00:00Z,e.coli,6050,Pussy Willow Brook,1998,08-25
Muddy 6,2022-07-19T00:00:00Z,e.coli,6131,Muddy Brook,2022,07-19
Muddy 6,2008-07-14T00:00:00Z,e.coli,6200,Muddy Brook,2008,07-14
New 4,1997-08-22T00:00:00Z,e.coli,6285,Greens Farms Brook,1997,08-22
Hunt Club 2,2002-07-08T00:00:00Z,e.coli,6300,Sasco Brook,2002,07-08
Sasco 3,2001-08-09T00:00:00Z,e.coli,6300,Sasco Brook,2001,08-09
Muddy 5,2022-07-19T00:00:00Z,e.coli,6488,Muddy Brook,2022,07-19
New 3,2012-05-22T00:00:00Z,e.coli,6500,Greens Farms Brook,2012,05-22
Hunt Club 2,2005-08-24T00:00:00Z,e.coli,6500,Sasco Brook,2005,08-24
Hunt Club 2,1995-05-06T00:00:00Z,e.coli,6678,Sasco Brook,1995,05-06
Indian 3,2017-05-25T00:00:00Z,e.coli,6700,Indian River,2017,05-25
Deadman 9,2012-09-21T00:00:00Z,e.coli,6800,Deadman Brook,2012,09-21
Muddy 3,2008-07-25T00:00:00Z,e.coli,6800,Muddy Brook,2008,07-25
Hunt Club 5,2012-05-25T00:00:00Z,e.coli,7000,Sasco Brook,2012,05-25
Hunt Club 3,2014-08-13T00:00:00Z,e.coli,7000,Sasco Brook,2014,08-13
Pussy Willow 5,2012-07-16T00:00:00Z,e.coli,7000,Pussy Willow Brook,2012,07-16
Hunt Club 1,2015-08-12T00:00:00Z,e.coli,7000,Sasco Brook,2015,08-12
Hunt Club 2,2006-06-26T00:00:00Z,e.coli,7000,Sasco Brook,2006,06-26
Sasco 8,2014-06-05T00:00:00Z,e.coli,7100,Sasco Brook,2014,06-05
Muddy 4,2008-07-08T00:00:00Z,e.coli,7100,Muddy Brook,2008,07-08
Hunt Club 4,2014-06-05T00:00:00Z,e.coli,7200,Sasco Brook,2014,06-05
Sasco 9,1996-07-08T00:00:00Z,e.coli,7211,Sasco Brook,1996,07-08
Muddy 4,2022-07-19T00:00:00Z,e.coli,7270,Muddy Brook,2022,07-19
New 1,2006-05-16T00:00:00Z,e.coli,7300,Greens Farms Brook,2006,05-16
Hunt Club 2,2001-08-21T00:00:00Z,e.coli,7300,Sasco Brook,2001,08-21
Hunt Club 2,1997-06-12T00:00:00Z,e.coli,7305,Sasco Brook,1997,06-12
Sasco 4,1999-08-02T00:00:00Z,e.coli,7383,Sasco Brook,1999,08-02
Sasco 4,2001-08-09T00:00:00Z,e.coli,7400,Sasco Brook,2001,08-09
Muddy 3,2018-09-10T00:00:00Z,e.coli,7500,Muddy Brook,2018,09-10
Hunt Club 2,1997-08-08T00:00:00Z,e.coli,7540,Sasco Brook,1997,08-08
Pussy Willow 4,2014-09-23T00:00:00Z,e.coli,7600,Pussy Willow Brook,2014,09-23
Hunt Club 2,2001-07-17T00:00:00Z,e.coli,7600,Sasco Brook,2001,07-17
Stony 5,2022-09-06T00:00:00Z,e.coli,7701,Stony Brook,2022,09-06
Sasco 1,2002-09-16T00:00:00Z,e.coli,7800,Sasco Brook,2002,09-16
Hunt Club 2,1995-08-02T00:00:00Z,e.coli,7854,Sasco Brook,1995,08-02
Pussy Willow 1,1998-06-30T00:00:00Z,e.coli,7854,Pussy Willow Brook,1998,06-30
Pussy Willow 2,1998-06-30T00:00:00Z,e.coli,7854,Pussy Willow Brook,1998,06-30
Hunt Club 2,2012-06-25T00:00:00Z,e.coli,7900,Sasco Brook,2012,06-25
Deadman 9,2022-07-18T00:00:00Z,e.coli,7945,Deadman Brook,2022,07-18
Hunt Club 5,2013-06-21T00:00:00Z,e.coli,8000,Sasco Brook,2013,06-21
Muddy 3,2012-06-13T00:00:00Z,e.coli,8000,Muddy Brook,2012,06-13
Pussy Willow 3,2012-07-16T00:00:00Z,e.coli,8000,Pussy Willow Brook,2012,07-16
Hunt Club 2,1997-09-11T00:00:00Z,e.coli,8089,Sasco Brook,1997,09-11
New 1,1997-07-02T00:00:00Z,e.coli,8325,Greens Farms Brook,1997,07-02
Indian 2,2017-05-25T00:00:00Z,e.coli,8600,Indian River,2017,05-25
Sasco 4,2001-08-01T00:00:00Z,e.coli,8600,Sasco Brook,2001,08-01
Hunt Club 2,1996-08-08T00:00:00Z,e.coli,8638,Sasco Brook,1996,08-08
Hunt Club 2,2000-07-10T00:00:00Z,e.coli,8638,Sasco Brook,2000,07-10
Stony 3,2018-09-25T00:00:00Z,e.coli,8700,Stony Brook,2018,09-25
Muddy 4,2008-07-22T00:00:00Z,e.coli,8700,Muddy Brook,2008,07-22
Hunt Club 2,2002-08-21T00:00:00Z,e.coli,8800,Sasco Brook,2002,08-21
Muddy 1,2015-06-15T00:00:00Z,e.coli,9000,Muddy Brook,2015,06-15
Sasco 8,2014-08-13T00:00:00Z,e.coli,9000,Sasco Brook,2014,08-13
Sasco 4,2003-09-16T00:00:00Z,e.coli,9000,Sasco Brook,2003,09-16
Pussy Willow 4,2012-07-16T00:00:00Z,e.coli,9000,Pussy Willow Brook,2012,07-16
Lamplight 1,2016-06-06T00:00:00Z,e.coli,9000,Pussy Willow Brook,2016,06-06
Sasco 2,1996-07-22T00:00:00Z,e.coli,9266,Sasco Brook,1996,07-22
Indian 1,2006-07-06T00:00:00Z,e.coli,9300,Indian River,2006,07-06
Muddy 4,1998-08-11T00:00:00Z,e.coli,9579,Muddy Brook,1998,08-11
Pussy Willow 4,1998-07-31T00:00:00Z,e.coli,9658,Pussy Willow Brook,1998,07-31
Deadman 2,2021-08-23T00:00:00Z,e.coli,9678,Deadman Brook,2021,08-23
Indian 1.5,2023-08-17T00:00:00Z,e.coli,9678,Indian River,2023,08-17
Deadman 2,2022-07-18T00:00:00Z,e.coli,9678,Deadman Brook,2022,07-18
Deadman 7,2022-07-18T00:00:00Z,e.coli,9678,Deadman Brook,2022,07-18
Deadman 3,2021-08-23T00:00:00Z,e.coli,9678,Deadman Brook,2021,08-23
Deadman 8,2022-07-18T00:00:00Z,e.coli,9678,Deadman Brook,2022,07-18
Deadman 4,2022-07-18T00:00:00Z,e.coli,9678,Deadman Brook,2022,07-18
Deadman 5,2022-07-18T00:00:00Z,e.coli,9678,Deadman Brook,2022,07-18
Deadman 3.5,2022-07-18T00:00:00Z,e.coli,9678,Deadman Brook,2022,07-18
Deadman 3,2022-07-18T00:00:00Z,e.coli,9678,Deadman Brook,2022,07-18
Deadman 9,2023-07-17T00:00:00Z,e.coli,9678,Deadman Brook,2023,07-17
Muddy 2,2022-07-19T00:00:00Z,e.coli,9804,Muddy Brook,2022,07-19
Sasco 4,1999-07-06T00:00:00Z,e.coli,9893,Sasco Brook,1999,07-06
Stony 5,2018-09-25T00:00:00Z,e.coli,10000,Stony Brook,2018,09-25
Sasco 7,2014-06-05T00:00:00Z,e.coli,10000,Sasco Brook,2014,06-05
Hunt Club 1,2014-06-05T00:00:00Z,e.coli,10000,Sasco Brook,2014,06-05
Hunt Club 3,2014-06-05T00:00:00Z,e.coli,10000,Sasco Brook,2014,06-05
Hunt Club 2,2014-06-05T00:00:00Z,e.coli,10000,Sasco Brook,2014,06-05
Hunt Club 5,2014-06-05T00:00:00Z,e.coli,10000,Sasco Brook,2014,06-05
Hunt Club 2,2012-08-21T00:00:00Z,e.coli,10000,Sasco Brook,2012,08-21
Hunt Club 5,2016-06-29T00:00:00Z,e.coli,10000,Sasco Brook,2016,06-29
Hunt Club 2,2003-08-23T00:00:00Z,e.coli,10000,Sasco Brook,2003,08-23
Muddy 4,2015-06-15T00:00:00Z,e.coli,10000,Muddy Brook,2015,06-15
Poplar 3,2016-07-05T00:00:00Z,e.coli,10000,Saugatuck River,2016,07-05
Poplar 3,2009-06-09T00:00:00Z,e.coli,10200,Saugatuck River,2009,06-09
Hunt Club 2,2006-06-21T00:00:00Z,e.coli,10200,Sasco Brook,2006,06-21
Sasco 4,1995-08-24T00:00:00Z,e.coli,10301,Sasco Brook,1995,08-24
Sasco 3,1995-08-02T00:00:00Z,e.coli,10521,Sasco Brook,1995,08-02
Hunt Club 2,1995-06-06T00:00:00Z,e.coli,10834,Sasco Brook,1995,06-06
Hunt Club 5,2013-06-18T00:00:00Z,e.coli,11000,Sasco Brook,2013,06-18
Hunt Club 2,2010-06-29T00:00:00Z,e.coli,11000,Sasco Brook,2010,06-29
Sasco 7,2010-06-29T00:00:00Z,e.coli,11000,Sasco Brook,2010,06-29
Sasco 7,2001-06-24T00:00:00Z,e.coli,11700,Sasco Brook,2001,06-24
Sasco 7,2011-06-24T00:00:00Z,e.coli,11700,Sasco Brook,2011,06-24
Lamplight 1,2008-07-23T00:00:00Z,e.coli,11800,Pussy Willow Brook,2008,07-23
Deadman 8,2012-09-28T00:00:00Z,e.coli,12000,Deadman Brook,2012,09-28
Lamplight 1,2006-09-13T00:00:00Z,e.coli,12000,Pussy Willow Brook,2006,09-13
Stony 1,2018-09-25T00:00:00Z,e.coli,12000,Stony Brook,2018,09-25
Sasco 5,2003-08-02T00:00:00Z,e.coli,12000,Sasco Brook,2003,08-02
Indian 3,2005-09-15T00:00:00Z,e.coli,12000,Indian River,2005,09-15
Hunt Club 5,2011-06-22T00:00:00Z,e.coli,12000,Sasco Brook,2011,06-22
Muddy 1,2022-07-19T00:00:00Z,e.coli,12033,Muddy Brook,2022,07-19
Indian 1,2022-07-19T00:00:00Z,e.coli,12033,Indian River,2022,07-19
Hunt Club 2,1998-08-11T00:00:00Z,e.coli,12089,Sasco Brook,1998,08-11
Sasco 7,2000-08-14T00:00:00Z,e.coli,12168,Sasco Brook,2000,08-14
Muddy 4,2008-09-25T00:00:00Z,e.coli,12200,Muddy Brook,2008,09-25
Sasco 4,1999-08-09T00:00:00Z,e.coli,12246,Sasco Brook,1999,08-09
Hunt Club 2,2010-08-21T00:00:00Z,e.coli,12300,Sasco Brook,2010,08-21
Pussy Willow 4,1998-08-19T00:00:00Z,e.coli,12952,Pussy Willow Brook,1998,08-19
Muddy 3,2022-07-19T00:00:00Z,e.coli,12996,Muddy Brook,2022,07-19
Muddy 4,2012-06-13T00:00:00Z,e.coli,13000,Muddy Brook,2012,06-13
Pussy Willow 2,2012-07-16T00:00:00Z,e.coli,13000,Pussy Willow Brook,2012,07-16
Lamplight 1,2012-08-15T00:00:00Z,e.coli,13000,Pussy Willow Brook,2012,08-15
Muddy 6,2008-08-06T00:00:00Z,e.coli,13000,Muddy Brook,2008,08-06
Hunt Club 2,2001-07-06T00:00:00Z,e.coli,13200,Sasco Brook,2001,07-06
Hunt Club 2,2004-07-26T00:00:00Z,e.coli,13300,Sasco Brook,2004,07-26
Deadman 4,2012-09-28T00:00:00Z,e.coli,14000,Deadman Brook,2012,09-28
Hunt Club 2,2006-06-22T00:00:00Z,e.coli,14000,Sasco Brook,2006,06-22
Pussy Willow 1,2012-07-16T00:00:00Z,e.coli,14000,Pussy Willow Brook,2012,07-16
Pussy Willow 4,1999-06-30T00:00:00Z,e.coli,14677,Pussy Willow Brook,1999,06-30
Pussy Willow 4,1998-08-10T00:00:00Z,e.coli,14913,Pussy Willow Brook,1998,08-10
Hunt Club 2,2004-08-09T00:00:00Z,e.coli,15000,Sasco Brook,2004,08-09
Indian 1,2005-09-15T00:00:00Z,e.coli,15000,Indian River,2005,09-15
Hunt Club 2,1997-06-19T00:00:00Z,e.coli,15697,Sasco Brook,1997,06-19
Hunt Club 2,1997-06-23T00:00:00Z,e.coli,15697,Sasco Brook,1997,06-23
Hunt Club 1,2001-06-24T00:00:00Z,e.coli,15700,Sasco Brook,2001,06-24
Hunt Club 1,2011-06-24T00:00:00Z,e.coli,15700,Sasco Brook,2011,06-24
Pussy Willow 5,2012-07-23T00:00:00Z,e.coli,16000,Pussy Willow Brook,2012,07-23
Sasco 8,2015-08-11T00:00:00Z,e.coli,17000,Sasco Brook,2015,08-11
Hunt Club 2,1997-06-18T00:00:00Z,e.coli,17266,Sasco Brook,1997,06-18
Pussy Willow 2,2006-06-28T00:00:00Z,e.coli,18000,Pussy Willow Brook,2006,06-28
Sasco 4,2014-08-04T00:00:00Z,e.coli,18000,Sasco Brook,2014,08-04
Hunt Club 2,1998-06-20T00:00:00Z,e.coli,18050,Sasco Brook,1998,06-20
Muddy 3,2014-09-25T00:00:00Z,e.coli,19000,Muddy Brook,2014,09-25
Muddy 4,2012-07-23T00:00:00Z,e.coli,19000,Muddy Brook,2012,07-23
Hunt Club 2,2005-08-10T00:00:00Z,e.coli,19500,Sasco Brook,2005,08-10
Stony 4,2022-09-06T00:00:00Z,e.coli,19863,Stony Brook,2022,09-06
Hunt Club 2,2015-06-19T00:00:00Z,e.coli,20000,Sasco Brook,2015,06-19
Pussy Willow 5,2012-09-28T00:00:00Z,e.coli,20000,Pussy Willow Brook,2012,09-28
Pussy Willow 4,2012-09-28T00:00:00Z,e.coli,20000,Pussy Willow Brook,2012,09-28
New 4,2006-06-28T00:00:00Z,e.coli,20000,Greens Farms Brook,2006,06-28
Hunt Club 5,2010-06-29T00:00:00Z,e.coli,20000,Sasco Brook,2010,06-29
Hunt Club 2,1995-06-27T00:00:00Z,e.coli,20403,Sasco Brook,1995,06-27
Hunt Club 2,2001-06-24T00:00:00Z,e.coli,21000,Sasco Brook,2001,06-24
Hunt Club 2,2011-06-24T00:00:00Z,e.coli,21000,Sasco Brook,2011,06-24
Hunt Club 2,2000-08-10T00:00:00Z,e.coli,21971,Sasco Brook,2000,08-10
Sasco 6,2004-05-03T00:00:00Z,e.coli,22000,Sasco Brook,2004,05-03
Hunt Club 5,2001-06-24T00:00:00Z,e.coli,22000,Sasco Brook,2001,06-24
Muddy 6,2006-07-12T00:00:00Z,e.coli,22000,Muddy Brook,2006,07-12
Sasco 1,2003-08-04T00:00:00Z,e.coli,22000,Sasco Brook,2003,08-04
Hunt Club 5,2011-06-24T00:00:00Z,e.coli,22000,Sasco Brook,2011,06-24
Hunt Club 3,2016-08-22T00:00:00Z,e.coli,22000,Sasco Brook,2016,08-22
Muddy 4,1998-08-18T00:00:00Z,e.coli,23226,Muddy Brook,1998,08-18
Deadman 7.2,2013-06-03T00:00:00Z,e.coli,24000,Deadman Brook,2013,06-03
New 2,2006-06-28T00:00:00Z,e.coli,24000,Greens Farms Brook,2006,06-28
Deadman 5,2013-06-03T00:00:00Z,e.coli,24000,Deadman Brook,2013,06-03
Pussy Willow 1,2006-06-28T00:00:00Z,e.coli,24000,Pussy Willow Brook,2006,06-28
Stony 3,2022-09-06T00:00:00Z,e.coli,24196,Stony Brook,2022,09-06
Indian 1,2022-06-16T00:00:00Z,e.coli,24196,Indian River,2022,06-16
Indian 1.5,2022-06-16T00:00:00Z,e.coli,24196,Indian River,2022,06-16
Indian 2,2022-06-16T00:00:00Z,e.coli,24196,Indian River,2022,06-16
Indian 3,2022-06-16T00:00:00Z,e.coli,24196,Indian River,2022,06-16
Deadman 4,2013-06-03T00:00:00Z,e.coli,25000,Deadman Brook,2013,06-03
Hunt Club 5,2010-06-25T00:00:00Z,e.coli,25000,Sasco Brook,2010,06-25
Muddy 3,2008-09-25T00:00:00Z,e.coli,25000,Muddy Brook,2008,09-25
Poplar 2,2005-09-15T00:00:00Z,e.coli,26000,Saugatuck River,2005,09-15
Sasco 7,1996-06-20T00:00:00Z,e.coli,26677,Sasco Brook,1996,06-20
Hunt Club 2,1997-07-10T00:00:00Z,e.coli,26677,Sasco Brook,1997,07-10
Hunt Club 2,2005-07-13T00:00:00Z,e.coli,27000,Sasco Brook,2005,07-13
Hunt Club 1,2015-06-19T00:00:00Z,e.coli,27000,Sasco Brook,2015,06-19
Lamplight 1,2012-06-13T00:00:00Z,e.coli,27000,Pussy Willow Brook,2012,06-13
Deadman 7,2013-06-03T00:00:00Z,e.coli,28000,Deadman Brook,2013,06-03
Deadman 3,2013-06-03T00:00:00Z,e.coli,28000,Deadman Brook,2013,06-03
Sasco 7,1996-06-10T00:00:00Z,e.coli,28716,Sasco Brook,1996,06-10
Sasco 3,2003-08-04T00:00:00Z,e.coli,29000,Sasco Brook,2003,08-04
Deadman 7,2012-09-28T00:00:00Z,e.coli,30000,Deadman Brook,2012,09-28
Deadman 5,2012-09-28T00:00:00Z,e.coli,30000,Deadman Brook,2012,09-28
Sasco 4,1995-09-22T00:00:00Z,e.coli,30599,Sasco Brook,1995,09-22
Hunt Club 2,1996-06-13T00:00:00Z,e.coli,31383,Sasco Brook,1996,06-13
Sasco 3,2002-08-20T00:00:00Z,e.coli,32000,Sasco Brook,2002,08-20
Hunt Club 2,2004-06-24T00:00:00Z,e.coli,32000,Sasco Brook,2004,06-24
Hunt Club 2,1999-07-01T00:00:00Z,e.coli,32952,Sasco Brook,1999,07-01
Deadman 2,2013-06-03T00:00:00Z,e.coli,33000,Deadman Brook,2013,06-03
Hunt Club 2,1997-09-18T00:00:00Z,e.coli,33736,Sasco Brook,1997,09-18
Hunt Club 2,1997-09-21T00:00:00Z,e.coli,33736,Sasco Brook,1997,09-21
Pussy Willow 3,2006-06-28T00:00:00Z,e.coli,35000,Pussy Willow Brook,2006,06-28
New 1,2006-06-28T00:00:00Z,e.coli,36000,Greens Farms Brook,2006,06-28
Sasco 3,2002-09-16T00:00:00Z,e.coli,37000,Sasco Brook,2002,09-16
Hunt Club 1,2010-08-23T00:00:00Z,e.coli,37000,Sasco Brook,2010,08-23
Hunt Club 1,2010-08-24T00:00:00Z,e.coli,37000,Sasco Brook,2010,08-24
Deadman 1,2013-06-03T00:00:00Z,e.coli,38000,Deadman Brook,2013,06-03
Hunt Club 2,1997-09-25T00:00:00Z,e.coli,40795,Sasco Brook,1997,09-25
Sasco 4,2002-09-16T00:00:00Z,e.coli,41000,Sasco Brook,2002,09-16
Lamplight 1,2006-06-28T00:00:00Z,e.coli,42000,Pussy Willow Brook,2006,06-28
Hunt Club 2,1996-06-20T00:00:00Z,e.coli,42363,Sasco Brook,1996,06-20
Hunt Club 5,2012-07-20T00:00:00Z,e.coli,42500,Sasco Brook,2012,07-20
Muddy 6,2006-06-26T00:00:00Z,e.coli,43000,Muddy Brook,2006,06-26
Sasco 7,1996-06-21T00:00:00Z,e.coli,43932,Sasco Brook,1996,06-21
Hunt Club 2,1996-07-23T00:00:00Z,e.coli,45500,Sasco Brook,1996,07-23
Sasco 9,1995-09-22T00:00:00Z,e.coli,47853,Sasco Brook,1995,09-22
Hunt Club 2,1997-07-17T00:00:00Z,e.coli,47853,Sasco Brook,1997,07-17
Poplar 2,2007-09-11T00:00:00Z,e.coli,50000,Saugatuck River,2007,09-11
Hunt Club 5,2012-06-25T00:00:00Z,e.coli,50000,Sasco Brook,2012,06-25
Muddy 1,2006-06-28T00:00:00Z,e.coli,53000,Muddy Brook,2006,06-28
Hunt Club 2,1996-06-06T00:00:00Z,e.coli,53343,Sasco Brook,1996,06-06
Hunt Club 2,2000-06-27T00:00:00Z,e.coli,54912,Sasco Brook,2000,06-27
Hunt Club 2,1996-08-01T00:00:00Z,e.coli,55696,Sasco Brook,1996,08-01
Hunt Club 2,2016-08-22T00:00:00Z,e.coli,58000,Sasco Brook,2016,08-22
Hunt Club 2,2002-09-16T00:00:00Z,e.coli,58000,Sasco Brook,2002,09-16
Hunt Club 2,2003-08-02T00:00:00Z,e.coli,60000,Sasco Brook,2003,08-02
West Saug 1,2005-09-15T00:00:00Z,e.coli,60000,Saugatuck River,2005,09-15
Sasco 7,1996-06-18T00:00:00Z,e.coli,62755,Sasco Brook,1996,06-18
Hunt Club 1,2010-06-29T00:00:00Z,e.coli,63000,Sasco Brook,2010,06-29
Lamplight 1,2010-07-14T00:00:00Z,e.coli,65000,Pussy Willow Brook,2010,07-14
Hunt Club 2,1996-06-19T00:00:00Z,e.coli,65892,Sasco Brook,1996,06-19
Sasco 7,2014-08-13T00:00:00Z,e.coli,66000,Sasco Brook,2014,08-13
Hunt Club 2,2006-06-30T00:00:00Z,e.coli,68000,Sasco Brook,2006,06-30
Hunt Club 2,2006-06-23T00:00:00Z,e.coli,69000,Sasco Brook,2006,06-23
Hunt Club 2,2000-06-20T00:00:00Z,e.coli,69029,Sasco Brook,2000,06-20
Sasco 7,1996-07-15T00:00:00Z,e.coli,70598,Sasco Brook,1996,07-15
Sasco 7,1996-07-08T00:00:00Z,e.coli,72167,Sasco Brook,1996,07-08
Hunt Club 2,1995-06-21T00:00:00Z,e.coli,78441,Sasco Brook,1995,06-21
Hunt Club 2,1996-07-18T00:00:00Z,e.coli,78441,Sasco Brook,1996,07-18
Hunt Club 5,2015-06-17T00:00:00Z,e.coli,80000,Sasco Brook,2015,06-17
Hunt Club 2,2001-07-26T00:00:00Z,e.coli,80000,Sasco Brook,2001,07-26
Hunt Club 2,1995-06-07T00:00:00Z,e.coli,83931,Sasco Brook,1995,06-07
Sasco 7,2015-08-11T00:00:00Z,e.coli,85000,Sasco Brook,2015,08-11
Hunt Club 2,1996-07-08T00:00:00Z,e.coli,94127,Sasco Brook,1996,07-08
Hunt Club 2,1996-06-22T00:00:00Z,e.coli,97264,Sasco Brook,1996,06-22
Hunt Club 2,2014-06-20T00:00:00Z,e.coli,100000,Sasco Brook,2014,06-20
Hunt Club 2,1996-06-18T00:00:00Z,e.coli,101970,Sasco Brook,1996,06-18
Hunt Club 2,1995-06-23T00:00:00Z,e.coli,109813,Sasco Brook,1995,06-23
Hunt Club 2,1996-06-21T00:00:00Z,e.coli,117656,Sasco Brook,1996,06-21
Hunt Club 2,1997-06-20T00:00:00Z,e.coli,130205,Sasco Brook,1997,06-20
Hunt Club 2,2001-06-20T00:00:00Z,e.coli,143000,Sasco Brook,2001,06-20
Hunt Club 2,1996-08-05T00:00:00Z,e.coli,157655,Sasco Brook,1996,08-05
Hunt Club 5,2015-06-19T00:00:00Z,e.coli,170000,Sasco Brook,2015,06-19
Hunt Club 2,2002-08-20T00:00:00Z,e.coli,180000,Sasco Brook,2002,08-20
Hunt Club 1,2016-08-22T00:00:00Z,e.coli,185000,Sasco Brook,2016,08-22
Hunt Club 2,2000-08-09T00:00:00Z,e.coli,196086,Sasco Brook,2000,08-09
Hunt Club 2,1999-06-24T00:00:00Z,e.coli,200792,Sasco Brook,1999,06-24
Hunt Club 2,1995-09-22T00:00:00Z,e.coli,243144,Sasco Brook,1995,09-22
Hunt Club 2,2004-05-03T00:00:00Z,e.coli,260000,Sasco Brook,2004,05-03
Hunt Club 5,2012-06-20T00:00:00Z,e.coli,270000,Sasco Brook,2012,06-20
Hunt Club 2,2014-08-13T00:00:00Z,e.coli,310000,Sasco Brook,2014,08-13
Hunt Club 1,2014-08-13T00:00:00Z,e.coli,330000,Sasco Brook,2014,08-13
Hunt Club 2,2000-06-23T00:00:00Z,e.coli,423533,Sasco Brook,2000,06-23
Hunt Club 2,1996-07-15T00:00:00Z,e.coli,449415,Sasco Brook,1996,07-15
Hunt Club 5,2014-08-13T00:00:00Z,e.coli,510000,Sasco Brook,2014,08-13
Hunt Club 2,1995-06-25T00:00:00Z,e.coli,627451,Sasco Brook,1995,06-25
Hunt Club 2,2001-06-22T00:00:00Z,e.coli,820000,Sasco Brook,2001,06-22
Hunt Club 5,2015-08-11T00:00:00Z,e.coli,840000,Sasco Brook,2015,08-11
Hunt Club 5,2014-06-20T00:00:00Z,e.coli,1000000,Sasco Brook,2014,06-20
Sasco 3,2014-08-28T00:00:00Z,e.coli,1000000,Sasco Brook,2014,08-28
Hunt Club 2,1995-06-22T00:00:00Z,e.coli,1145089,Sasco Brook,1995,06-22
Hunt Club 5,2012-06-22T00:00:00Z,e.coli,3600000,Sasco Brook,2012,06-22
Deadman 1,2020-05-06T00:00:00Z,entero,10,Deadman Brook,2020,05-06
Deadman 1,2020-05-21T00:00:00Z,entero,96,Deadman Brook,2020,05-21
Deadman 1,2020-06-02T00:00:00Z,entero,683,Deadman Brook,2020,06-02
Deadman 1,2020-09-24T00:00:00Z,entero,160,Deadman Brook,2020,09-24
Deadman 1,2020-06-25T00:00:00Z,entero,292,Deadman Brook,2020,06-25
Deadman 1,2020-07-09T00:00:00Z,entero,1376,Deadman Brook,2020,07-09
Deadman 1,2020-09-02T00:00:00Z,entero,12033,Deadman Brook,2020,09-02
Deadman 1,2020-08-24T00:00:00Z,entero,373,Deadman Brook,2020,08-24
Deadman 1,2020-08-12T00:00:00Z,entero,145,Deadman Brook,2020,08-12
Deadman 1,2020-07-23T00:00:00Z,entero,1576,Deadman Brook,2020,07-23
Sasco 1,2000-08-21T00:00:00Z,entero,8,Sasco Brook,2000,08-21
Indian 1,2022-08-15T00:00:00Z,entero,169,Indian River,2022,08-15
